HMF000816A	HMF000963B	HMF000528A	HMF003572A	HMF000923A	HMF001750A	HMF002072A	HMF001714A	HMF000585A	HMF001710A	HMF000175A	HMF003743A	HMF002910A	HMF001876A	HMF000963A	HMF002440A	HMF001264A	HMF001035A	HMF003687A	HMF000148A	HMF001889B	HMF002626A	HMF001321A	HMF001457A	HMF002685A	HMF000245A	HMF002992A	HMF003426A	HMF001759A	HMF002709A	HMF002507A	HMF001040A	HMF003304A	HMF001479A	HMF000339A	HMF001354A	HMF002793A	HMF002947A	HMF001139A	HMF002577A	HMF002275A	HMF000132A	HMF001827A	HMF000721A	HMF002007A	HMF002727A	HMF002826A	HMF001621A	HMF002229A	HMF001659B	HMF002695A	HMF002048A	HMF000412A	HMF002623A	HMF002294A	HMF000317A	HMF000068A	HMF001407A	HMF001230A	HMF003424A	HMF002705A	HMF001896A	HMF003076A	HMF000638A	HMF002229B	HMF001904A	HMF000358A	HMF003710A	HMF001561B	HMF001193A	HMF002929A	HMF001889A	HMF001561A	HMF000966A	HMF003271A	HMF001659A	HMF002349A	HMF002398B	HMF001952A	HMF002727B	HMF004173A
A[C>A]A	89	142	87	74	71	135	117	195	125	73	53	111	103	82	195	107	441	78	60	309	127	79	125	217	154	123	73	98	123	88	242	179	147	45	67	86	108	147	102	101	88	63	57	231	137	70	74	233	98	227	92	202	106	66	134	169	172	185	122	206	106	64	75	118	94	85	124	89	76	322	38	96	81	101	124	237	724	83	82	77	62
A[C>A]C	59	102	46	71	67	90	83	143	116	66	39	90	69	28	156	76	239	52	56	243	88	54	80	137	89	76	47	52	169	48	199	108	112	27	58	43	79	83	75	81	47	56	54	138	93	56	94	143	67	176	57	231	229	45	72	144	127	112	92	144	84	31	68	93	71	83	86	56	60	235	38	84	65	115	83	245	403	56	97	65	47
A[C>A]G	8	16	16	9	9	11	16	28	15	14	6	9	10	5	18	10	37	11	9	32	15	13	14	17	21	16	8	3	8	14	30	25	13	8	10	16	13	15	17	5	12	10	12	39	13	14	9	24	13	33	13	47	20	9	14	14	16	14	18	30	13	5	12	13	14	28	10	8	7	38	3	9	7	10	14	35	44	7	10	16	14
A[C>A]T	44	95	49	49	63	94	76	151	82	29	37	82	53	28	148	72	295	60	50	196	74	61	79	130	88	74	42	48	121	64	200	99	117	40	51	46	66	115	58	57	59	43	46	140	81	51	72	148	53	201	67	153	102	45	77	98	113	86	68	163	65	24	66	80	53	59	93	64	42	149	32	59	46	66	61	226	352	40	52	49	37
C[C>A]A	38	114	72	56	39	128	90	184	93	44	29	86	43	47	191	92	323	58	48	243	114	64	82	170	100	88	59	49	122	72	184	118	123	43	49	53	69	134	62	65	77	59	54	196	93	51	113	141	68	213	76	251	106	60	114	111	131	126	106	190	100	48	81	100	66	78	123	63	46	267	40	94	57	113	80	259	450	70	68	59	32
C[C>A]C	33	65	28	40	48	65	70	179	92	18	29	61	36	23	128	67	195	31	41	174	98	33	65	128	85	34	33	50	77	51	194	71	76	21	40	43	44	87	42	54	34	42	43	177	70	34	103	111	50	159	33	217	119	27	67	80	99	71	104	104	41	29	44	42	48	78	83	56	31	290	24	85	48	64	60	315	227	80	96	37	25
C[C>A]G	2	18	11	4	7	10	30	32	16	8	4	7	7	10	22	10	39	11	5	38	8	12	13	34	16	15	12	18	19	7	26	21	19	8	11	8	16	21	8	7	14	10	2	52	11	7	6	25	7	20	10	63	23	10	18	14	16	22	12	29	12	5	12	8	7	17	21	11	14	46	3	10	16	21	10	31	64	5	10	8	11
C[C>A]T	52	96	55	49	46	134	151	172	86	47	41	91	28	37	247	141	271	97	45	444	162	75	85	175	109	68	44	61	128	67	210	121	163	38	41	47	82	204	46	66	56	62	44	194	81	61	300	198	60	213	66	238	243	59	126	94	168	139	133	231	85	21	44	75	61	71	121	106	52	211	28	121	87	192	78	567	596	158	219	76	39
G[C>A]A	38	71	71	55	52	100	91	129	74	49	29	97	47	71	112	57	531	67	32	300	53	43	98	109	89	90	63	64	128	72	151	84	73	24	47	48	94	99	55	64	92	51	62	159	82	73	67	132	43	185	110	166	115	62	114	101	84	138	52	139	93	54	89	151	38	47	120	58	61	129	15	53	72	122	92	229	1118	50	85	59	26
G[C>A]C	22	63	37	60	29	47	61	98	67	26	18	31	27	17	116	59	174	30	25	270	72	25	49	80	55	47	32	33	83	47	124	61	40	27	28	36	49	40	26	44	43	37	44	126	55	33	113	117	37	101	33	178	234	28	53	71	78	83	63	82	83	29	22	42	41	44	67	28	40	151	25	59	58	102	39	184	374	64	106	41	34
G[C>A]G	7	20	10	15	6	6	14	11	19	7	5	19	7	7	24	11	40	7	10	28	8	12	23	15	21	9	15	14	11	5	26	12	13	5	9	2	11	15	11	8	10	11	11	43	10	7	5	19	7	20	14	44	22	5	21	13	23	20	7	30	8	7	15	10	8	16	12	12	8	31	9	5	7	13	12	26	68	22	13	7	5
G[C>A]T	30	57	51	37	31	85	75	113	82	32	40	65	42	43	92	61	350	56	28	195	52	45	45	96	79	66	37	42	54	46	139	80	61	24	34	31	76	81	31	56	81	46	38	119	63	35	53	105	35	166	68	102	73	48	90	72	88	109	45	127	63	31	56	107	35	45	100	64	40	127	19	32	44	77	64	182	665	34	36	40	23
T[C>A]A	49	111	96	64	66	142	111	241	166	84	47	105	46	62	187	165	569	88	66	257	93	75	100	227	102	92	69	88	84	81	265	159	136	52	95	72	160	171	86	99	99	97	93	235	115	68	63	256	178	304	88	199	165	131	161	153	159	188	92	335	98	45	96	127	182	161	179	100	72	222	34	86	96	159	107	314	828	68	94	63	52
T[C>A]C	42	104	69	50	59	77	79	182	102	57	34	99	46	58	161	81	341	57	48	225	84	73	122	142	97	74	60	56	126	72	207	135	109	39	59	56	97	110	63	65	64	75	116	177	80	53	68	172	96	243	83	195	152	96	99	130	109	127	72	163	87	35	72	88	95	92	112	54	67	214	38	86	84	114	81	262	514	78	81	59	39
T[C>A]G	3	18	10	9	10	18	11	29	18	15	5	22	14	11	25	11	62	11	9	41	8	11	21	28	19	13	13	13	13	9	29	12	10	11	12	13	20	24	9	11	10	10	13	40	11	6	9	33	21	20	16	37	22	18	27	25	13	27	10	31	16	5	11	14	20	22	20	18	4	25	9	10	6	19	18	24	113	12	13	6	6
T[C>A]T	76	164	156	62	91	264	163	311	196	150	88	164	53	119	299	261	942	159	121	606	132	114	152	310	144	152	101	136	182	118	302	238	226	71	113	85	167	298	80	124	188	160	119	259	162	104	130	360	143	385	193	262	260	144	238	205	309	297	105	522	149	97	133	214	139	188	366	158	127	233	44	87	170	302	214	415	1631	106	101	84	87
A[C>G]A	17	49	26	24	65	40	51	145	48	18	16	41	32	26	88	57	144	32	23	127	39	27	56	92	68	43	16	21	46	27	153	82	55	24	26	46	51	61	35	30	23	33	39	75	59	25	47	77	51	182	28	70	64	29	69	42	101	73	83	101	49	15	25	24	47	38	58	39	35	157	18	53	46	56	38	175	169	16	36	20	21
A[C>G]C	24	36	21	21	26	25	35	111	30	11	15	24	19	13	68	50	93	20	12	71	45	18	44	59	36	23	19	22	40	12	103	33	43	8	10	23	20	34	17	23	14	23	29	59	39	11	22	43	24	140	26	49	45	15	27	29	69	61	51	56	37	7	19	17	27	32	52	22	31	100	9	41	30	29	24	140	118	16	33	13	15
A[C>G]G	2	16	6	5	12	6	19	22	11	8	0	9	8	4	32	4	26	4	3	28	19	5	10	17	14	4	3	6	9	6	27	17	6	4	3	9	9	15	5	2	1	2	3	11	19	2	5	10	11	31	6	9	7	4	11	10	11	18	12	19	10	1	3	7	11	11	12	10	6	39	4	13	6	10	4	42	40	4	9	2	8
A[C>G]T	10	58	22	26	41	35	45	195	35	23	23	26	28	17	110	77	217	36	17	147	64	25	60	107	58	30	21	27	47	38	192	71	52	20	21	30	52	58	33	28	19	30	28	97	67	25	46	79	76	193	36	84	91	30	42	40	141	71	85	85	56	12	21	30	74	43	101	62	27	171	12	52	39	46	27	209	188	21	47	23	29
C[C>G]A	11	35	17	12	32	12	45	141	31	6	19	26	15	8	69	43	82	20	12	79	61	26	37	61	38	18	10	12	33	26	139	57	36	14	24	29	41	45	19	14	15	22	14	54	42	16	26	68	35	161	39	55	35	29	26	35	57	51	49	55	30	8	28	21	37	49	40	32	23	151	6	49	29	40	27	173	93	24	31	16	18
C[C>G]C	19	47	14	15	26	16	36	136	35	10	14	16	24	10	79	16	69	21	2	58	37	18	40	36	30	11	19	17	26	23	111	55	24	14	16	26	39	39	22	22	10	19	21	50	47	10	35	35	29	156	27	47	32	14	24	36	36	41	54	41	30	13	13	22	27	40	35	26	16	154	4	39	25	21	20	185	71	19	27	14	15
C[C>G]G	5	16	3	3	8	10	8	50	6	9	3	3	8	2	29	8	26	5	5	30	15	8	10	14	11	4	3	7	12	9	32	14	10	5	4	8	8	10	13	6	1	8	5	16	12	4	1	19	8	32	1	16	10	4	9	11	19	23	12	13	11	4	4	4	9	8	7	5	4	39	2	6	5	7	6	33	25	6	7	4	9
C[C>G]T	26	60	22	29	32	27	50	193	38	11	31	27	21	19	103	49	145	38	13	132	76	25	34	84	48	24	26	20	57	30	188	90	78	18	16	44	56	64	30	37	13	39	28	74	63	22	51	91	55	223	38	56	77	23	36	53	88	72	75	78	38	18	20	32	55	41	63	42	19	156	17	56	19	51	37	250	130	38	57	19	18
G[C>G]A	16	24	11	9	21	24	23	83	21	3	6	7	12	13	50	22	65	16	6	77	35	11	23	39	30	18	13	5	17	10	104	31	24	15	11	14	26	26	6	12	4	21	17	29	30	11	26	48	29	106	12	32	42	18	15	23	30	42	26	36	23	3	12	18	29	22	25	15	15	72	9	28	21	27	21	105	62	15	19	10	6
G[C>G]C	16	32	15	35	15	18	19	92	22	15	11	13	11	9	60	41	66	12	13	146	42	9	24	32	40	24	10	11	102	13	87	60	28	12	8	16	28	28	9	36	10	16	25	50	31	7	83	41	21	100	26	83	142	6	17	26	66	44	44	40	47	13	17	11	19	17	37	27	15	75	6	40	32	48	24	184	120	34	68	11	16
G[C>G]G	3	6	1	1	3	3	7	18	6	3	2	3	2	3	12	7	4	2	6	13	13	5	5	10	9	1	4	4	3	2	11	14	8	2	5	4	3	5	8	4	3	3	0	8	12	3	3	7	5	14	4	11	14	3	3	3	9	11	8	2	3	2	2	2	5	7	9	4	3	21	1	12	2	6	1	14	20	3	6	2	3
G[C>G]T	16	30	19	24	15	29	40	114	27	12	15	15	12	7	66	27	83	18	20	127	42	11	32	50	33	19	14	16	46	13	106	52	30	10	9	20	39	44	21	23	10	13	15	42	28	13	40	53	46	123	33	45	87	17	26	33	55	43	55	40	32	9	10	16	46	21	43	29	22	105	12	46	30	42	33	169	143	25	34	10	16
T[C>G]A	30	184	26	31	214	71	71	883	89	86	128	90	36	30	360	213	281	25	24	315	73	54	65	327	75	68	21	32	65	71	748	241	150	53	61	62	298	176	58	42	23	112	44	110	212	36	40	545	1202	778	43	129	417	565	94	64	256	200	106	285	73	24	32	30	1214	213	202	87	21	270	26	76	27	114	61	689	210	31	126	27	45
T[C>G]C	12	107	35	20	90	32	51	359	46	30	50	37	31	21	184	71	159	24	29	169	60	41	57	125	50	40	10	24	26	51	291	105	99	19	28	39	106	72	33	24	10	50	24	95	71	22	25	178	255	376	38	76	117	125	62	46	103	96	63	118	40	14	21	42	271	75	88	41	22	179	10	66	24	60	45	405	146	37	65	21	23
T[C>G]G	4	11	1	7	8	8	5	61	5	6	6	7	4	0	25	9	29	1	4	37	6	10	10	15	7	10	0	3	8	7	50	17	10	6	8	7	19	16	4	3	3	3	6	17	19	2	8	26	29	55	4	9	24	24	9	5	12	12	15	16	6	2	3	1	28	11	16	13	3	25	4	6	3	13	7	46	29	11	4	3	2
T[C>G]T	68	240	53	55	281	108	106	1080	162	119	154	160	48	52	469	316	533	73	66	506	156	100	156	498	124	131	52	64	116	118	989	328	260	86	86	105	432	247	97	113	39	130	80	221	256	55	112	796	1321	1041	92	244	483	647	163	119	462	316	216	476	137	39	88	58	1344	369	304	138	32	440	44	133	42	202	99	945	430	71	215	46	128
A[C>T]A	95	128	70	122	121	149	125	239	149	71	73	126	115	58	175	112	424	80	108	253	109	88	133	218	108	110	78	79	111	88	252	220	151	64	123	98	112	168	83	97	62	126	82	422	163	86	78	212	121	322	99	171	139	104	114	157	200	155	115	196	137	79	82	95	128	92	203	103	79	192	41	98	104	114	113	372	601	107	108	70	72
A[C>T]C	57	68	50	61	57	64	66	150	69	58	45	62	65	27	102	52	194	55	39	135	64	53	78	86	44	57	34	49	60	32	104	84	68	35	50	51	47	100	38	44	25	64	68	250	84	39	45	81	52	160	39	95	94	72	43	82	82	80	47	96	64	35	43	51	50	64	93	58	42	103	22	57	52	46	48	172	307	44	66	33	51
A[C>T]G	387	130	111	239	180	251	191	159	466	482	220	622	137	124	174	505	1470	120	275	281	115	199	238	281	141	466	176	257	400	163	500	547	391	182	466	141	373	278	125	315	104	703	176	162	305	147	109	672	206	481	202	413	426	245	138	199	686	217	146	675	174	101	146	134	219	195	288	186	168	153	202	89	196	231	277	464	814	112	145	127	356
A[C>T]T	61	115	55	92	80	99	83	197	105	55	53	74	75	32	157	84	318	65	75	230	90	76	96	142	103	81	52	51	68	60	193	145	110	55	86	62	109	140	74	64	40	109	56	177	121	54	43	157	54	285	57	127	100	111	75	106	126	121	79	145	90	50	65	54	56	83	138	99	41	176	43	83	48	83	77	310	488	56	63	45	47
C[C>T]A	73	121	61	101	138	100	101	265	117	73	81	90	87	39	189	92	320	75	84	201	97	64	127	172	98	84	65	69	110	55	146	172	98	46	73	109	106	138	58	76	43	95	79	418	135	60	147	200	103	297	66	232	157	97	97	126	132	158	71	170	120	49	65	65	111	88	155	93	82	194	38	89	104	87	110	361	510	63	140	54	60
C[C>T]C	57	89	47	116	90	92	176	169	85	54	60	73	76	44	212	73	227	55	52	186	192	55	95	117	71	77	46	40	166	56	122	116	80	27	60	83	69	91	59	63	46	66	92	332	124	49	823	210	63	208	59	259	289	65	75	124	95	102	178	135	139	44	57	59	70	78	114	83	50	168	34	390	185	178	90	426	509	215	1107	95	44
C[C>T]G	206	105	70	127	121	146	111	136	254	301	117	332	87	65	140	233	955	67	164	175	89	140	143	179	101	242	86	177	240	110	355	284	248	123	240	83	282	197	74	161	53	411	103	99	214	77	95	428	133	364	110	232	287	216	81	135	498	182	63	375	108	63	91	80	131	136	193	122	84	137	94	52	108	138	197	344	666	68	124	64	189
C[C>T]T	85	117	79	128	116	99	171	233	127	85	68	124	130	42	254	116	301	75	74	283	190	73	132	166	129	95	84	60	181	80	230	211	130	47	84	107	111	149	87	97	49	111	93	289	148	83	570	254	82	357	79	314	332	89	124	132	154	160	167	177	154	73	78	75	86	94	156	84	62	245	54	304	157	214	110	537	561	185	796	111	64
G[C>T]A	53	112	48	94	108	87	84	183	100	87	63	68	62	33	159	93	253	55	52	259	93	72	118	120	77	89	70	54	98	48	166	118	67	43	68	67	88	97	59	67	34	66	96	286	118	43	77	142	84	174	68	133	191	60	78	149	134	119	65	158	107	51	66	72	86	78	133	58	83	161	31	71	90	97	77	206	426	88	107	42	32
G[C>T]C	59	80	52	66	78	77	84	227	87	96	59	65	73	47	145	165	272	51	78	208	67	61	104	146	70	67	60	54	110	39	156	128	71	32	54	46	64	100	40	60	40	90	85	249	103	39	82	130	72	147	45	120	197	70	73	100	128	107	79	120	86	36	67	63	71	86	143	75	77	124	44	98	92	102	77	203	331	84	119	41	65
G[C>T]G	298	133	95	170	138	188	131	235	380	401	183	373	77	86	205	647	1340	87	289	223	87	153	178	280	107	374	134	184	271	137	408	406	316	126	305	78	300	245	72	217	92	456	137	156	314	66	83	531	207	491	126	335	396	146	80	187	592	241	96	517	127	93	104	129	218	148	286	151	167	136	123	58	190	177	234	467	871	95	138	59	273
G[C>T]T	64	86	59	69	62	73	80	191	100	76	50	72	70	46	122	135	253	43	83	191	87	59	101	130	78	92	58	55	88	50	160	132	84	27	55	62	82	106	53	61	43	85	86	183	94	47	70	132	84	223	63	140	165	69	73	89	152	99	57	152	98	54	60	65	90	70	155	86	68	135	38	62	73	82	78	217	381	53	78	44	60
T[C>T]A	168	257	109	160	1219	346	125	1236	249	244	242	346	127	73	377	313	488	90	114	681	204	174	254	729	132	193	76	77	129	120	739	1024	317	154	231	115	572	370	116	201	44	278	171	557	512	50	70	1130	1822	1453	114	387	473	633	192	163	281	466	128	495	209	76	103	93	1855	684	430	223	80	265	55	127	102	236	192	1525	592	124	202	46	165
T[C>T]C	121	146	87	128	301	120	121	418	182	132	130	178	140	63	195	185	408	88	90	353	140	100	208	301	101	128	81	74	139	79	284	384	193	60	144	95	186	217	74	130	50	191	165	477	256	71	120	454	345	688	90	219	274	160	115	174	202	227	109	241	144	74	92	91	355	226	212	121	80	184	52	119	104	137	137	787	537	118	185	67	102
T[C>T]G	173	74	61	106	118	139	86	218	200	255	132	264	63	49	111	286	644	67	160	168	56	109	113	172	80	193	63	142	164	85	255	287	196	82	231	81	234	148	55	116	43	298	75	95	174	64	54	432	311	354	85	216	259	179	75	115	351	175	70	336	77	48	84	77	321	131	225	103	86	95	83	43	114	117	154	337	423	69	71	57	160
T[C>T]T	159	227	101	155	682	236	144	687	200	174	174	268	143	80	321	229	534	101	116	540	186	153	258	478	121	189	72	73	161	105	533	727	280	106	207	136	376	324	123	156	52	233	158	367	348	69	104	775	780	1186	95	342	392	309	166	156	269	336	128	419	199	78	96	82	786	475	301	172	75	250	67	118	106	196	153	1253	760	96	183	65	148
A[T>A]A	39	72	41	23	31	51	63	121	70	51	32	57	52	15	97	68	179	36	31	126	56	36	72	99	62	39	28	60	53	35	136	81	67	29	26	45	41	64	43	55	34	48	45	157	74	34	83	104	46	142	56	116	84	43	67	68	73	93	49	112	42	22	39	56	46	64	96	50	66	226	31	57	85	52	53	191	187	40	45	32	43
A[T>A]C	49	53	43	22	40	45	45	86	56	33	37	36	37	11	95	57	94	44	25	115	35	42	55	55	54	32	24	31	72	29	80	48	33	19	31	36	36	52	43	39	33	42	53	69	65	28	48	91	34	86	37	84	123	20	56	52	43	43	32	97	53	30	35	50	34	29	78	43	33	109	27	31	35	52	42	116	195	19	50	29	27
A[T>A]G	35	63	51	21	46	39	43	80	56	20	33	31	46	19	87	44	118	38	27	83	45	34	42	63	56	40	28	34	40	26	102	51	47	21	43	36	31	39	35	55	26	30	35	128	63	44	33	91	26	116	36	79	35	25	56	57	62	39	65	67	54	14	43	30	26	46	59	40	16	167	14	48	24	45	41	141	121	21	32	45	23
A[T>A]T	73	103	84	48	76	143	103	152	112	98	55	127	56	29	190	165	354	77	73	269	82	67	89	175	91	68	43	73	109	69	175	142	119	49	66	58	85	169	75	99	51	86	75	168	139	33	87	146	75	249	66	137	188	37	109	108	150	178	81	254	77	46	62	62	71	86	130	102	100	190	37	68	124	142	87	296	586	73	56	40	48
C[T>A]A	20	42	17	26	21	24	25	103	25	12	17	37	19	11	98	38	116	12	11	123	46	26	22	42	55	29	11	22	135	30	90	49	42	9	13	21	25	35	26	28	12	23	22	122	37	19	139	109	23	130	20	118	121	10	35	28	42	30	33	69	55	17	9	16	21	27	57	24	22	364	19	33	28	68	23	205	132	32	41	26	18
C[T>A]C	28	38	19	23	25	48	31	138	33	23	24	21	26	11	81	42	188	17	28	119	55	29	34	77	60	30	13	34	115	42	135	59	47	17	27	29	50	47	34	34	22	24	31	110	50	18	105	97	23	134	25	143	131	11	40	42	70	42	43	76	40	16	23	29	26	31	77	36	18	166	11	39	20	65	42	233	654	49	75	25	19
C[T>A]G	22	58	29	28	15	44	43	144	38	17	24	36	18	13	115	40	169	21	16	154	61	21	42	47	67	28	20	39	163	21	116	74	44	18	24	25	37	59	34	46	15	35	19	175	52	21	179	123	35	142	22	168	129	20	39	51	63	52	48	73	72	29	30	20	31	24	48	30	13	287	15	54	16	80	37	279	292	49	75	37	17
C[T>A]T	43	76	38	43	34	78	63	195	63	17	47	59	33	15	161	58	381	30	30	187	81	28	57	103	99	41	20	28	190	50	223	130	85	17	33	33	67	88	48	72	18	39	33	183	124	27	273	145	43	289	37	189	319	23	74	70	106	53	66	138	104	17	23	29	45	44	155	42	17	315	15	67	24	105	41	469	1307	109	158	55	27
G[T>A]A	12	27	14	13	16	22	20	53	29	10	9	29	23	8	47	24	51	6	14	28	17	12	26	29	24	11	3	18	18	14	64	41	25	4	15	18	18	28	19	14	4	13	10	71	32	13	26	35	18	68	13	58	28	8	18	18	34	28	21	47	21	5	13	8	19	16	35	19	14	90	9	21	16	17	16	92	69	13	20	13	11
G[T>A]C	15	28	15	20	7	15	21	51	27	21	16	16	10	4	46	28	63	12	16	57	16	15	22	30	26	19	7	12	32	11	65	21	23	7	19	16	21	27	19	31	12	15	21	40	24	8	19	44	16	42	15	48	51	6	33	21	35	28	20	33	29	7	11	16	16	22	34	18	14	47	7	14	16	19	23	75	178	10	21	11	16
G[T>A]G	11	44	16	15	14	25	27	68	29	15	9	22	26	5	57	19	72	19	15	56	34	21	27	36	45	23	22	18	18	15	75	34	41	11	17	26	25	17	35	17	12	19	21	83	34	22	19	40	20	84	19	61	25	16	28	36	42	37	39	45	22	10	17	17	17	30	35	15	19	140	10	29	23	24	17	95	90	14	23	22	12
G[T>A]T	14	38	21	25	31	40	21	78	43	13	23	43	27	10	60	29	139	29	14	106	39	20	29	62	57	23	12	23	45	22	131	54	51	14	19	21	26	54	33	33	14	19	20	74	53	19	22	56	21	148	26	69	71	12	36	38	60	44	33	65	34	12	26	32	21	27	61	32	19	96	9	40	22	31	23	149	367	23	26	16	20
T[T>A]A	49	84	52	41	35	80	68	205	84	76	33	106	23	21	139	176	350	39	82	330	71	55	77	161	62	67	35	71	100	45	156	152	95	41	62	45	108	109	54	81	24	71	35	147	89	16	57	154	81	264	61	135	136	36	74	64	244	196	87	200	70	38	30	39	80	65	132	86	71	286	26	57	103	81	83	316	505	39	52	18	56
T[T>A]C	23	36	12	24	24	23	33	88	48	17	22	27	17	4	51	34	93	22	17	74	33	14	30	55	49	28	10	13	32	23	83	50	41	11	17	22	30	39	22	21	19	24	31	70	29	16	19	39	28	100	23	50	37	13	33	47	45	48	37	66	35	10	15	17	28	22	51	19	16	95	14	29	17	30	32	116	170	21	28	18	9
T[T>A]G	10	20	21	23	16	20	25	95	21	21	9	23	26	7	36	22	86	19	12	57	21	23	32	26	48	18	12	18	32	15	84	45	33	18	16	16	35	30	16	24	7	28	21	111	40	30	34	35	18	91	19	56	24	13	13	33	43	24	32	54	23	5	18	21	18	26	35	24	11	135	16	22	14	25	22	115	102	17	28	29	21
T[T>A]T	61	94	49	60	45	77	73	199	80	58	38	82	44	23	135	116	396	43	50	203	63	51	63	155	85	70	33	59	105	49	229	135	122	33	46	40	102	116	50	67	31	74	50	141	125	38	66	152	73	305	54	123	135	39	74	83	176	121	85	162	71	26	36	60	67	60	144	76	39	228	14	68	55	92	71	358	649	43	50	34	53
A[T>C]A	92	218	143	74	87	117	152	234	128	96	71	119	91	60	312	156	431	98	92	289	163	76	124	202	149	102	97	90	92	83	264	169	137	83	97	160	130	144	149	106	71	152	109	467	128	107	120	196	97	378	146	214	189	85	190	118	197	201	174	233	144	73	91	117	94	93	145	120	170	296	55	125	222	152	117	415	452	90	120	102	65
A[T>C]C	36	63	34	31	29	34	50	85	40	27	27	37	36	13	112	60	167	37	26	137	56	37	48	70	55	35	15	26	58	29	136	72	55	34	50	30	44	53	32	32	18	35	34	100	72	26	47	64	34	200	41	50	111	19	42	31	65	69	49	86	44	15	18	30	35	25	60	45	34	93	16	41	46	37	42	243	274	30	40	28	34
A[T>C]G	37	120	66	45	49	60	116	160	61	49	32	66	50	32	193	73	216	70	34	233	102	69	84	107	94	51	71	50	74	39	189	141	71	43	58	90	66	90	74	57	42	67	55	347	97	86	43	114	64	239	83	108	100	42	94	81	103	137	86	126	126	38	33	56	63	70	93	89	47	191	38	58	66	76	70	270	303	49	71	82	55
A[T>C]T	82	168	91	82	71	101	138	182	106	84	72	106	80	35	258	127	439	86	59	234	136	90	138	138	127	79	65	59	93	71	279	147	126	69	82	125	114	147	95	75	55	116	86	342	123	74	72	169	83	460	101	109	149	52	120	126	138	157	116	173	138	44	84	83	80	78	115	113	65	226	49	101	92	111	84	444	436	56	81	76	71
C[T>C]A	34	79	33	29	29	47	55	151	42	30	28	51	25	18	146	60	220	35	24	138	61	26	62	88	58	34	42	30	67	38	145	90	57	31	29	59	62	89	55	33	18	54	34	199	80	28	60	81	37	280	44	81	104	26	61	54	68	77	74	80	41	23	22	29	34	34	73	57	41	174	14	39	56	59	43	313	499	29	34	28	19
C[T>C]C	33	57	21	30	36	42	48	181	51	30	44	34	29	22	134	54	439	34	15	200	72	38	42	77	57	42	25	41	100	37	184	107	61	28	20	30	61	93	38	32	21	26	34	141	84	20	96	71	33	408	39	61	270	14	51	51	78	81	77	80	93	14	11	30	33	28	76	38	25	133	15	51	30	78	45	494	2029	32	75	20	21
C[T>C]G	33	72	37	40	29	54	58	193	46	34	37	39	31	17	134	51	361	33	26	183	72	44	51	94	59	48	34	30	76	24	161	99	53	26	21	52	62	76	46	41	26	41	47	219	74	32	70	85	34	314	46	77	190	18	60	52	62	87	63	83	67	19	29	19	32	42	72	46	32	166	24	63	47	65	35	393	1215	23	55	28	23
C[T>C]T	47	96	49	79	40	79	92	270	53	36	104	45	26	20	227	95	948	64	35	356	87	44	77	137	64	53	27	50	208	49	194	176	119	28	46	43	120	173	75	92	24	64	47	387	137	40	164	111	39	563	50	93	842	27	64	82	150	115	105	139	184	23	39	42	36	44	229	98	26	185	23	92	61	109	55	712	4746	53	92	38	30
G[T>C]A	55	110	52	34	38	53	74	134	64	55	32	47	36	20	173	96	221	51	39	124	56	46	59	90	73	58	26	50	52	32	150	82	68	44	37	71	75	67	61	49	32	65	65	202	76	43	67	101	44	286	65	87	91	48	81	59	109	95	61	127	79	41	31	56	45	45	65	56	122	169	35	61	157	75	82	312	278	55	49	38	41
G[T>C]C	29	65	31	39	33	33	33	71	39	30	39	31	17	9	107	93	151	30	20	95	45	38	30	70	22	41	27	24	72	25	105	69	38	21	23	33	49	44	25	27	8	48	28	104	65	23	84	69	31	238	42	57	171	24	39	32	70	45	48	73	57	18	18	25	34	32	48	35	35	94	20	25	44	70	43	276	520	39	74	23	26
G[T>C]G	30	58	32	28	25	35	49	124	38	26	27	43	42	17	121	63	183	34	22	120	53	51	45	72	48	46	25	31	51	14	119	82	43	32	27	45	64	55	30	32	25	35	46	188	52	37	31	71	38	222	46	50	89	26	59	40	70	85	55	83	50	16	34	23	40	34	27	45	49	141	17	42	61	56	45	243	472	24	44	36	27
G[T>C]T	61	131	44	63	39	63	70	112	61	74	54	44	49	22	172	99	297	69	43	151	77	52	62	108	77	76	35	40	57	52	162	118	66	29	51	59	65	82	63	56	39	72	62	228	108	37	64	75	52	329	65	82	160	44	92	63	110	94	81	138	81	36	44	65	50	59	83	58	80	198	26	61	94	74	62	328	586	55	63	37	45
T[T>C]A	57	98	63	44	56	49	82	218	77	47	48	60	55	28	150	110	300	52	42	147	68	55	69	130	75	67	40	53	65	38	209	116	62	49	49	55	124	101	65	45	27	63	51	253	91	53	65	125	58	359	50	106	108	41	90	48	127	112	81	147	69	27	45	60	56	59	126	60	116	145	38	59	147	71	68	343	348	40	57	51	35
T[T>C]C	45	62	45	35	39	57	44	123	61	43	25	50	24	23	116	109	262	46	33	197	55	47	62	98	53	47	23	32	71	44	156	99	64	30	43	32	66	88	38	28	34	49	50	122	125	23	59	89	52	335	37	69	165	23	48	54	127	91	61	106	53	26	22	39	48	41	97	69	64	111	25	44	82	72	57	377	564	32	58	13	32
T[T>C]G	29	56	36	18	26	34	55	122	40	23	24	35	16	19	102	47	169	29	24	110	42	41	30	61	56	32	24	36	51	18	110	78	27	25	34	39	65	55	32	24	23	38	35	153	49	21	32	61	35	178	29	64	70	18	47	42	61	60	41	93	49	18	19	29	34	33	38	34	29	91	19	33	39	56	50	180	305	17	40	20	19
T[T>C]T	57	91	72	71	61	85	104	188	77	56	55	77	44	38	173	124	388	55	57	251	70	73	66	159	74	65	44	42	116	38	240	123	80	38	61	66	128	130	67	67	36	79	73	228	118	44	70	107	65	378	75	116	184	43	104	69	214	172	89	163	94	48	55	51	62	73	133	93	94	180	35	72	127	97	85	437	976	49	71	40	66
A[T>G]A	17	37	24	17	16	22	23	65	27	12	16	20	23	11	75	48	158	26	9	66	21	17	29	44	20	26	20	16	29	17	71	33	33	15	16	14	39	34	23	36	14	33	21	56	31	7	29	43	28	160	17	45	47	12	36	30	58	46	39	83	36	15	13	28	27	18	42	35	56	64	10	21	75	25	19	148	123	21	36	7	28
A[T>G]C	6	16	7	11	11	5	9	30	7	10	6	11	3	3	28	15	77	6	5	29	19	10	16	29	10	8	5	4	13	6	31	34	14	7	10	7	16	15	11	14	8	10	10	40	16	7	10	17	11	43	10	15	33	5	5	12	14	23	12	27	23	4	4	8	11	14	14	16	13	23	4	12	16	24	8	80	183	4	12	6	6
A[T>G]G	10	35	13	12	18	15	28	66	22	7	9	15	12	8	56	21	71	7	12	76	30	16	28	41	24	16	11	11	29	25	82	41	35	12	15	17	21	31	23	24	9	21	7	57	29	12	28	42	17	104	17	34	36	18	19	22	29	26	37	46	36	8	11	18	16	11	30	22	9	67	6	23	13	29	14	132	112	14	25	13	9
A[T>G]T	25	57	21	52	13	42	26	148	20	21	63	30	15	7	96	40	648	26	19	141	33	21	36	98	32	23	14	24	67	17	92	91	48	16	20	20	57	76	24	39	17	32	33	126	70	23	22	56	36	210	25	30	201	18	37	35	60	55	38	63	78	20	13	12	36	34	92	55	21	66	14	28	30	50	21	341	1897	32	37	27	20
C[T>G]A	13	15	12	9	10	20	18	59	12	11	8	10	6	8	43	34	109	14	7	62	28	15	15	38	18	12	14	8	32	18	55	27	23	15	7	11	25	24	20	14	7	12	15	41	22	6	21	28	18	91	13	17	37	11	16	13	24	27	32	38	25	6	5	7	16	17	38	26	11	46	4	23	13	28	12	125	196	10	11	5	10
C[T>G]C	6	35	6	22	8	12	16	103	11	9	21	9	10	9	38	23	257	13	8	61	21	9	22	28	26	18	7	15	41	14	45	45	24	13	12	21	26	33	15	8	7	10	13	59	50	8	12	27	15	126	15	33	84	10	14	22	32	32	33	31	33	4	9	11	16	17	44	25	8	61	5	26	12	20	9	247	913	11	19	9	9
C[T>G]G	10	46	15	21	21	26	24	102	14	18	27	21	11	2	98	37	195	18	10	107	46	14	21	48	45	15	8	21	48	20	100	63	34	17	11	17	37	48	20	32	9	19	21	48	51	13	49	54	18	171	24	45	83	22	12	34	45	53	48	40	38	11	19	13	19	18	39	31	14	117	9	46	18	48	25	257	526	19	37	14	15
C[T>G]T	45	85	24	132	46	84	42	828	46	43	235	42	23	13	148	111	3455	32	37	411	57	25	52	264	38	39	21	45	281	40	247	356	141	21	38	24	184	314	52	43	7	44	29	475	411	23	36	89	42	955	35	27	1342	23	57	63	160	103	93	185	374	27	32	24	40	36	631	178	21	83	16	49	34	103	43	1555	10182	32	39	20	33
G[T>G]A	8	8	6	0	4	4	7	31	7	6	5	7	9	5	21	7	43	3	3	27	9	7	9	19	12	6	2	6	9	10	34	21	17	5	12	9	14	15	6	8	2	12	8	16	11	2	12	21	7	69	11	25	18	10	6	14	18	18	26	16	11	6	9	6	6	8	19	13	9	35	5	12	11	11	7	76	66	8	10	1	5
G[T>G]C	2	10	8	13	4	4	14	30	7	3	7	8	3	3	24	12	58	8	4	40	11	4	5	17	11	11	6	3	26	5	28	18	9	4	6	7	8	8	9	18	4	6	4	21	18	2	36	21	2	67	9	28	44	1	5	8	12	16	4	21	14	3	4	8	3	7	14	10	6	22	4	13	12	14	8	93	204	9	30	5	3
G[T>G]G	26	30	15	9	18	17	16	62	25	12	6	13	15	2	55	28	84	8	14	68	35	13	18	49	40	15	8	15	29	15	89	43	30	11	17	11	29	25	18	10	8	20	9	29	28	10	27	39	20	107	16	28	48	10	17	14	34	31	36	34	36	9	11	11	18	14	21	17	13	75	7	34	17	24	22	125	192	9	13	14	6
G[T>G]T	19	31	13	51	14	27	15	176	16	13	60	24	6	8	86	57	714	22	24	136	35	19	29	84	18	30	11	20	78	10	88	120	57	15	22	19	57	85	20	22	8	34	23	116	88	5	20	40	22	374	29	34	340	18	18	22	66	49	48	68	104	7	15	14	22	17	155	44	13	59	10	27	19	44	19	489	2770	16	34	6	21
T[T>G]A	14	48	21	20	18	16	30	115	31	8	15	27	22	4	82	47	195	30	17	97	28	11	16	54	40	27	14	21	32	19	99	58	35	22	17	16	46	42	34	40	11	23	25	83	32	15	46	48	39	201	22	41	56	25	39	36	60	48	42	93	38	10	14	24	40	29	65	44	23	81	13	34	35	54	33	179	205	24	33	16	24
T[T>G]C	14	28	12	19	13	17	16	60	13	12	13	13	14	8	60	25	142	8	9	58	32	20	21	50	30	18	9	11	28	9	49	35	25	11	6	20	26	31	16	18	11	21	18	34	34	6	13	35	22	91	18	19	47	14	15	27	30	32	28	44	26	7	10	12	23	15	29	16	13	45	7	21	13	28	16	145	226	11	26	5	17
T[T>G]G	18	44	14	12	18	22	36	98	29	13	13	29	25	10	85	41	135	15	18	106	34	16	23	46	35	32	14	11	50	23	100	56	50	13	24	22	38	33	25	25	14	34	20	55	39	18	36	58	19	154	28	34	69	17	21	35	67	48	47	45	34	10	9	13	19	19	27	38	13	108	16	34	19	35	30	184	253	16	26	20	21
T[T>G]T	42	116	46	148	34	76	78	328	70	53	116	74	35	21	232	136	1481	49	61	345	61	57	55	229	70	65	36	60	163	70	230	197	134	43	58	45	186	189	55	89	34	66	48	211	158	30	65	117	74	469	62	72	418	36	100	69	160	136	110	222	135	42	26	38	72	60	238	124	48	138	26	66	54	128	81	857	3192	41	81	26	44
