03c3c692-8a86-4843-85ae-e045f0fa6f88	748d3ff3-8699-4519-8e0f-26b6a0581bff	bbbc531a-dd41-40b7-ae59-e35508aea0c7	05070acd-3ec1-44bb-9c32-26d3a483a72a	ee8ba991-8c96-476e-b096-49f3aaaffc2f	ee5d5e7d-78cf-4a29-a9ee-56aa3da877dd	a2238b5f-0513-487a-9b1b-7bef85ebf336	7fcd8af9-4d73-4c97-95cc-b30b09f21bb2	8454fe53-869d-41c8-b0c8-a7929d00eec3	cafe9603-a804-48fb-9217-e2d1c3c346c5	b37d6283-6f95-4975-a794-f3d5c4bbc7b3	20d1b88b-3ff6-4201-a748-6a993500c652	4db9e471-0068-4ec6-9bcb-33ef5fdec33e	84a6ea88-eeb8-4060-a90c-e4abac013ad4	1447c8cb-25d4-4092-8919-4df08f898d2d	5b41e033-6df8-411e-a13b-59eeb8afbf9b	1e181878-c640-4e91-a620-3fc4b08a4de1	cfe0bf13-2ff4-4164-9b6a-cd3615bf3ddc	21b1a37f-e91e-4ce1-83cf-bb89b8d0fb35	2102558b-87b0-447b-bb9a-e4ae9df8b75e	3c86ba21-7b11-4ec7-9d20-a2325197c676	654dba9f-cfe5-4121-97c7-868613cdef53	1f81a1b0-8089-44ef-87b5-b3359a407ad2	68ba1105-569a-4209-9b45-0e2d64931806	33070975-0f35-4518-9ffb-4c6170c32534	7f42e118-aab6-438a-9e84-e7451fe12d7e	ec646623-6d33-4fbd-888e-89f55d82eb11	b47aa163-eec9-4225-940b-4373e78152e2	25cf7449-8c5b-403e-aa75-e2af158598e8	edac1323-2497-45e6-9148-e9c955292ba2	72a5e569-99d4-47bc-be1b-6296a5025080	b7008a98-5aa0-4cc9-9bee-af2a422266db	1a841850-fca0-48ab-8c78-db0bd5a64435	e56b0990-ff67-47c1-b9ad-87ef1d4aa2ae	3bfbc33d-804b-4bb3-97ac-97563d77b13d	33061bf5-9b99-4735-a810-f2d5eeef6873	7410c00d-ed0b-48dc-a4bf-eb76ac613980	f1d9124e-dfa2-415e-b8b8-dd872fd3e2cb	9c399826-087f-44b9-98c0-bd881646b0f4	b5dd0bc9-6c1c-4272-b920-744de37d0aee	0cf9bbc2-cbd5-4b64-8d90-cfa416307b39	12f038e1-00af-4c64-a2e0-9e63323492ef	f7702c0c-9636-4700-a8ae-7a58afd9fa71	53534b3c-cd15-4d68-a9b1-6902bb234c45	a5346247-3f30-470a-b4ab-732180786291	3e4d0e50-8cf4-4eb0-a00a-ccf0484ecc2f	75fac59c-3346-4c5a-bb9f-fb67fec8d13b	51458c86-0fdd-470e-b059-1ffbffc92a7f	f5bb7ae4-4bb4-4e87-b83c-bc8620584989	60aff7a0-4960-4ed1-922b-3233ccbfdba1	046d7386-95c8-4501-9e55-c85bec272a7a	aa4a868a-df23-4eef-a618-e945aa2ce98a	6bdf00f6-670f-466e-87fb-e853e41f000e	cf072bfe-3191-4a71-9e0b-decaa28365e1	9c857452-c81d-4b9e-87a8-5b41f4394f7c	02e5c36f-5bec-45e2-a048-875653b85ca1	9ebac79d-8b38-4469-837e-b834725fe6d5	bb8176a7-ea7c-42d7-a85a-cec1ca386f2e	1168944c-5451-4a18-8758-88bf5723bdd9	7ccb9a4d-6f48-41c2-a630-27fde8c67d60	7b318282-5df4-42bc-b1e0-0e4a66ba9204	dc856038-f5f7-4dfc-a0a4-3e3a6b8d160f	3b526846-72d6-4e10-b7cd-8cdb45a92a1c	e0aa815f-668a-4de9-bb32-3f215bb7f843	8d67c121-37d0-4fc0-a349-2c9452589d65	5255d645-d3d2-422e-8449-046cd21f4935	1ac54c6e-a1e4-4f3b-b4a5-cdb327e0dca6	a5d5c238-0447-47fa-9a81-3b823cbdcea6	7cb71498-6ada-43c6-912b-bad4f93cf580	a492a32b-bf2f-4f8c-b06e-794a4baa2fe7	0554ffe5-31f7-43f5-8372-2b73c9cf3527	1c9fbe26-1447-4335-aaab-06d6bb3e2741	d91f487e-0895-44ef-aeb1-a62bd576f8b0	ef3a0ccd-85bc-4e5f-a8c6-5a2e2d9e6717	0fbd94b1-bb34-4620-841b-861a0b5e0c12	4cbe411b-b05e-46bd-bea8-126289a0866c	78100212-65aa-4365-8b64-4b33f77732d5	71ef8379-03a0-4b81-92c9-1ba666fe4d7a	5f94cb62-4019-47ff-bf6a-eeda8e9e033c	a3edc9cc-f54a-4459-a5d0-097879c811e5	60e78c80-41a5-456a-9a81-9007d18fd72c	241abdfd-e6de-4830-a233-4bbc5f622725	2b6d4d66-7f0b-4bc0-b3d6-171956a937c5	88d5a8b2-daba-45ce-90bf-480fac85bf1d	9df57388-7de1-4c90-910e-ef63a246dff1	fa54205f-7e51-4e5a-9f0a-5e8a2e40235f	88bc38ba-ad1d-431e-a67e-0a5a23678386	e97ea3d7-9fcd-4df1-9ea8-587cb3be75ec	d4907a1b-8b06-47c5-8bca-c781d9cddaf8	90b3c237-29a4-48b3-90b3-9f2c0ccb5928	f4e926fd-006e-4c85-b71c-1433c325acb0	fbea74b5-b1a8-4767-af7c-e179ce8da071	ecfe388a-99f5-44b9-9226-a6ae6d892538	079bcb09-a075-4313-9a3e-dd67734a8c5d	8282283d-247a-431d-9421-0fcc52f0a897	b8270565-9e02-4d46-9534-08206bfd027a	d8de6de6-4cfe-4239-9ebd-3437aa65efb2	54195db3-94a9-4538-8bb8-9953d936acd4	bbdd7393-024b-4073-b5bc-ef7a68c15b8a	2fdfb06c-0d2f-4e1d-9756-bcb08a7f90af	e4c8c7f0-5bac-4d59-91c4-c98207150548	31c75873-abb4-4d88-9e2f-07497a6c892d	b04624d2-d8f8-4b51-be1b-72c73d8055f9	7ef9fd9b-d349-4ec3-ab4d-1a1d11c0204b	c15a51cc-4fdc-4343-a410-13ddc238dac8	72f82fbd-9838-4082-b605-bc3d80226f16	7981bbf3-dceb-4d89-900c-555967e97921	441d2f21-b448-4fc8-8c54-9b85aca56237	da1ed4b9-f428-48aa-834d-1d9673999044	fa9a3247-a465-4fdf-bb64-5afaa83a5d76	ded2689b-8e37-480c-b37c-acc538e54ddf	3fb8f017-576f-4901-b8bf-3a58e5d43de3	29a00d78-b9bb-4c6b-b142-d5b8bfa63455	33bcd589-80db-4a58-8f83-a48cb60e0fda	2bd9ccca-3fae-4b66-a762-6f30d6276222	02c97e2b-914e-4afc-bf50-78f0cfbfa67b	f94c4f69-8119-4eaf-97c1-5106890c14d4	efc39172-083c-4297-b922-3f58df781332	569ff1b4-de87-4309-8484-80549aaf9485	91b6fd6b-547a-47e4-8ecb-a6f1826ccfd3	2c48eefe-2a08-47bf-8e4d-cbaab6777150	96cca60e-17dc-44c3-90f7-1b57b0e08e5f	1b0fe1d5-b286-4f49-ae92-94d9c6db9657	4652ae03-b096-42d0-bdfa-3f6281d4f023	2e43e0ca-54ea-482e-acf2-0048d9187a5c	7266ec7b-4824-4b88-910e-e9bfb848d55f	bbff7954-95ec-455c-b0bc-92f67a09ee77	cba4de91-cce7-4edc-8450-d0a52c959586	81bc7f0c-865d-4801-a935-2ab04170df53	53e6a756-bdcc-4217-afe7-27d776159544	1a0ef226-41a5-4b56-9078-4b7834f0c976	fdbd0277-ddbf-4cc5-8ec3-3644b9553627	c9e7c629-7b57-4ede-b315-0cea8c97c48e	cc7af465-22ed-485d-a78c-282b840bf7c9	5650dc4e-8bce-4716-9199-cd5750d7a888	0b29c893-03bf-4131-b192-c14a2788d411	5187e77d-f412-4303-8049-11d1aa1a0235	f283ed80-8302-4f26-99ed-ea20d101289d	6b20f942-7b89-497c-8a2e-ccce74d20ca9	1327bbd4-a466-4e26-905f-cf91315f1cc8	40378b7a-a65d-4510-aaba-a34c4058fac7	52f43b72-15ea-40a0-a3b4-4bf22bc0bf25	170ad241-9e24-469b-b7ca-3fd783a89b21	631ab9d0-5400-400c-b0bc-c3e576bcfe06	c741fb12-8160-43a7-bc70-2c545ea0031d	b80ca528-2c5f-400c-8df3-9c47869a64c2	28f41a20-b6d6-4ecc-888f-72f779ad9af7	b5cabba2-30a4-458e-897c-00ec3fefa6d2	2b3837b3-ee29-4a08-848e-1206404da986	e5193d7e-e8b7-4098-bf98-8b3a62781d13	6867811f-ac89-47da-b5dc-1270033c36e7	2564a262-03e8-467b-9ea2-f3ab38d75ae1	9ffe694e-b488-489e-bdbe-0800e505eec4	fe96d91c-3686-4125-af71-b8703a011ad4	3fba4880-cb7b-4ac5-ab5f-728614faa1ea	4c027164-12de-456f-b933-6bc91f70b46f	66290cc6-1f1f-4a0b-83d1-423952da4840	644c669b-937b-4adc-81b9-6a1811cba9da	c13fb736-614c-4d5f-83bf-2d7586f4fb53	0972bfcf-c6c6-48cc-b820-cdfa6279a4f3	7f5fd36f-6e30-45ca-92a5-d8a8a8ee1bc2	96ba50eb-3c12-41ad-ac7b-d23b2001fe44	46e166fe-3b20-49ad-98db-42c854c61c93	42f00950-09c9-461a-8423-d5b04a96af10	b54b9433-ec10-4cb5-a860-4555da64917b	78103d9b-0b8a-431e-bb58-5c99fbea12e4	4aa7eabc-0419-4897-b7af-5dcccfd6ac2f	8c233a11-3b2e-4273-bbe1-b5a5f5a351d5	ac02c38e-5fca-4995-b0cc-39b6189976a3	73058c80-607e-4b55-b112-8f8f6775d014	e7048a93-a1ed-4cdc-a1ab-fa507408ca77	75cd90ef-e884-4812-bbf3-5a524d95147e	efacd7d6-56cf-4f6a-87f0-1a7ab6b1a643	6ad44218-d34e-4126-bf56-1be2140cd3fb	b710b214-5666-4054-97ef-3b9ac2bd90ac	a7a56d67-1bd7-4d69-9237-34c2d261261b	d333b55b-8bac-4a99-9d23-3cc0c25057bf	7d7fff91-3f69-4123-b514-140ed3d9cd66	2bf5b018-9f19-4fbd-9e1f-7d958aabe5d1	6297aa77-37a0-4f46-987b-32bd8653c0c2	183b04f5-107f-496c-8e9a-8263dd00cffa	25c32aca-6738-43ef-a103-243f2f9a3b43	01b0848c-ae36-4ade-a3da-d297b003c99f	af9cfac8-7fbe-49cb-aeca-8d68aea57994	3ed783cf-2248-44a1-a2a2-d6b6519b91ef	c3679262-63d7-463e-9501-6ab3f177aee8	a3210fd0-344c-468e-8ff2-2d0869a2fb75	94652d14-2e4d-4f4a-a4f7-8df77df788c0	9078333d-73d3-496a-9fc3-a94353b7e107	09e1fe3e-bfd8-4175-ac42-0e1bf0ba5523	9011cf17-0783-4f9d-b355-4f0fc1a2e78b	f4e673a9-5b85-46e7-bcac-2ce6e1026896	ffe4bb51-e98a-41a7-a4e1-c3970386889c	97c46ede-b280-4344-8dbb-e860c6472239	e1df938f-1f23-4291-98ef-13db6debb796	8be6b14d-286a-471b-a282-ab98bc6050c3	89195d56-1ef2-41df-b200-9f18e38f574a	230f53ef-be3f-495e-9b95-b0f670bd6908	cb4608a7-6aec-4cba-b20f-489e214c9dbd	7ccee959-1e87-4a39-b6b3-840ddcb94995	ca284012-bd06-47a3-8a9d-c6b185d87d85	ef002c3d-358f-4fc0-98f3-2f8b89de4374	1776f326-b12f-4355-8107-80fa6fcd2159	65d2dbc3-a163-4696-b246-47a430e66572	95cc9620-7686-4805-a96c-cf8e659847c3	32fa6457-c8bd-4d26-8106-925baf13df68	e7603fc8-9b73-4c17-86f9-46ca1bceeb1d	5d9ff58c-5702-48fc-a66a-d1276327fd49	4a4e0397-8702-46ef-aaa8-3980f03a40bf	7c43c006-d917-4915-b304-65995b6c0d46	bcef0b6c-6584-4090-9d28-ef784a7e5fbb	09cb8bc5-13ac-44ac-9b7d-6de143373570	e6eda5db-4d4f-418e-b0d4-ed9b3e5259d3	39c6c3b3-4683-4d11-984c-ed589188da65	c0523251-3ac2-4292-bb00-9ae9ea9009f6	6fc0cb07-9713-4355-8543-f85d1c5505c2	f4ada7a2-c4ac-4f89-ada7-4645861002cb	db2a1df8-487d-4dad-a347-5c5ed539d5ad	39d38c06-3779-4ca4-b103-1d096f93dae8	d1804679-e728-4597-ac69-49554c087b9e	4a88981e-e409-440f-9bf0-71ca1bab8b4e	0fc63b79-7fff-441d-88fc-922d53c787ab	129459c1-38be-45da-bb87-18848c97c544	228fb827-c05e-494c-8a21-e1d925e100cb	d05ea63c-86a3-463a-a790-2edaa74b4da7	70dd8453-11d3-4105-a8d0-6a755c52495d	3933c60d-73d6-4f74-ae02-fd545fc1f092	7d04f401-3505-410c-8def-0348ecd8aae2	4c4aa1b1-fda3-4c5b-b588-68aa727500ad	1c28e44a-6e6c-44ed-b58a-e3262c0e6759	754d26af-f184-497c-856a-cd1ea7a5115c	d5796835-d6cd-427e-a398-5fbef88b0648	368e592d-260c-4f58-81c4-a9f1e6177a4b
A[C>A]A	186	70	27	58	102	69	113	77	123	152	43	42	64	189	69	116	104	81	105	95	85	156	64	83	99	65	145	74	81	83	101	182	118	138	40	48	102	54	85	28	171	143	93	185	84	53	58	67	87	51	75	190	62	94	66	80	181	47	249	113	37	90	179	93	67	94	48	139	162	78	137	66	161	107	108	66	195	55	68	60	88	127	61	78	81	48	46	136	127	93	114	52	54	146	160	54	48	333	311	71	195	170	75	32	58	227	129	73	78	59	60	35	75	51	83	73	63	69	29	53	45	69	75	164	110	89	107	49	227	59	79	102	87	70	57	201	286	72	109	73	110	56	96	50	119	68	96	82	101	111	61	80	72	102	72	85	59	55	105	157	90	196	90	101	145	370	270	60	166	124	66	76	60	69	83	163	53	47	263	70	224	61	729	192	242	88	65	54	60	107	69	77	49	115	76	78	85	24	54	181	146	114	86	106	112	69	81	222	36	93	74	120	51	160	73	225	149	77	67	90	69	103	163	87	245	77	137	92	87	75	102	72	133
A[C>A]C	195	44	24	37	84	51	54	64	140	131	37	28	53	110	52	96	88	88	50	61	44	104	53	81	75	66	79	61	63	68	91	140	115	97	47	46	95	50	73	31	164	106	89	156	57	31	75	44	77	62	48	164	41	58	53	67	143	45	221	116	39	76	176	75	69	70	43	85	184	67	80	51	88	60	82	71	125	63	36	50	89	108	39	42	47	53	40	66	93	80	70	33	60	124	143	42	36	223	235	37	149	131	55	44	32	194	60	50	64	36	45	31	50	52	57	50	49	60	18	39	53	52	60	121	110	65	74	41	208	59	68	77	49	45	54	110	276	58	86	56	85	46	95	38	70	56	94	70	58	131	65	57	55	101	78	109	53	32	64	117	53	174	59	68	127	314	183	33	130	73	58	63	54	64	71	109	45	35	242	51	159	47	633	145	163	66	55	51	58	87	57	66	38	86	65	69	54	10	69	173	149	79	62	73	63	53	58	169	1	59	60	82	51	113	74	164	150	54	62	71	62	88	94	73	75	37	87	62	78	57	63	50	83
A[C>A]G	19	3	5	3	8	7	9	8	14	17	2	8	11	26	8	7	18	15	9	11	4	10	12	8	12	3	15	8	20	16	7	11	10	26	3	5	11	6	10	2	20	17	8	23	3	6	1	7	9	5	4	25	11	8	6	10	25	5	25	16	9	11	25	7	12	10	6	16	31	8	12	11	13	9	13	8	15	9	10	2	13	11	6	8	4	6	6	11	14	14	9	6	7	18	16	6	8	30	40	7	19	12	4	2	5	18	14	6	8	2	8	3	4	8	10	4	8	10	4	9	6	8	8	12	11	6	6	5	28	7	14	8	11	5	6	14	20	13	12	12	6	9	21	7	24	8	10	15	10	12	5	13	10	12	8	10	11	4	9	16	5	18	6	11	12	46	36	5	15	20	10	10	8	3	9	9	4	2	74	9	14	13	61	27	22	10	7	5	6	3	10	11	3	12	13	5	9	0	7	21	18	17	7	9	10	9	3	8	2	9	8	5	9	14	9	27	16	10	12	10	6	8	13	4	15	10	9	11	12	13	19	7	11
A[C>A]T	204	33	18	48	83	41	48	81	86	123	29	22	49	127	42	75	97	61	43	68	47	72	46	75	58	51	59	52	68	55	68	100	72	91	27	29	89	26	62	15	134	106	56	135	56	23	41	47	59	34	44	195	34	66	45	48	139	33	220	79	27	58	147	72	48	94	26	82	169	53	70	50	88	53	66	41	172	39	32	37	53	94	50	58	34	24	32	90	62	61	68	28	53	98	95	45	23	190	215	52	141	128	43	24	30	203	71	40	63	38	40	25	39	22	49	40	41	50	26	19	20	32	38	144	75	66	71	27	189	41	67	54	71	37	53	140	232	41	66	49	72	38	46	40	90	42	65	70	58	108	35	76	40	78	54	66	44	38	57	106	54	139	36	70	131	603	187	39	106	105	46	50	50	39	57	107	36	27	231	36	124	54	621	143	158	42	52	30	44	52	59	52	42	67	45	49	33	7	42	166	119	67	55	68	49	39	44	159	5	46	48	93	51	105	39	161	129	50	34	59	47	64	99	58	77	44	99	61	57	47	60	45	76
C[C>A]A	197	53	30	43	75	50	74	67	137	129	34	30	56	171	48	73	100	82	58	74	48	89	34	69	77	47	112	44	61	46	65	107	100	113	40	27	84	25	68	21	137	102	63	152	73	32	35	46	66	43	66	156	47	60	48	53	181	40	219	84	29	73	182	60	47	94	35	97	192	44	111	51	136	93	79	63	122	51	36	67	46	101	51	50	38	49	27	107	61	71	85	24	43	93	140	50	21	284	234	44	183	127	57	23	38	191	99	51	49	35	31	30	55	31	65	32	68	43	23	26	34	45	51	117	103	69	74	29	227	52	63	65	67	42	27	156	283	59	63	51	78	59	78	35	93	47	54	54	79	100	42	86	41	93	56	53	57	22	56	105	46	126	47	74	101	874	196	44	143	116	52	70	59	42	72	111	38	36	217	55	151	67	611	147	204	68	47	38	60	71	63	66	26	68	46	56	58	19	47	180	142	82	53	75	103	59	55	271	4	43	54	75	57	88	56	201	140	70	51	61	33	71	116	61	86	37	95	53	67	46	50	59	77
C[C>A]C	144	22	22	36	49	46	26	48	99	79	26	30	34	160	26	58	98	37	42	75	33	49	35	34	43	33	56	32	48	43	52	75	56	80	24	23	67	19	48	22	120	79	40	120	46	16	32	25	45	21	29	126	32	48	26	42	141	21	207	70	30	27	167	39	26	54	18	60	176	47	56	38	77	62	56	40	91	34	33	35	32	69	33	48	40	19	26	54	56	50	45	15	37	73	115	19	22	195	209	36	130	80	39	16	12	166	55	44	52	21	30	16	33	28	35	26	39	43	13	15	27	35	31	87	64	46	53	24	202	38	59	46	55	26	31	103	256	38	29	24	59	29	55	25	56	27	56	42	42	67	30	51	37	67	42	55	23	34	43	65	29	115	25	51	78	918	148	30	110	84	32	38	35	33	46	99	29	21	186	42	88	31	543	106	156	46	40	20	29	30	39	38	23	52	29	36	33	6	33	153	107	57	34	52	44	38	30	151	1	36	36	58	36	88	38	126	113	50	28	49	31	35	76	57	42	25	68	49	39	36	42	27	64
C[C>A]G	23	9	1	12	4	8	10	6	22	22	6	5	7	15	9	4	10	12	5	14	12	10	3	9	8	11	19	11	14	4	7	17	13	9	9	5	10	3	8	3	19	16	7	13	8	7	6	9	6	7	6	27	8	9	8	4	14	7	37	11	2	6	20	9	5	12	5	16	36	10	14	9	30	10	14	10	15	7	5	4	4	20	1	12	8	4	12	9	12	14	12	2	8	9	20	5	6	41	31	10	23	9	6	1	2	21	17	7	12	8	5	6	10	8	9	2	14	9	2	3	8	12	5	10	19	12	7	5	38	14	8	10	11	5	5	28	22	3	14	7	10	8	10	7	21	10	10	16	8	14	6	18	6	18	9	8	5	5	5	11	5	24	5	8	20	177	29	7	21	14	8	8	16	6	8	13	5	4	58	9	30	12	65	16	31	6	7	6	10	9	18	12	11	5	10	6	10	0	12	21	13	14	7	14	13	11	4	28	1	5	9	11	6	16	17	23	15	18	5	8	5	10	20	3	13	9	4	3	14	7	7	9	11
C[C>A]T	260	38	21	50	79	41	67	49	135	177	35	29	64	188	48	99	97	55	54	118	48	65	29	65	64	41	114	62	57	43	72	124	95	157	64	35	71	36	80	14	122	99	64	144	61	20	32	32	62	26	40	190	82	72	45	59	188	31	202	90	26	46	161	78	49	61	53	118	214	56	116	47	155	103	74	73	143	40	39	75	46	119	44	59	41	27	28	89	53	56	86	23	50	81	115	27	25	278	186	29	186	154	34	23	29	227	117	80	59	37	45	32	55	30	75	43	100	49	19	23	32	35	43	106	150	64	57	25	255	47	50	69	38	36	23	170	273	48	61	87	90	46	71	24	76	43	43	70	50	104	37	113	56	95	68	49	31	35	53	89	50	141	48	58	123	3049	167	50	216	104	52	59	69	39	73	111	29	42	232	48	150	70	678	130	174	67	52	30	41	61	57	76	32	56	55	57	66	21	44	150	144	81	39	103	58	73	36	246	2	41	46	63	38	136	44	433	159	68	66	55	39	91	133	51	60	55	66	59	69	44	51	89	50
G[C>A]A	113	30	22	40	100	34	70	59	103	121	30	62	50	106	72	66	72	97	128	65	51	90	32	84	78	43	129	54	59	43	93	110	83	88	50	36	77	24	77	22	181	64	75	112	51	36	27	27	66	36	38	90	38	58	45	62	105	27	109	112	28	67	96	60	65	61	38	84	100	61	144	58	152	81	83	53	178	54	56	72	52	89	31	52	50	41	27	135	80	74	74	44	45	101	92	35	31	156	146	49	126	107	58	41	31	160	96	50	71	64	36	25	100	41	77	38	48	35	19	35	31	35	69	127	81	51	88	31	142	57	82	55	73	44	42	225	155	50	100	48	96	44	74	33	100	54	63	55	84	90	37	90	33	128	72	63	53	41	51	112	74	132	52	64	89	247	175	42	186	65	52	54	64	49	45	85	62	46	213	55	160	49	336	118	149	83	50	43	52	94	61	49	36	59	62	50	67	13	36	98	72	64	50	57	205	37	45	183	2	50	73	123	40	86	78	124	82	72	41	64	44	68	177	67	99	50	50	75	66	32	65	55	74
G[C>A]C	116	32	15	19	49	35	27	28	80	62	23	14	36	103	32	48	64	42	40	48	25	46	35	36	33	22	46	36	28	28	50	79	53	48	28	14	45	18	45	20	100	49	42	107	26	25	30	29	43	25	22	101	27	38	25	26	85	21	123	69	18	32	92	31	30	51	28	58	98	31	53	34	69	49	47	36	79	28	28	34	45	70	19	46	28	30	14	43	46	43	24	18	29	68	89	18	22	137	146	22	80	69	22	16	12	94	35	35	31	17	20	19	43	22	24	22	32	40	6	24	21	36	20	83	39	45	38	14	144	41	36	41	41	26	28	92	154	24	44	32	54	23	47	20	50	35	44	37	30	58	22	46	34	65	36	35	29	23	29	59	26	98	25	43	66	276	119	26	68	49	27	35	25	30	31	67	22	22	225	41	90	28	330	75	125	36	23	15	29	49	29	28	17	42	39	28	38	7	24	107	66	47	40	58	53	38	21	105	1	36	29	52	33	67	27	94	99	46	19	27	16	51	65	41	36	30	50	33	42	37	34	37	36
G[C>A]G	15	2	4	3	11	8	8	9	21	14	3	7	10	19	8	19	10	5	7	14	10	16	6	12	9	5	16	5	15	10	13	16	7	13	8	5	9	8	12	0	16	8	14	13	11	6	3	9	9	6	11	15	9	10	7	7	17	7	16	12	6	11	12	8	17	7	10	12	16	8	13	6	20	13	11	9	13	7	4	7	8	13	6	7	9	6	5	7	12	8	15	1	3	8	16	5	5	20	32	11	17	15	15	5	7	17	13	8	11	9	9	2	10	5	7	6	14	16	6	3	7	10	8	14	13	23	14	4	19	3	6	6	14	8	8	28	18	4	11	8	8	8	18	10	21	11	16	16	12	12	4	17	5	22	8	9	9	5	5	9	16	10	7	11	12	41	18	4	26	10	5	11	11	9	6	12	8	3	43	7	20	6	55	16	14	10	4	5	12	8	7	12	2	9	10	6	10	2	4	9	16	8	4	9	17	8	12	16	1	7	7	8	2	9	12	17	15	17	3	2	7	8	16	15	18	8	14	8	8	7	12	9	11
G[C>A]T	124	15	15	26	69	37	77	45	92	101	20	33	31	116	46	44	69	74	61	55	46	42	20	38	57	42	111	47	40	30	60	98	70	80	36	26	58	29	55	11	148	60	43	110	43	17	30	26	42	30	30	121	26	44	32	41	103	23	134	74	21	48	111	44	35	50	25	65	103	44	105	44	146	52	57	43	125	35	33	42	56	73	28	38	20	34	27	90	51	44	43	26	33	75	73	22	24	157	141	23	91	75	38	28	25	149	88	62	58	41	35	27	68	22	45	19	64	28	9	19	27	32	34	65	79	39	78	26	140	28	51	43	43	24	22	156	138	41	57	41	69	33	56	25	70	30	45	46	51	79	36	80	36	82	40	47	36	28	38	73	32	94	33	44	88	732	142	25	138	53	31	40	37	32	46	70	28	22	140	28	106	39	393	73	149	48	34	31	34	71	39	47	16	57	37	43	52	7	26	115	101	66	31	48	102	34	20	184	0	38	42	67	25	66	42	148	91	33	39	65	41	52	104	40	34	29	56	64	41	51	46	44	53
T[C>A]A	213	45	28	65	118	66	103	64	149	188	38	37	96	180	84	107	112	81	92	91	176	143	61	78	89	76	157	88	72	70	111	137	156	172	83	27	95	39	86	28	171	101	98	199	107	39	66	57	70	59	68	165	40	90	53	96	269	49	179	122	43	78	142	88	82	126	47	224	173	62	175	63	239	103	106	61	203	74	69	84	100	199	58	87	60	63	47	123	108	120	91	19	67	180	214	47	32	238	273	76	204	203	72	37	57	205	128	96	91	62	59	47	107	29	97	56	83	60	27	43	44	66	71	207	130	94	117	66	238	69	103	69	76	52	50	313	239	67	126	105	101	72	96	37	121	72	82	104	86	127	49	146	81	140	92	88	55	55	88	160	71	118	53	118	116	364	241	76	210	159	68	99	98	86	64	116	53	41	230	58	202	101	535	137	188	99	102	51	52	91	95	131	50	83	89	91	74	25	63	141	142	91	55	136	148	82	80	306	9	66	93	141	44	186	93	373	149	112	63	64	73	87	226	58	134	71	117	89	100	71	60	98	99
T[C>A]C	179	37	30	38	89	56	68	41	135	112	35	35	59	128	59	93	67	79	74	83	90	122	70	69	72	45	100	48	54	47	77	130	96	106	57	39	84	20	54	22	119	92	88	133	55	30	53	35	72	58	49	116	44	74	50	73	176	47	176	101	32	54	143	69	56	89	25	86	169	47	111	57	134	71	88	48	142	64	46	47	92	102	35	56	44	44	45	79	90	69	69	16	51	121	145	31	33	198	285	56	150	116	58	36	42	143	78	57	73	34	55	32	66	40	75	43	61	48	16	37	39	48	59	124	95	55	85	47	174	48	71	48	60	35	50	165	209	70	96	60	86	43	71	36	97	72	87	62	51	95	50	73	50	120	62	61	57	42	76	113	43	107	47	79	90	392	199	51	137	110	49	54	47	51	55	91	60	31	208	56	156	64	475	132	156	68	64	39	46	82	61	61	41	69	73	62	81	8	60	140	117	67	52	72	78	50	54	208	0	53	55	97	40	134	60	155	127	82	56	62	36	73	131	52	79	53	96	79	58	55	55	48	79
T[C>A]G	27	10	3	7	11	8	21	7	17	22	7	4	8	15	12	13	5	8	18	9	19	13	9	18	8	5	13	13	12	12	11	26	17	26	15	5	9	8	9	4	19	15	11	15	15	6	13	9	11	8	9	17	6	11	6	4	37	5	12	16	8	12	15	16	13	11	6	22	17	8	31	10	26	16	10	10	23	14	8	11	12	23	13	13	12	7	2	17	15	18	11	12	8	27	19	8	6	27	21	12	19	17	6	3	5	20	14	20	11	13	5	7	10	12	9	7	13	10	6	11	7	7	11	19	16	14	11	4	21	8	8	10	9	4	8	30	25	10	22	13	9	9	18	7	22	17	17	23	10	11	12	15	15	19	17	5	12	8	5	20	19	16	7	12	19	32	25	12	35	27	9	8	11	13	8	13	14	6	43	12	35	15	43	12	30	16	8	9	21	9	8	9	0	13	18	10	16	4	13	13	17	12	5	23	15	15	7	20	1	9	16	15	8	27	18	35	17	11	11	12	10	12	25	5	19	14	13	11	6	11	8	13	15
T[C>A]T	357	84	51	104	200	98	187	98	244	301	68	93	139	217	152	169	134	140	153	180	155	145	72	139	135	90	275	134	97	80	176	245	251	265	128	62	128	67	172	36	275	159	150	277	161	70	104	76	121	89	88	266	77	101	80	109	345	48	219	196	53	128	223	159	116	140	99	326	348	104	309	94	413	156	172	160	297	95	101	159	116	244	91	117	90	112	67	191	141	160	154	67	93	238	191	62	59	324	343	103	266	238	97	55	101	263	246	146	122	92	81	78	168	46	180	83	153	101	44	36	55	88	137	232	212	147	221	66	273	73	158	116	89	84	63	475	373	103	170	121	198	84	145	76	176	76	96	127	131	208	78	229	106	238	141	116	111	81	109	197	110	227	88	155	158	1123	299	125	359	187	106	116	139	98	123	139	85	56	264	80	333	173	718	205	251	178	129	94	96	175	139	181	57	145	116	124	116	22	66	187	181	121	65	205	231	118	86	437	0	82	131	204	73	231	159	676	204	154	101	116	80	146	295	100	147	89	131	157	128	106	117	198	161
A[C>G]A	82	15	8	20	35	17	32	22	58	65	11	10	26	88	28	37	89	52	22	35	18	39	24	26	32	35	30	33	22	34	23	43	33	61	21	15	39	11	29	8	74	72	20	74	24	11	23	25	33	18	33	122	21	37	26	27	103	22	111	49	20	30	103	38	18	52	19	36	135	17	35	31	61	50	50	26	65	12	16	34	30	56	18	30	21	10	11	30	33	28	51	15	24	33	144	15	16	132	262	31	108	49	22	11	8	115	31	24	25	16	10	16	28	17	18	27	34	18	10	9	15	20	19	47	39	29	21	16	164	28	44	20	23	18	14	49	148	18	24	17	46	23	38	16	39	20	26	21	16	49	23	28	25	34	23	30	16	17	31	50	19	57	17	27	47	253	160	16	40	54	20	30	21	18	26	78	36	12	188	21	44	51	374	54	114	23	21	17	19	21	32	27	11	34	19	21	28	5	18	90	66	53	36	30	14	30	33	104	1	18	22	40	21	58	11	91	104	18	19	23	28	21	56	27	23	19	61	28	23	19	28	15	38
A[C>G]C	71	20	4	10	23	15	21	15	35	30	11	10	19	69	16	16	30	33	16	30	23	18	9	11	15	18	18	12	19	20	20	36	23	43	14	10	34	11	24	6	53	20	26	51	10	10	16	6	13	18	14	68	8	10	12	17	51	22	63	33	12	17	63	18	10	25	11	21	101	6	25	13	33	17	29	9	35	9	14	16	18	20	11	27	9	12	10	19	21	26	29	8	21	25	85	7	13	66	135	18	70	31	11	13	8	51	25	14	11	13	8	5	14	6	13	16	28	18	8	7	10	11	15	22	28	19	8	10	86	13	26	16	16	12	11	46	87	17	14	23	26	16	23	13	35	16	32	16	22	20	15	18	13	26	15	22	9	13	12	30	10	26	11	17	26	151	74	13	27	26	14	16	17	15	18	52	19	6	110	15	48	23	225	46	57	16	13	8	10	16	12	14	10	17	17	16	16	3	11	42	47	30	8	21	20	23	22	79	3	15	19	39	14	19	11	45	66	12	16	19	11	21	32	20	18	16	30	14	20	13	16	17	14
A[C>G]G	17	7	4	4	7	5	3	7	11	7	5	1	7	20	1	6	7	10	6	9	5	5	1	3	9	3	6	5	3	6	3	11	7	11	1	0	4	7	5	1	10	13	7	15	2	3	6	1	6	4	6	17	2	6	5	8	13	3	21	7	2	2	17	4	2	8	6	2	17	4	8	6	8	6	5	1	12	4	1	1	6	8	0	4	3	1	2	3	11	5	12	3	6	3	13	5	0	31	64	2	25	7	2	3	2	15	1	2	2	1	2	0	3	2	4	2	3	6	2	2	6	2	0	8	4	5	1	1	31	5	5	7	6	3	1	8	23	4	4	6	2	6	4	4	11	3	13	2	10	8	0	3	3	2	5	7	3	2	3	3	5	11	3	4	6	30	40	5	9	2	3	1	6	3	2	12	2	0	182	1	5	3	75	13	17	4	5	5	4	4	2	6	3	2	3	3	3	0	1	11	4	7	2	6	5	4	4	19	0	2	2	12	5	10	0	12	13	8	7	1	3	5	12	5	5	4	9	5	3	6	6	0	7
A[C>G]T	104	18	13	18	40	38	19	21	54	37	21	10	24	108	23	35	64	50	23	53	50	27	14	27	30	41	27	30	43	35	25	65	39	94	15	24	41	9	22	8	76	72	12	113	27	8	19	23	38	31	20	204	17	28	27	33	85	34	115	35	8	15	92	36	22	48	16	33	143	22	24	25	51	31	75	25	60	10	25	23	45	45	22	39	25	15	22	30	43	29	49	10	19	44	120	9	9	109	283	22	120	71	19	14	13	84	31	15	23	9	11	12	28	26	18	21	39	27	17	14	18	25	13	60	29	20	28	12	125	25	24	18	28	19	14	69	137	22	26	38	38	13	37	18	42	31	37	22	26	36	24	31	30	37	25	29	13	14	31	41	13	74	18	30	44	255	146	31	46	50	9	22	25	19	29	94	25	13	186	18	68	48	415	108	106	24	25	16	16	34	22	35	8	43	18	24	27	7	20	67	80	38	20	37	28	23	21	105	0	23	23	51	15	52	11	98	121	32	25	31	24	27	46	29	26	23	49	24	33	20	23	14	46
C[C>G]A	75	8	5	6	22	19	21	15	21	30	7	11	15	90	12	17	71	31	12	16	33	26	11	25	18	25	14	10	18	20	8	34	13	33	6	8	32	9	15	7	36	40	19	75	11	4	10	20	20	22	13	61	9	25	15	14	48	8	88	24	11	9	62	15	13	29	12	14	147	13	15	14	26	26	23	11	22	6	9	12	20	33	11	27	9	7	14	14	17	17	25	12	12	25	102	13	10	85	225	11	66	33	5	7	6	48	21	13	13	6	14	14	14	13	7	13	19	13	4	12	8	15	17	44	24	17	14	5	115	8	22	11	19	16	10	38	119	9	9	14	24	17	27	9	30	10	20	8	16	20	9	14	11	16	11	12	12	9	19	28	12	32	13	17	29	179	133	8	15	31	5	19	13	7	17	60	22	9	108	12	23	28	260	73	84	15	12	8	11	20	19	11	9	25	9	9	15	5	8	72	73	29	16	16	9	14	13	89	0	17	9	30	16	30	11	28	86	14	12	16	11	16	24	17	17	9	42	16	17	15	13	12	19
C[C>G]C	86	8	4	10	17	12	15	17	23	35	9	4	10	59	14	11	41	12	5	29	15	24	6	8	15	13	16	16	22	22	9	20	24	21	7	10	27	16	10	6	31	35	9	70	12	4	10	8	15	10	16	51	9	16	17	15	47	6	62	17	6	13	54	18	10	27	12	16	94	16	21	16	15	26	29	9	36	7	14	14	20	26	11	19	18	7	7	11	17	13	22	4	13	21	77	12	9	84	155	18	78	21	5	7	6	48	20	12	13	4	11	13	10	12	12	9	13	10	7	7	8	14	11	31	26	14	14	11	92	14	19	13	18	14	11	30	105	12	13	16	17	14	25	10	24	8	24	10	9	16	11	12	15	16	9	11	5	8	16	28	10	42	11	13	24	137	101	5	21	29	7	11	8	6	13	64	21	3	113	15	34	13	220	45	81	8	13	7	13	11	18	11	11	18	9	12	19	2	13	54	54	29	11	17	10	12	5	87	0	17	12	19	23	32	13	34	62	11	13	15	8	12	21	14	15	22	34	10	7	18	11	10	13
C[C>G]G	8	3	5	3	7	7	7	3	11	12	3	3	5	14	4	5	11	7	12	5	8	8	2	4	4	6	4	5	4	4	4	8	7	11	3	3	12	4	5	3	9	7	8	17	4	2	3	2	5	8	2	12	1	2	2	5	21	4	15	4	4	7	17	8	4	10	8	4	30	10	4	4	8	8	6	2	7	5	5	2	3	8	1	3	1	3	3	4	6	13	5	1	0	4	14	2	2	25	63	5	28	15	3	1	3	13	6	4	8	0	3	5	6	3	6	2	9	12	1	0	5	7	3	6	5	2	7	0	26	10	2	6	4	3	5	9	24	3	7	4	2	2	10	4	8	3	12	7	6	7	5	5	2	11	1	6	2	4	6	10	3	15	0	5	9	37	38	5	10	7	3	2	9	5	3	10	4	2	97	3	6	8	80	11	13	1	3	2	0	2	4	3	4	7	4	5	5	0	2	18	16	13	4	1	5	2	4	17	0	6	4	8	7	6	2	7	18	5	5	2	2	3	6	8	9	5	9	2	2	6	5	3	5
C[C>G]T	120	17	7	11	34	34	28	13	48	35	19	12	30	90	21	19	91	44	20	40	44	38	21	15	18	32	26	36	26	29	20	37	29	60	19	17	39	21	25	6	62	67	20	126	24	5	14	21	22	15	17	90	16	27	16	16	82	20	124	28	21	27	91	24	19	37	15	16	190	19	26	25	32	35	48	13	38	18	13	11	34	45	22	35	13	8	7	29	29	33	50	11	22	36	163	7	7	123	282	21	130	66	10	7	11	75	18	16	24	6	19	6	10	18	22	18	20	25	9	13	13	13	18	54	32	14	29	25	162	18	14	20	29	22	7	51	165	16	18	13	27	16	23	9	34	18	38	19	28	31	16	22	18	24	19	20	18	9	27	40	19	66	14	26	38	219	164	16	32	62	13	28	14	13	21	73	34	7	173	16	50	30	326	100	108	21	22	13	13	28	21	27	19	20	19	17	30	6	19	107	79	43	19	28	19	17	23	72	0	35	18	37	14	49	9	55	138	19	20	30	6	36	35	22	22	15	62	30	21	17	34	17	36
G[C>G]A	50	8	4	9	14	7	6	10	18	21	6	9	17	41	10	17	37	16	15	24	21	29	17	9	11	7	4	8	13	18	14	18	17	20	14	13	14	5	20	4	33	23	8	60	14	6	9	9	13	7	16	36	7	18	11	10	47	8	50	22	5	13	55	6	8	30	5	15	70	7	16	9	22	15	19	9	28	9	7	15	16	13	11	15	6	3	10	11	8	13	16	4	12	15	74	9	3	57	122	15	61	33	5	5	6	32	9	9	12	5	7	3	13	3	12	7	18	4	6	5	6	7	9	22	23	9	15	7	76	7	12	11	12	12	6	29	80	12	9	17	11	13	14	6	24	16	31	14	13	21	8	6	14	12	9	6	8	8	10	18	9	31	6	13	19	108	89	12	21	14	14	11	13	6	11	40	13	7	74	8	29	14	183	43	57	9	9	6	4	11	7	16	5	15	8	12	19	6	11	36	42	23	12	16	14	10	17	63	0	9	6	23	12	17	11	26	62	8	11	8	5	16	15	10	8	10	25	15	13	11	13	10	14
G[C>G]C	72	6	8	12	18	10	14	12	26	21	11	7	9	29	5	10	36	27	12	16	17	22	8	22	16	17	16	14	14	15	13	41	17	54	15	10	18	3	8	4	29	28	13	56	13	6	11	8	17	21	15	75	9	12	9	9	45	13	60	18	8	8	49	11	14	28	15	16	66	13	15	9	12	21	22	8	23	11	13	9	11	16	8	13	10	3	13	10	13	29	15	11	12	21	71	5	5	62	118	13	52	29	10	6	5	53	11	6	8	10	10	9	15	9	6	10	19	19	7	4	8	10	8	20	27	19	13	10	77	6	16	24	27	10	8	30	78	15	14	13	23	12	18	8	30	11	23	18	12	22	12	18	7	19	9	10	16	10	12	17	10	35	13	16	22	179	71	12	20	25	8	16	17	10	17	39	17	5	166	12	39	36	158	43	56	15	10	19	8	23	19	19	4	10	11	12	15	3	13	41	39	20	16	19	11	21	11	54	1	16	9	17	10	25	9	48	48	11	6	15	11	10	27	15	12	11	24	11	19	19	21	14	17
G[C>G]G	13	1	1	1	3	6	2	2	8	9	0	1	1	10	1	0	4	2	1	4	4	6	0	0	0	4	2	1	5	2	3	10	4	5	2	7	4	1	3	0	7	9	2	8	3	0	2	1	5	2	8	2	4	2	1	2	11	2	12	4	3	3	2	4	5	5	0	5	17	3	2	3	4	5	2	1	3	4	0	2	4	4	0	2	2	3	3	0	4	2	6	0	1	5	16	1	4	11	27	2	13	3	4	1	1	8	0	2	0	2	3	0	2	1	3	4	3	4	1	1	0	1	1	6	2	2	4	1	19	2	2	2	5	2	1	4	14	1	1	4	5	1	5	1	6	6	3	3	2	2	2	5	5	8	4	2	4	0	2	1	2	7	2	1	4	21	22	2	6	4	2	2	3	3	1	9	3	0	59	1	6	2	46	8	10	2	6	2	5	4	4	5	3	5	1	1	0	0	1	8	6	4	2	4	5	5	1	10	0	0	4	6	1	4	0	7	13	7	2	2	4	3	3	5	6	0	4	3	3	2	6	0	2
G[C>G]T	80	15	5	9	11	14	13	18	35	27	13	5	18	69	13	17	51	25	17	28	21	25	12	13	14	12	11	8	21	22	15	28	19	42	18	14	23	13	18	6	26	40	9	76	17	6	12	9	17	9	15	84	14	17	12	19	55	12	90	31	6	15	74	18	8	37	5	14	104	11	18	12	31	15	33	8	25	5	9	12	17	28	18	33	9	7	12	18	22	29	19	7	6	22	104	10	6	88	185	15	91	25	7	7	4	58	17	11	22	6	15	2	7	10	14	9	17	21	4	9	5	16	11	31	18	11	12	10	106	16	13	20	26	10	13	40	105	20	10	14	21	10	25	8	38	14	25	17	7	26	10	15	22	17	14	14	9	12	27	26	9	57	10	18	26	191	96	10	27	28	21	13	16	9	17	58	16	12	136	9	22	32	256	62	82	18	8	9	14	13	15	25	6	17	13	12	17	4	15	82	54	34	13	18	9	15	18	52	0	11	10	27	14	33	5	59	90	13	17	19	18	20	21	16	17	8	34	19	24	13	11	10	22
T[C>G]A	259	36	7	29	83	40	81	51	116	52	28	30	42	156	30	47	180	77	22	50	726	136	39	45	31	63	36	37	66	62	40	84	54	95	48	19	43	22	52	24	122	209	47	202	36	7	28	142	33	65	72	292	20	49	33	47	798	39	201	70	10	32	133	34	42	302	20	50	348	59	49	42	67	69	56	23	109	26	65	28	113	376	52	59	65	25	25	60	81	54	150	11	56	162	799	26	24	169	894	65	144	144	19	11	51	127	40	26	53	19	31	27	35	25	52	28	51	28	10	27	29	26	29	435	56	29	73	32	191	28	55	40	80	24	22	190	239	34	28	56	134	29	80	33	72	31	48	36	44	46	11	60	30	39	38	56	27	28	109	228	22	89	18	81	89	383	505	38	91	260	35	58	45	31	40	99	38	14	315	18	73	91	717	162	170	25	202	48	47	54	67	170	38	39	27	30	65	6	31	159	127	76	37	106	26	51	39	176	0	48	46	105	31	98	27	153	300	39	45	54	17	48	71	35	78	46	150	50	32	59	26	11	58
T[C>G]C	159	19	7	10	44	32	23	27	53	36	21	24	31	112	24	14	98	44	14	45	139	74	30	20	22	37	12	17	29	34	24	47	34	67	22	13	47	9	24	10	83	128	30	160	31	10	9	42	23	31	40	146	15	31	19	24	213	15	141	39	16	12	92	23	21	74	14	22	248	28	35	31	62	37	55	24	60	20	19	13	54	113	25	40	19	18	20	30	55	28	75	10	21	42	322	16	16	109	474	29	103	76	17	11	23	92	29	27	29	11	31	12	29	18	19	16	38	16	8	15	20	15	13	151	38	15	28	34	174	19	45	33	48	18	15	77	177	15	27	37	59	15	44	15	41	15	36	18	14	44	21	28	27	37	29	32	15	21	45	65	28	57	15	44	39	264	212	23	36	115	26	41	32	16	26	99	15	10	227	19	53	54	495	106	121	22	62	13	21	28	28	52	19	26	13	41	34	10	23	148	99	29	22	40	19	33	31	120	1	29	26	53	24	80	11	85	166	19	20	32	15	36	61	30	50	23	69	23	27	30	24	17	35
T[C>G]G	14	0	3	1	5	3	4	4	8	3	2	3	1	18	5	9	7	4	3	4	29	1	4	5	4	5	2	2	3	4	2	7	9	4	1	3	4	0	5	1	15	14	2	9	3	1	3	5	6	6	7	16	2	2	0	4	36	4	19	6	4	5	9	3	5	16	4	5	25	1	8	1	10	13	7	3	7	2	5	4	4	18	3	4	8	1	2	7	6	4	12	3	2	10	35	0	0	19	46	3	20	5	1	0	2	10	3	1	2	1	1	0	5	2	6	4	3	4	0	0	1	2	6	22	5	1	4	2	19	1	7	8	10	3	5	17	15	3	7	3	13	2	3	4	23	5	4	4	4	8	1	5	4	5	3	3	0	2	7	20	4	13	3	5	9	29	49	6	6	11	4	2	5	2	6	13	2	0	95	1	13	5	53	10	14	2	17	4	3	5	6	5	5	4	5	5	3	1	4	8	4	8	1	7	3	4	4	15	0	0	6	12	1	6	1	6	20	0	7	3	2	4	12	4	2	0	11	3	3	1	3	1	2
T[C>G]T	399	64	25	54	144	95	102	81	169	75	52	62	92	280	63	113	325	133	55	89	973	215	102	67	55	101	58	63	118	98	63	137	86	213	68	41	99	41	93	24	226	356	92	352	65	21	41	184	74	118	96	526	45	80	62	80	907	96	317	102	27	46	241	90	65	353	38	98	486	66	89	70	112	107	101	60	156	78	86	57	165	546	100	81	89	42	56	79	141	99	234	22	83	177	903	38	24	260	1311	108	220	234	41	20	76	225	48	49	86	39	79	44	49	39	98	71	80	72	15	51	45	37	65	516	99	50	99	87	332	63	86	66	114	57	55	375	408	48	45	97	177	49	107	57	117	52	90	57	75	92	50	69	64	89	61	118	47	21	194	292	46	143	61	145	141	616	832	69	139	391	76	97	73	59	74	182	68	26	534	46	147	162	1226	248	293	40	229	66	66	74	118	214	45	93	52	81	113	13	69	362	214	146	56	131	34	73	73	245	0	78	73	190	50	185	39	299	422	88	58	93	28	103	134	93	110	73	252	83	77	99	37	38	104
A[C>T]A	345	93	36	65	142	82	86	87	141	186	84	46	79	141	69	122	135	102	64	113	128	90	67	111	96	86	199	100	85	97	127	303	187	263	86	83	170	95	93	37	255	176	124	170	101	59	146	100	95	84	95	274	55	80	87	74	176	47	203	144	75	84	164	161	77	183	81	121	199	72	88	110	114	112	166	74	161	73	73	85	96	182	65	103	92	76	74	111	105	103	103	55	103	173	179	62	58	196	297	81	172	206	58	78	61	257	116	149	119	47	86	46	76	85	90	61	121	131	52	64	59	90	100	144	116	109	96	79	198	72	86	83	106	83	91	173	246	102	107	92	116	86	156	68	155	86	107	93	102	160	75	86	74	144	115	88	74	71	105	166	98	257	66	109	136	430	228	50	197	114	69	89	95	85	121	152	69	46	315	94	188	94	524	584	141	109	94	57	67	135	82	98	110	134	74	77	107	19	98	161	150	95	116	154	138	108	78	230	9	104	86	152	59	163	98	211	165	122	80	101	74	87	133	130	95	74	159	113	148	96	114	138	121
A[C>T]C	177	53	17	40	59	51	41	43	60	87	45	21	35	87	38	67	59	43	51	34	75	60	40	57	53	59	80	50	43	38	84	135	106	150	35	35	90	50	41	25	117	61	47	106	42	27	72	48	39	43	41	232	31	49	47	37	73	33	84	43	39	46	81	67	36	94	37	66	86	30	38	52	70	67	83	54	70	49	37	42	50	67	38	63	42	32	29	45	58	57	52	23	41	94	98	31	30	97	156	40	79	107	23	50	23	109	70	85	46	36	46	20	30	51	54	45	55	76	22	40	39	49	51	88	50	70	31	32	126	44	47	48	52	30	46	75	153	44	56	41	62	49	93	40	86	46	74	41	42	69	40	64	54	59	63	70	41	38	40	82	49	126	41	57	68	297	103	34	116	53	33	48	35	41	49	58	43	23	134	64	115	45	256	271	71	49	36	39	24	65	46	40	49	56	37	32	52	11	61	81	66	50	49	79	52	59	41	134	2	52	30	65	38	79	45	99	72	69	31	57	40	56	79	52	59	53	74	49	66	49	65	70	63
A[C>T]G	574	410	247	563	638	247	342	355	288	738	169	123	476	300	288	909	172	294	118	491	601	219	188	443	569	299	478	324	326	394	412	565	776	538	442	245	413	340	360	124	496	354	716	531	387	261	173	279	402	336	331	891	277	307	222	319	368	262	280	573	191	441	204	484	350	449	318	417	403	213	160	339	333	517	444	501	467	554	263	416	335	682	324	544	501	268	203	271	474	444	363	104	457	565	313	238	287	252	291	359	229	610	171	219	316	754	505	494	384	302	402	185	299	326	383	271	1108	558	222	259	137	430	386	573	493	564	377	127	395	267	357	441	375	345	369	944	429	436	512	414	461	340	659	268	613	437	131	714	495	485	312	539	562	502	571	683	425	340	403	364	302	696	362	458	526	597	305	204	763	448	310	358	397	477	444	199	208	186	439	504	1368	383	700	571	350	721	409	226	328	399	300	517	283	390	373	345	351	79	266	205	370	220	325	583	245	389	357	415	4	455	409	576	250	567	475	750	310	384	433	399	423	386	410	534	508	550	381	565	466	317	473	476	832
A[C>T]T	275	66	36	38	92	47	68	81	76	137	61	21	55	130	37	72	109	62	58	71	90	82	50	71	63	84	105	49	74	53	98	170	123	173	46	46	102	55	70	37	158	127	73	150	57	44	69	68	91	69	67	352	56	70	58	60	114	42	158	114	56	73	152	110	64	137	42	75	134	49	67	79	79	72	109	60	106	60	51	37	88	117	59	53	35	29	36	71	81	81	78	25	84	125	129	34	41	202	257	55	124	137	41	76	44	237	72	66	74	49	40	26	43	70	40	70	94	96	35	49	35	86	54	106	94	88	74	36	183	49	70	55	77	50	62	136	227	80	79	73	98	56	101	44	98	75	99	74	65	110	71	78	53	91	81	76	73	55	77	107	60	193	31	77	105	299	174	54	143	88	48	59	57	42	70	98	48	31	255	59	167	59	575	317	168	51	61	39	55	91	43	87	57	96	39	56	71	11	59	140	109	56	76	86	92	65	48	206	1	50	65	103	47	101	65	150	112	71	56	54	59	87	125	85	74	68	132	73	79	43	81	89	85
C[C>T]A	261	60	36	61	105	58	61	51	95	131	70	45	62	137	60	83	109	92	89	79	118	116	60	82	79	96	177	83	59	65	127	194	130	236	66	64	163	79	61	50	218	153	96	148	56	49	112	97	53	68	48	192	53	71	56	85	140	55	152	112	48	94	124	95	77	151	62	104	182	50	89	79	100	118	129	74	103	53	62	41	91	146	58	66	44	46	59	68	71	95	75	34	80	123	150	44	46	148	280	61	113	209	50	75	52	168	105	126	86	37	90	33	60	64	75	61	91	117	25	55	43	82	73	136	102	72	66	52	200	66	71	70	72	56	76	145	242	77	101	64	122	63	123	62	135	61	121	84	64	115	58	77	61	129	103	83	54	40	90	108	56	233	55	89	84	393	171	45	157	102	63	72	60	61	65	110	69	33	257	70	165	73	317	518	113	53	64	49	48	96	67	85	71	102	62	60	102	13	73	132	130	84	75	109	94	69	54	271	1	67	67	125	54	136	64	120	120	79	64	80	59	82	113	74	99	72	130	74	101	75	84	104	63
C[C>T]C	169	49	19	41	86	47	55	55	84	112	44	34	86	88	39	64	80	74	81	63	98	70	64	58	58	74	109	59	69	63	110	162	101	173	49	53	127	74	60	32	148	86	81	118	56	36	85	69	59	48	52	297	157	60	48	53	74	43	111	93	63	71	122	91	63	124	50	54	113	48	80	61	82	70	102	52	79	50	47	34	76	104	38	66	46	28	55	52	63	87	53	37	64	120	125	39	34	124	183	51	94	149	37	106	29	149	86	107	83	41	55	35	55	61	63	51	80	93	28	37	44	59	71	102	86	73	54	54	135	62	61	46	66	54	71	106	193	67	65	59	83	54	100	46	123	68	98	73	69	103	46	71	69	106	102	86	48	46	67	80	65	166	40	56	92	376	101	49	105	80	46	44	49	53	64	75	62	35	255	77	142	62	274	356	99	65	64	40	47	89	52	53	48	75	59	66	69	21	66	102	73	65	63	101	75	49	59	162	3	50	47	68	58	86	69	98	95	76	45	62	65	54	77	56	85	42	80	55	85	41	66	84	68
C[C>T]G	351	235	157	334	395	160	187	179	181	489	106	76	231	187	130	530	100	181	99	264	333	158	148	252	308	152	268	217	185	212	291	376	414	359	241	174	239	183	203	72	339	220	407	322	249	176	113	194	212	197	184	450	141	178	117	205	225	127	158	355	97	278	110	265	243	299	170	254	257	152	106	221	232	286	280	261	292	292	147	204	215	369	185	321	280	127	126	195	296	276	197	45	255	310	195	135	135	152	197	219	143	373	109	121	166	407	264	306	217	189	236	107	186	198	224	165	621	339	129	163	83	257	217	395	279	302	209	67	268	180	207	245	223	184	224	612	273	208	299	254	254	186	431	162	427	300	95	430	279	295	188	311	348	306	315	405	257	222	274	257	162	467	215	261	315	438	212	155	465	242	185	248	256	266	231	114	112	105	311	287	689	255	400	396	215	405	233	172	206	246	195	311	167	252	196	202	187	55	130	135	226	164	150	371	166	240	167	297	5	259	214	365	149	287	277	453	179	297	215	230	239	232	294	290	322	285	273	333	259	192	260	256	472
C[C>T]T	293	69	41	52	92	69	62	70	118	148	73	36	81	163	64	107	115	84	67	106	132	101	74	92	82	116	173	82	90	73	128	213	125	198	93	61	151	71	72	43	201	218	112	174	75	45	103	100	75	74	71	325	132	93	77	70	165	41	185	126	55	84	165	98	88	176	68	91	199	48	92	77	101	117	121	72	130	68	54	57	114	143	53	87	52	65	46	66	89	116	93	61	74	137	181	48	44	182	315	71	154	198	44	127	47	260	93	126	76	57	68	37	66	75	61	76	111	98	40	53	56	80	69	154	112	102	82	51	228	63	82	100	102	65	75	172	272	89	96	86	104	63	117	66	143	89	134	81	76	119	79	92	71	129	109	109	61	57	76	130	63	223	64	95	117	466	186	68	146	119	64	78	65	76	77	126	79	42	377	86	180	84	640	413	144	81	73	62	63	117	76	103	72	117	51	62	103	24	88	204	123	82	78	118	109	92	67	252	3	73	79	121	82	156	64	172	167	82	64	109	62	110	160	89	94	60	149	87	134	72	107	104	102
G[C>T]A	203	49	28	51	77	62	54	49	120	125	36	39	45	122	36	69	93	76	74	81	94	94	39	69	57	73	119	66	63	63	106	178	130	215	82	53	117	72	72	23	149	101	82	139	59	48	112	73	63	68	57	220	43	75	52	52	113	41	149	92	56	73	123	99	55	142	37	91	196	37	85	70	123	109	92	58	95	51	44	67	96	117	45	69	44	56	31	64	69	92	52	51	57	124	171	48	36	161	219	53	122	126	46	85	32	128	81	90	68	42	47	40	56	54	64	55	105	86	28	47	47	73	54	105	99	84	54	51	202	56	68	54	95	57	66	124	186	50	93	50	113	57	108	51	119	72	109	78	65	116	52	81	57	127	77	74	53	51	55	104	58	177	46	60	75	366	160	54	188	75	47	58	59	47	68	94	84	43	227	67	175	61	318	434	114	77	56	48	57	99	75	78	51	74	61	76	87	7	66	101	110	67	56	124	84	76	62	233	2	63	54	111	43	108	76	151	115	127	67	77	61	66	103	59	83	61	87	74	91	70	94	80	82
G[C>T]C	171	64	14	61	74	62	52	49	88	116	46	30	62	95	85	76	63	77	51	79	98	84	39	78	53	89	103	79	71	64	118	130	150	198	79	44	112	69	73	28	146	80	81	143	54	50	91	44	61	63	60	350	41	60	50	53	81	36	107	81	54	70	107	83	49	108	40	89	150	27	86	46	116	71	89	68	123	71	65	49	77	114	55	77	55	39	40	69	76	92	65	43	62	99	112	42	58	131	186	49	93	132	41	92	29	106	58	85	68	33	56	32	61	54	66	43	93	70	27	44	46	54	60	112	100	97	53	36	137	69	44	65	63	49	72	110	164	72	70	63	113	50	125	38	81	62	122	66	51	123	62	70	68	118	77	88	50	43	64	88	64	148	52	60	86	594	131	64	170	83	49	70	53	67	69	72	56	33	203	59	182	58	314	294	81	66	55	53	54	102	71	53	38	84	66	72	70	7	58	132	89	63	62	87	113	69	67	219	3	63	50	113	46	95	73	129	91	105	53	51	54	74	117	65	82	62	79	62	80	48	70	61	86
G[C>T]G	486	295	164	440	500	214	245	252	262	617	163	131	322	223	268	653	143	228	101	365	386	181	143	334	442	273	369	259	279	287	366	448	594	487	381	208	323	276	265	83	451	311	522	477	269	212	149	226	284	265	238	868	183	242	151	257	277	202	217	430	147	341	169	398	300	330	239	307	418	159	137	260	332	368	391	417	358	415	203	296	272	504	196	449	353	150	173	223	391	378	270	51	361	417	216	158	219	201	236	254	180	514	127	170	171	562	317	379	288	214	315	113	238	271	297	199	769	418	140	189	131	341	284	494	383	395	280	95	318	221	251	294	296	297	308	721	339	310	400	307	454	274	490	234	455	359	110	505	353	402	259	456	481	442	431	498	331	275	306	335	215	562	272	336	452	1348	227	195	558	272	267	295	372	361	358	149	130	118	315	378	1044	315	549	512	273	533	313	193	284	379	262	339	216	271	266	275	218	50	199	174	289	167	209	421	230	330	276	378	2	297	255	463	161	467	387	561	216	409	323	313	342	268	340	381	419	379	342	352	400	289	256	365	609
G[C>T]T	195	58	26	62	76	67	61	56	112	117	58	34	59	100	56	89	74	80	50	76	65	86	39	79	67	73	91	74	55	63	118	141	117	146	84	55	100	59	54	30	167	149	81	143	73	62	75	70	73	71	44	347	32	58	50	74	109	48	148	99	39	73	112	95	51	113	46	88	170	50	82	43	99	96	91	58	109	69	48	59	74	113	38	73	66	43	53	68	63	92	66	36	59	113	136	41	55	154	182	59	106	154	48	96	40	167	71	76	62	27	48	24	64	46	76	65	89	81	28	36	50	59	55	121	105	90	62	46	179	55	84	55	79	59	53	123	168	72	81	63	120	49	108	48	114	54	103	95	67	107	57	88	68	125	69	76	58	45	59	101	63	142	40	79	93	403	131	52	166	77	55	56	74	60	59	99	74	20	186	64	172	52	376	266	129	74	63	43	69	92	64	74	55	69	79	67	77	12	44	122	100	71	63	119	95	61	58	213	3	52	63	110	48	125	71	133	134	77	52	75	63	69	124	81	72	48	105	69	91	54	77	73	62
T[C>T]A	862	138	46	124	238	153	104	186	154	358	149	81	134	264	103	145	222	119	96	118	1683	297	116	123	114	201	355	109	115	127	141	447	285	425	192	76	295	177	100	106	279	277	241	296	112	101	206	1129	95	202	140	411	89	125	84	136	845	105	296	173	44	165	257	191	145	1345	79	244	335	134	217	114	198	233	148	105	221	141	192	83	262	1211	148	125	115	125	74	111	184	251	245	54	139	473	735	58	68	263	619	157	155	566	62	82	101	385	124	293	140	101	116	90	108	103	131	90	161	200	41	91	112	134	124	622	145	106	165	182	258	77	149	92	246	104	166	483	436	110	125	219	367	107	298	90	164	88	208	123	165	239	104	183	126	241	262	234	90	57	221	564	91	352	105	217	210	406	638	101	275	411	120	206	120	135	110	146	115	65	387	92	251	145	831	970	191	102	406	137	122	123	132	481	318	232	91	191	251	19	149	247	215	135	114	318	104	158	120	336	0	125	95	269	56	236	117	281	278	176	133	109	113	127	197	152	179	133	291	146	291	140	120	199	142
T[C>T]C	464	93	39	87	178	92	65	81	131	221	65	56	90	166	63	134	127	94	100	112	415	213	66	106	82	148	270	100	103	99	127	329	195	298	147	75	254	120	93	72	224	189	176	228	76	71	154	283	62	132	103	375	70	91	75	104	285	75	196	137	47	107	160	161	103	393	86	152	220	69	159	88	122	162	131	84	155	88	100	49	189	365	102	105	69	78	73	70	118	193	114	53	128	191	282	50	77	204	361	113	116	350	65	98	80	277	95	198	103	81	99	53	74	86	102	70	115	141	37	65	84	124	108	251	122	105	95	122	206	91	76	65	125	82	140	249	282	88	131	153	190	70	199	68	146	83	150	76	98	167	86	122	83	160	183	166	78	73	139	206	73	247	86	136	143	355	261	65	201	217	76	137	92	111	94	112	92	32	307	92	229	101	579	705	164	93	135	84	92	133	110	187	153	166	83	94	141	21	112	179	125	94	95	220	101	105	88	282	1	93	83	159	75	188	90	158	163	96	74	91	72	96	188	102	136	92	186	114	198	120	93	143	116
T[C>T]G	299	160	101	255	281	119	143	137	118	342	94	64	198	142	123	346	78	119	59	205	387	127	94	169	257	149	198	163	173	203	180	260	339	255	203	95	166	153	154	56	245	182	300	254	181	114	91	214	155	137	131	348	104	148	85	148	232	102	135	258	72	192	109	198	166	328	111	185	208	102	92	162	171	220	176	200	179	217	129	196	190	335	147	241	232	106	98	129	213	196	169	47	188	269	166	84	104	132	169	145	121	313	90	94	146	304	185	266	163	122	144	91	132	137	184	113	442	239	82	120	66	166	171	280	192	242	142	71	193	131	141	183	173	163	180	450	197	207	230	196	221	146	318	137	338	219	77	315	208	245	123	239	254	238	255	299	207	151	176	212	112	365	157	183	240	241	182	101	362	220	157	173	177	211	177	77	82	77	192	206	515	182	351	308	127	299	208	138	153	166	150	268	122	192	153	189	142	29	110	89	163	100	124	258	104	194	141	225	3	200	170	271	119	259	222	341	134	198	142	169	196	148	156	223	225	250	196	226	226	141	188	202	396
T[C>T]T	655	125	50	134	224	126	102	143	157	323	120	85	145	195	91	145	155	106	97	139	886	274	76	119	108	183	332	94	117	114	166	375	303	371	136	61	297	129	91	102	259	233	270	282	117	118	170	683	106	165	117	478	77	104	90	131	528	82	238	216	62	142	195	181	140	875	62	187	267	116	189	139	175	185	168	95	194	120	166	83	275	669	126	130	128	105	84	124	167	256	201	44	145	339	377	70	78	275	493	150	151	504	65	76	113	410	105	260	137	96	108	69	78	113	160	97	138	188	48	87	76	131	133	350	144	121	132	174	252	62	124	85	154	104	185	396	346	93	124	156	243	92	278	87	166	103	195	106	144	200	94	167	119	211	241	178	104	63	203	341	89	303	117	208	199	428	450	115	244	341	122	169	117	132	102	153	110	54	426	110	209	125	865	775	178	126	238	100	100	151	138	338	238	203	101	130	227	14	112	261	177	117	97	311	110	152	108	345	11	98	102	222	72	270	118	237	219	159	106	110	120	127	209	120	254	117	259	169	255	143	119	162	149
A[T>A]A	132	35	16	32	47	35	40	41	58	62	32	15	44	133	30	56	61	52	28	52	41	59	28	32	38	40	41	42	43	37	62	64	74	87	39	27	60	32	37	15	91	116	53	108	36	10	56	29	43	33	32	173	17	40	37	70	93	43	130	60	25	25	92	47	38	51	24	48	101	31	52	40	66	41	79	32	89	29	31	42	46	75	26	44	34	23	26	36	49	57	47	28	52	65	88	22	24	111	137	32	75	85	36	17	26	97	42	32	38	21	23	18	25	39	34	36	46	40	5	24	21	31	35	93	42	46	43	35	119	43	69	35	35	35	36	98	131	47	48	44	45	35	47	20	52	37	72	31	31	71	42	37	49	62	48	57	31	22	34	71	36	103	62	59	62	343	119	27	52	60	32	54	34	68	49	119	34	24	118	45	113	31	261	136	82	26	43	24	30	60	23	63	32	50	36	40	43	17	28	95	57	46	38	54	51	39	32	142	29	38	52	53	36	122	41	135	97	40	30	52	42	56	68	33	124	29	63	26	43	33	44	52	49
A[T>A]C	104	32	21	35	47	48	32	32	70	66	21	16	35	59	32	49	53	46	40	55	40	56	33	47	29	43	51	32	38	33	56	67	55	69	24	39	49	11	38	23	88	94	35	63	27	17	37	23	52	40	29	100	22	25	33	51	75	21	92	52	24	40	87	51	37	47	25	52	84	38	39	37	49	43	69	40	76	30	38	31	47	64	21	32	29	24	28	38	55	49	35	17	40	65	77	37	22	95	93	20	65	92	27	19	19	77	30	35	41	19	46	20	32	26	24	38	44	27	16	25	46	31	21	72	58	47	35	31	112	37	35	40	26	26	43	55	125	32	46	41	57	20	50	21	41	34	48	46	47	64	29	29	41	60	32	58	35	30	27	53	27	71	38	55	46	234	65	19	80	43	32	33	35	37	41	67	28	20	100	31	108	26	233	89	67	44	22	24	41	66	36	33	22	52	41	30	22	4	47	90	49	36	28	53	37	29	18	100	1	14	27	58	24	67	58	90	75	34	25	40	48	39	71	32	45	38	60	36	33	36	40	42	51
A[T>A]G	94	27	10	27	49	36	45	28	51	57	16	21	39	72	28	35	52	52	22	46	24	40	27	43	39	33	42	26	37	31	53	54	44	62	29	38	47	13	38	21	90	100	50	74	37	13	29	32	46	28	29	133	29	35	35	68	83	19	118	60	29	24	94	47	29	56	21	39	91	26	31	37	38	37	85	29	76	31	27	28	52	69	24	25	33	20	21	45	37	29	40	16	34	52	61	28	23	102	131	25	70	88	32	15	13	87	29	26	30	30	24	9	31	30	12	28	27	26	18	19	19	50	29	75	36	46	38	20	131	27	41	32	27	31	33	55	120	30	36	34	32	20	43	17	47	34	54	31	32	54	20	33	30	40	36	56	27	20	28	62	18	85	27	46	57	177	90	22	72	42	33	45	28	36	38	76	28	14	125	29	79	25	291	122	69	28	26	19	28	55	11	37	27	41	39	26	21	10	33	113	71	22	40	47	32	28	30	103	9	25	37	38	26	82	45	90	92	25	28	33	35	50	52	44	73	32	60	42	33	25	37	26	50
A[T>A]T	238	60	43	86	100	50	82	60	136	185	38	31	70	107	94	114	95	72	60	113	59	83	47	62	81	77	92	67	75	56	103	126	200	152	119	58	110	44	87	22	179	146	115	181	101	35	81	63	79	62	52	286	44	87	60	78	166	42	183	116	42	56	171	97	74	145	68	154	197	67	95	47	164	111	93	78	177	52	67	78	95	147	53	91	84	34	36	91	93	76	97	25	90	142	124	39	32	196	188	52	131	165	46	39	38	226	85	90	71	52	59	46	84	50	133	54	113	78	28	15	51	70	68	165	121	76	107	52	179	55	91	90	65	57	51	247	198	69	111	74	89	54	108	47	101	57	94	88	79	142	61	115	77	173	126	96	70	58	68	141	73	174	56	112	121	972	149	72	232	86	74	74	90	86	94	123	51	38	198	70	270	82	536	201	143	90	84	50	73	127	79	98	36	86	64	102	77	13	66	144	115	83	68	132	70	111	61	249	7	69	91	97	48	182	103	305	167	130	51	64	83	92	141	78	70	62	83	74	94	66	77	137	94
C[T>A]A	95	16	8	11	33	18	18	25	42	30	12	10	17	113	13	18	53	28	19	35	13	24	13	14	31	17	23	12	30	20	16	39	26	33	14	18	40	15	17	6	49	55	20	67	12	7	19	14	25	14	16	147	11	23	19	71	74	9	83	31	18	9	61	21	18	51	15	34	79	15	29	29	33	30	27	14	42	15	20	10	30	33	24	12	18	6	12	17	29	24	24	10	8	37	60	9	9	99	87	19	66	54	9	9	15	82	30	19	14	12	15	7	18	11	12	26	35	15	7	7	9	16	18	42	21	17	25	21	151	21	29	33	18	17	16	48	110	24	14	26	30	14	24	10	32	17	35	21	20	37	10	23	22	28	18	7	8	10	21	36	9	63	15	30	30	167	84	12	25	35	17	28	15	22	28	71	18	20	118	21	55	23	300	54	78	17	15	7	20	23	14	43	14	28	17	15	19	4	11	112	42	23	20	24	28	15	15	163	3	13	17	24	21	43	18	62	79	10	18	16	13	27	35	25	27	22	37	25	26	16	25	13	38
C[T>A]C	125	24	11	19	38	24	27	33	126	47	13	11	19	125	15	26	63	31	12	37	25	43	14	31	23	41	29	18	24	29	40	53	39	74	21	18	58	18	25	14	75	121	23	92	21	15	41	18	36	22	20	96	18	28	21	53	78	25	127	44	14	23	120	48	23	227	16	47	83	24	23	36	45	32	83	22	74	21	20	25	24	60	31	26	15	13	18	41	35	35	26	12	19	50	86	15	18	115	155	15	66	68	14	7	13	116	32	21	31	14	22	12	18	22	17	21	20	28	5	9	19	18	19	46	37	25	33	13	196	11	34	33	36	13	22	143	182	19	33	21	47	19	35	14	29	25	42	36	31	28	19	32	34	46	22	32	20	13	20	58	20	69	23	31	50	253	119	10	50	45	18	27	20	17	29	80	17	20	136	24	68	25	388	110	107	25	19	10	25	27	30	24	19	32	18	14	19	8	27	130	85	39	26	35	29	26	19	136	1	28	22	40	24	55	11	66	94	24	8	26	27	33	39	24	28	23	38	33	30	17	21	47	30
C[T>A]G	115	20	15	15	37	23	25	26	69	38	22	5	29	117	15	22	77	41	24	46	21	44	19	13	42	33	31	33	28	36	26	48	34	43	16	13	53	18	23	11	63	86	26	81	19	14	25	24	30	22	13	124	14	31	29	109	88	22	129	33	16	18	91	28	17	100	16	28	102	12	26	22	43	31	55	22	76	14	24	20	18	64	18	24	17	15	20	30	38	27	38	8	20	45	96	14	17	141	143	20	92	59	16	12	16	81	31	14	18	8	24	11	32	13	22	19	26	30	13	14	12	19	21	40	40	28	17	18	240	21	30	28	39	19	18	71	180	25	23	21	28	17	29	18	55	29	28	37	27	41	16	24	16	31	27	22	30	16	27	43	23	81	28	26	50	177	99	11	51	34	18	29	14	19	28	82	19	27	141	18	68	21	359	81	104	20	19	11	13	27	25	35	17	38	17	26	30	7	24	164	77	32	30	33	26	23	21	124	3	34	26	24	26	59	10	78	108	24	20	19	22	31	30	36	32	25	57	29	27	27	42	26	36
C[T>A]T	190	25	19	35	73	40	27	41	158	58	22	14	45	124	26	45	70	56	26	80	29	39	16	33	69	51	49	42	53	37	62	78	65	100	24	31	104	16	44	9	134	113	36	111	34	7	46	27	53	32	24	220	34	46	37	66	152	27	226	72	24	17	116	50	36	398	9	58	125	34	36	37	56	49	147	32	137	28	36	26	31	82	38	40	22	22	18	50	43	60	47	10	26	70	95	20	24	180	203	28	100	162	8	18	21	164	48	34	40	21	33	21	20	24	31	33	57	38	25	12	20	48	30	100	58	27	48	16	194	36	24	39	47	17	36	449	233	29	26	28	59	26	34	18	47	22	40	45	36	71	38	40	30	52	29	42	26	26	43	100	29	101	31	40	71	233	196	28	70	87	33	37	30	23	55	128	25	45	208	31	64	31	584	154	150	24	24	20	41	50	35	76	23	54	30	34	35	7	39	148	115	73	29	44	36	32	31	309	1	58	29	64	26	87	23	93	130	39	28	48	19	64	71	27	32	35	70	45	53	38	40	59	76
G[T>A]A	80	5	7	10	20	10	11	17	26	33	12	8	17	67	11	8	25	24	13	17	8	12	8	14	21	18	13	16	23	12	15	35	18	33	7	12	32	12	18	7	33	44	9	54	15	5	10	11	20	16	8	80	7	12	18	44	49	10	58	28	7	12	40	16	10	20	10	22	54	16	13	20	20	23	18	16	27	7	13	13	19	17	15	15	15	7	7	15	14	18	25	7	12	26	39	14	9	71	83	10	44	29	3	2	8	47	11	11	14	6	14	11	18	9	11	17	25	15	5	7	11	14	12	25	26	14	14	11	78	14	18	14	15	19	12	38	69	20	10	11	18	14	16	6	15	12	18	16	20	14	8	15	9	14	10	15	3	5	16	26	12	43	14	22	22	135	74	7	32	26	9	15	12	11	20	41	12	10	81	15	38	20	162	55	41	6	14	8	14	20	9	19	8	13	9	11	13	4	9	70	55	18	18	17	3	15	10	99	5	10	12	12	10	35	17	53	39	11	8	14	7	16	30	9	21	14	26	11	18	10	5	17	15
G[T>A]C	41	11	7	15	21	10	14	11	39	39	11	7	16	43	15	15	20	17	11	25	18	21	9	26	13	16	20	12	19	19	23	19	28	39	13	14	36	7	14	13	40	42	21	37	11	5	20	11	20	8	14	44	7	20	19	27	44	11	60	21	15	15	43	12	16	36	12	21	54	15	14	12	31	18	33	8	35	15	8	13	17	34	13	16	18	11	8	21	17	15	18	5	8	23	43	12	10	63	71	9	35	31	12	3	5	35	11	12	16	11	18	5	11	18	10	10	15	13	7	7	12	10	6	21	21	22	21	9	68	11	21	9	13	7	10	52	76	14	26	6	26	12	17	14	20	18	26	14	8	19	9	17	10	29	19	16	12	10	12	39	12	48	8	18	30	161	48	9	22	16	14	20	16	21	6	43	13	9	55	12	33	15	154	39	47	18	12	11	13	13	14	12	12	11	8	13	9	4	12	44	30	20	13	28	15	12	11	44	1	14	14	14	9	26	13	39	37	10	11	20	23	20	26	15	10	16	25	20	18	14	21	19	24
G[T>A]G	76	13	3	13	25	9	21	21	26	21	7	7	20	61	9	19	26	21	18	22	14	34	13	15	24	19	20	11	29	8	19	34	17	26	11	10	31	6	22	7	40	38	15	46	13	8	13	6	13	10	18	85	7	10	13	36	48	8	65	21	15	8	39	16	23	44	8	13	71	23	15	21	26	17	35	20	46	13	11	10	20	21	16	19	5	15	10	17	31	22	30	12	15	24	56	9	9	91	81	12	43	35	7	7	7	51	12	9	17	9	10	11	21	15	8	14	17	17	8	3	11	13	9	42	32	21	24	15	110	22	16	21	27	17	14	45	97	17	17	11	25	11	14	14	42	15	24	13	6	29	12	15	14	23	11	15	13	5	12	28	19	52	11	12	28	147	71	9	31	30	11	14	11	11	21	55	20	10	70	15	32	21	214	50	68	16	13	6	18	20	11	21	5	26	11	13	12	7	18	77	39	23	22	28	11	14	17	62	3	19	10	25	8	35	19	33	68	19	14	18	12	24	22	19	16	13	28	14	22	13	21	16	20
G[T>A]T	110	20	8	14	44	20	26	38	60	41	13	8	28	77	16	28	60	35	16	25	19	42	18	33	27	42	30	21	20	25	29	48	54	46	18	18	30	8	28	8	74	47	28	69	15	5	16	17	34	16	24	81	18	30	18	33	62	22	134	43	15	24	87	32	19	97	13	27	80	24	23	22	42	30	41	25	76	26	23	23	26	60	35	17	21	15	9	27	36	35	31	13	24	40	62	18	4	120	118	17	77	77	12	19	10	116	26	23	35	14	17	12	19	18	22	25	21	26	11	14	15	14	19	56	33	24	23	13	116	14	28	39	28	10	20	114	150	21	12	28	27	22	28	14	38	22	30	21	25	46	28	27	23	34	24	32	19	14	19	46	15	75	20	37	35	220	118	21	45	45	24	31	8	22	28	76	19	9	111	24	57	20	355	92	94	22	19	19	29	24	19	28	16	37	16	21	15	4	19	92	59	27	24	30	26	17	25	136	0	25	22	33	22	51	25	79	87	24	20	28	18	38	54	22	17	20	43	21	32	18	37	24	32
T[T>A]A	216	38	18	91	75	43	69	38	125	142	44	31	42	147	61	80	64	53	46	90	58	66	28	70	59	81	72	45	62	53	72	123	172	115	54	41	77	39	58	18	146	88	87	158	63	30	61	41	46	38	35	400	34	47	29	98	125	40	115	88	27	34	103	73	53	95	45	89	188	39	49	48	115	93	87	71	110	39	64	47	77	96	39	81	47	33	50	54	82	63	67	24	54	109	102	26	43	137	147	37	84	116	30	21	45	161	77	86	53	31	36	25	62	31	77	42	99	71	17	18	22	28	53	110	77	69	91	25	174	54	59	52	39	51	30	204	196	54	54	67	70	45	122	54	62	53	50	99	63	85	45	89	63	127	68	63	50	50	44	92	57	164	45	73	83	377	134	58	109	76	66	56	84	51	58	93	44	34	124	44	195	65	375	137	88	62	52	35	41	73	45	108	30	58	39	69	62	22	46	141	92	46	32	119	57	54	47	246	5	51	59	103	42	115	65	246	109	83	51	66	60	49	98	56	74	49	75	67	74	60	58	86	91
T[T>A]C	98	13	11	12	35	23	24	25	49	52	6	12	18	83	15	25	43	24	16	16	9	44	24	37	26	26	19	18	23	24	24	57	29	45	19	16	46	10	16	13	41	92	19	57	13	8	36	11	24	14	19	56	14	26	14	29	74	13	89	42	16	17	54	18	25	71	18	33	83	22	23	33	32	44	42	17	55	19	12	24	30	41	14	31	8	17	13	23	21	28	31	10	12	34	50	16	8	99	109	18	64	52	18	7	5	85	20	16	14	14	17	7	17	17	21	21	24	25	10	12	12	16	14	41	40	17	28	7	147	12	22	29	20	10	16	57	111	21	22	20	33	8	18	10	28	28	39	23	25	46	10	29	19	32	15	27	8	11	10	45	12	59	20	25	53	139	83	16	46	36	14	25	23	22	28	50	23	13	90	18	52	24	261	80	56	27	11	14	30	32	17	19	12	31	22	19	20	8	22	87	54	35	21	20	25	28	23	87	0	24	18	19	19	37	19	46	76	24	18	20	21	27	50	18	23	21	47	21	22	19	24	35	20
T[T>A]G	65	6	8	12	19	18	13	16	34	34	8	11	19	67	10	18	26	22	7	23	19	25	18	9	22	17	21	5	16	20	17	52	21	46	12	10	34	19	18	12	34	41	12	38	11	7	20	11	20	12	20	60	13	16	14	57	40	12	65	30	15	12	51	22	11	44	5	23	64	6	16	20	17	29	33	17	40	14	13	11	24	30	11	16	15	14	8	24	23	20	23	6	11	22	50	6	6	72	88	14	58	41	13	6	9	50	13	10	20	12	10	8	13	11	11	12	23	16	11	9	9	18	10	30	27	15	18	11	108	11	11	20	19	13	13	38	101	10	13	9	26	18	11	9	25	18	22	15	13	29	13	18	10	17	11	14	12	8	14	34	11	47	18	25	34	110	58	12	30	38	14	9	20	15	19	47	17	8	76	6	43	11	179	48	63	11	12	6	16	20	15	19	6	24	23	10	16	4	16	75	32	21	20	11	22	11	10	83	2	13	13	19	15	24	12	95	47	13	14	14	10	23	28	16	20	17	21	14	15	10	27	13	23
T[T>A]T	278	38	35	52	88	50	67	72	120	120	32	12	46	162	45	77	87	81	24	78	41	80	43	57	64	79	59	50	77	50	59	104	98	93	34	35	136	43	46	17	187	129	72	149	53	31	94	42	63	55	44	253	41	53	53	75	146	38	216	89	18	35	130	81	39	240	40	61	182	47	47	41	96	85	107	54	145	43	40	44	72	95	50	63	44	24	32	52	73	63	55	24	62	85	106	31	20	156	177	41	125	145	27	20	26	221	50	46	56	26	50	29	31	26	53	45	53	58	29	24	28	52	44	109	79	47	57	16	201	40	45	45	51	27	47	283	226	61	35	48	59	31	76	45	54	39	57	58	55	91	41	65	52	89	49	81	37	21	52	109	27	132	30	77	108	430	191	33	94	93	46	70	40	34	62	97	28	16	196	56	119	53	629	143	126	49	47	26	48	65	58	70	35	67	48	48	32	10	41	149	82	61	46	65	63	54	39	272	3	56	61	92	43	101	33	143	124	56	53	53	48	56	93	53	52	28	77	68	52	37	47	99	107
A[T>C]A	269	57	51	50	93	63	120	31	113	124	70	45	90	196	71	97	134	113	71	126	114	94	67	94	86	101	117	77	84	100	109	162	171	184	78	48	122	63	83	41	180	205	107	224	96	36	128	74	91	87	69	338	44	86	71	121	156	76	193	108	52	61	192	108	62	157	74	98	264	34	66	72	123	104	139	75	174	73	71	73	96	114	76	96	73	54	72	86	106	87	109	42	63	147	192	41	42	189	261	58	176	165	65	42	52	209	93	74	97	58	86	33	66	57	92	79	132	118	32	56	66	78	47	167	127	97	72	54	303	70	80	82	102	69	59	194	250	78	100	76	102	73	108	65	144	83	130	99	87	128	94	98	80	200	112	111	72	72	93	117	81	211	51	90	106	2572	205	55	169	129	56	100	81	79	80	134	81	34	299	72	208	78	465	217	180	106	75	49	63	127	61	113	46	98	64	101	94	23	59	197	155	74	89	164	105	75	81	233	2	80	77	114	68	178	84	229	174	99	62	62	72	98	130	100	92	77	93	89	106	69	94	83	123
A[T>C]C	113	28	10	28	41	31	40	22	47	59	23	6	27	53	24	39	64	46	25	53	21	29	22	29	44	32	39	27	31	38	45	52	51	70	29	23	57	24	35	16	64	91	37	93	43	20	38	23	31	27	26	148	19	20	21	37	57	17	65	40	18	25	90	34	27	87	18	38	121	26	25	26	62	43	63	37	69	35	28	25	34	51	26	40	16	11	23	37	41	30	44	16	31	58	79	21	15	99	137	20	67	81	24	11	14	101	29	28	22	13	30	11	28	16	35	21	57	44	14	14	22	22	25	41	47	39	24	20	118	20	32	28	45	25	21	74	137	26	38	34	41	26	49	26	50	29	42	47	31	55	33	40	29	64	49	30	25	17	34	38	19	60	23	36	49	1033	89	21	64	32	29	38	40	31	34	43	27	15	142	25	77	37	260	122	91	45	30	8	37	46	31	42	16	36	21	34	32	6	23	87	65	34	32	60	36	33	24	99	5	24	23	40	17	71	26	88	85	40	28	33	20	31	65	32	27	18	46	28	47	22	33	45	40
A[T>C]G	158	37	21	26	57	49	59	23	63	72	38	31	46	111	41	56	102	70	45	71	54	49	33	53	50	52	62	42	43	53	52	102	71	99	64	43	79	45	39	26	117	162	57	137	67	23	56	40	38	45	34	170	26	42	38	62	100	47	112	72	34	47	145	56	33	105	37	60	155	24	50	58	85	59	102	56	78	46	38	42	47	82	48	44	51	26	48	38	61	44	56	24	56	83	148	47	24	126	198	43	114	94	27	33	20	137	50	41	50	18	43	32	51	35	56	37	82	59	25	27	38	41	27	75	72	47	40	46	208	50	43	59	55	46	27	94	183	35	45	52	66	60	68	30	107	56	63	58	50	85	38	58	48	94	65	48	32	40	55	67	33	100	42	49	63	2349	118	43	84	71	35	41	54	35	49	66	52	14	202	33	128	38	313	150	128	63	49	32	40	82	43	44	28	62	30	58	56	6	36	115	102	50	45	75	64	62	52	129	1	39	45	61	28	88	33	116	119	56	42	59	40	49	89	52	56	50	73	49	71	48	57	69	57
A[T>C]T	262	50	35	50	84	59	80	55	85	88	74	36	75	137	56	87	135	106	67	92	113	93	75	71	87	81	102	70	69	80	113	123	126	159	59	67	103	52	61	40	184	222	85	186	73	31	108	59	85	62	73	279	43	73	59	84	161	54	196	123	54	72	175	102	54	161	60	89	233	68	85	64	88	93	157	65	131	55	57	62	73	134	60	82	49	38	63	69	85	75	93	38	76	106	213	41	34	183	267	49	151	152	63	45	44	219	73	68	73	50	78	36	58	57	77	67	114	91	24	51	43	54	59	124	121	75	62	51	260	73	78	85	112	68	58	168	224	83	63	69	84	57	99	65	131	77	99	73	67	101	65	79	81	118	90	94	60	49	81	93	69	169	62	88	104	1390	189	62	120	122	55	77	66	69	95	106	70	36	314	58	192	81	447	241	172	62	74	42	52	103	59	85	34	108	48	55	79	16	67	176	164	78	51	106	81	83	79	189	0	57	57	129	48	119	73	220	141	78	62	82	61	82	113	75	79	67	90	81	95	63	124	67	100
C[T>C]A	137	22	10	21	46	25	39	10	52	30	23	11	42	102	28	39	66	44	27	63	24	34	26	38	29	37	42	28	34	36	45	55	67	76	31	19	58	19	23	12	65	92	30	86	35	9	76	17	28	28	27	153	17	30	24	44	81	22	86	49	18	22	83	43	44	177	23	41	117	22	31	20	58	43	69	32	69	15	30	22	34	64	24	32	29	9	23	28	37	38	42	14	31	41	93	13	20	121	153	26	76	69	11	15	23	105	37	24	29	30	28	17	21	25	52	25	52	54	10	13	20	23	19	51	53	34	28	21	163	24	40	40	36	13	19	136	153	28	25	23	41	18	40	21	78	28	58	40	34	41	18	45	36	70	33	36	18	20	28	50	31	70	19	31	35	1977	98	19	79	52	31	36	33	30	41	50	28	11	137	19	88	32	270	88	77	33	19	9	22	65	32	52	15	34	27	43	33	7	23	107	65	38	36	62	31	32	26	133	1	28	28	50	16	62	37	117	85	47	25	29	34	30	53	32	29	23	46	43	42	21	28	63	62
C[T>C]C	257	27	14	22	76	27	36	28	262	55	12	16	27	113	24	47	79	44	20	63	27	48	20	32	21	62	40	32	39	25	44	55	88	98	34	24	105	19	33	8	91	108	33	100	34	11	99	24	38	36	18	182	23	38	27	35	101	24	106	32	24	31	117	53	26	461	17	41	113	20	45	35	53	41	167	32	94	17	38	38	45	81	53	37	29	18	16	29	45	63	34	14	34	52	80	16	20	175	161	21	93	115	26	16	13	147	37	30	25	19	27	17	20	21	33	34	52	45	12	19	15	18	39	57	63	29	27	29	184	32	40	39	35	27	16	440	168	34	23	32	33	27	45	16	71	33	38	44	28	50	32	34	20	69	31	36	26	28	31	79	25	86	36	43	43	1363	154	23	62	47	12	27	24	32	35	91	42	14	166	47	78	24	467	139	123	28	29	18	26	60	30	56	30	59	27	37	27	7	36	105	78	49	37	51	39	33	31	154	18	49	15	58	23	67	26	120	96	32	34	38	37	40	53	33	71	23	47	36	44	28	37	116	66
C[T>C]G	188	26	16	37	72	28	35	20	98	48	30	15	26	92	21	30	64	44	38	60	38	36	18	44	34	60	43	37	27	50	37	66	88	86	26	32	90	28	38	10	62	81	26	97	39	17	98	21	39	28	28	161	20	41	27	34	63	22	79	42	27	24	110	42	36	380	29	42	117	20	24	20	47	43	127	44	52	18	20	40	31	55	35	32	21	12	26	41	32	29	49	13	27	34	63	13	20	112	140	27	81	104	20	14	6	93	41	29	30	21	32	13	34	21	41	33	58	46	10	15	24	28	33	47	53	29	28	17	127	17	23	44	36	23	21	245	150	28	30	28	40	27	46	16	77	30	60	34	31	44	20	43	47	58	48	41	23	16	36	57	51	79	21	30	34	2462	107	21	53	49	22	33	38	25	25	45	39	14	132	21	83	28	266	121	90	35	24	23	27	42	23	39	19	42	30	36	43	6	21	97	70	41	12	51	44	40	24	125	0	27	25	53	14	54	22	116	75	43	30	33	41	28	41	20	40	22	55	26	39	25	26	130	34
C[T>C]T	331	20	19	41	123	49	41	22	405	71	28	24	31	156	29	57	58	55	43	85	40	46	37	38	38	89	46	34	58	49	98	115	163	197	32	25	134	36	46	17	160	102	39	121	36	14	137	25	39	40	22	253	21	56	34	46	99	43	110	53	24	40	123	44	34	1106	32	59	151	25	44	44	63	57	357	38	185	30	61	31	37	94	89	57	30	23	21	39	44	68	57	15	44	61	130	20	25	136	208	32	114	259	29	16	19	150	39	44	28	24	33	28	31	15	44	38	68	47	21	18	31	29	28	68	63	57	37	12	164	31	19	43	48	28	20	1350	212	32	38	43	53	37	55	36	73	36	52	49	44	88	39	50	41	64	49	36	17	21	31	141	30	102	32	32	46	2130	320	20	85	79	35	42	39	35	56	88	48	18	201	24	91	38	349	213	105	38	31	23	34	63	28	103	20	71	17	37	43	13	46	140	75	65	33	84	45	40	33	366	3	73	38	105	26	81	28	212	121	64	32	56	29	52	55	48	28	28	69	60	58	25	52	199	85
G[T>C]A	159	36	22	34	45	42	52	27	55	81	31	19	50	81	42	59	78	59	40	64	68	61	32	54	57	53	53	48	40	66	55	102	95	100	57	37	73	44	39	20	110	95	58	125	44	27	85	42	56	40	25	340	27	55	47	69	101	35	87	53	37	40	115	64	43	85	39	61	161	25	48	44	112	80	83	54	93	37	47	46	61	70	38	52	36	31	28	40	45	38	41	22	53	75	116	15	34	105	153	29	110	73	27	24	22	119	63	41	44	41	37	16	46	34	65	40	83	77	21	29	28	38	41	84	62	42	42	26	150	44	45	60	52	35	37	124	119	49	41	49	53	38	64	20	70	44	59	55	41	57	43	65	61	141	65	70	28	29	41	59	47	84	19	52	46	2338	91	41	97	64	31	38	52	35	45	61	69	29	128	36	135	50	258	122	87	62	40	33	45	72	49	57	21	67	35	58	59	10	48	105	63	41	30	110	52	54	37	152	0	47	48	67	41	77	51	146	105	82	28	44	55	61	80	41	42	37	56	51	60	49	48	65	71
G[T>C]C	102	27	14	34	30	30	24	29	52	43	24	14	21	62	35	34	35	33	27	53	39	39	22	22	35	43	30	36	30	36	46	58	64	74	43	31	53	21	24	10	72	73	31	66	35	15	39	14	36	29	18	212	14	26	19	38	47	21	68	42	27	26	53	46	17	113	24	41	116	15	25	26	61	33	74	30	63	11	24	45	32	58	27	37	37	8	15	21	42	49	35	7	24	45	68	19	25	73	98	25	46	63	13	15	21	91	31	38	29	23	26	16	37	18	39	21	56	44	13	15	14	19	29	60	42	32	23	17	94	22	32	47	37	15	17	126	94	34	33	28	48	29	50	23	69	41	36	46	24	53	28	41	38	63	38	48	23	23	22	39	24	37	12	33	38	841	57	32	48	34	19	32	31	32	22	41	30	13	115	34	95	37	205	82	62	39	25	26	36	57	28	32	15	46	20	21	37	9	26	64	48	29	26	55	32	42	29	100	0	24	25	52	19	58	35	71	67	40	25	27	32	29	52	29	29	22	30	31	33	33	36	57	49
G[T>C]G	92	24	15	26	34	29	25	21	56	41	24	8	32	65	33	35	40	44	28	51	43	41	29	31	31	29	47	35	26	29	43	67	66	69	32	18	53	24	29	10	60	73	30	89	36	11	38	21	21	17	25	180	16	27	23	51	69	15	65	42	21	28	81	41	20	116	32	41	121	22	26	35	79	44	61	23	43	27	33	27	38	43	27	39	30	12	25	35	30	35	34	16	29	45	78	11	19	75	128	18	47	62	10	19	11	89	24	29	21	17	22	20	34	22	38	25	65	43	12	20	21	25	27	53	40	29	31	22	148	18	37	33	31	20	18	110	105	23	44	33	48	22	49	24	74	42	38	35	32	59	27	54	40	74	31	28	20	30	25	41	30	46	25	34	30	1730	78	16	50	34	24	42	48	37	23	42	34	13	98	27	82	17	176	98	66	53	22	21	22	48	27	32	14	38	19	33	42	6	17	87	54	24	28	60	25	46	26	83	1	35	27	49	14	51	40	92	58	51	30	19	23	33	38	29	21	23	35	44	38	27	29	39	40
G[T>C]T	173	31	25	40	46	40	54	36	60	65	33	22	47	96	35	47	62	58	48	64	62	57	40	55	54	51	60	59	56	47	79	95	92	119	63	40	63	35	30	21	127	125	40	130	43	20	76	32	53	51	52	268	33	45	41	67	93	40	97	57	34	34	103	69	33	159	39	43	167	41	56	42	67	77	118	40	98	31	36	53	70	77	30	67	44	19	27	50	55	63	51	38	59	72	125	31	22	124	147	49	96	97	23	28	25	100	61	49	45	30	33	29	40	41	54	56	95	72	28	32	27	33	35	69	63	50	52	30	161	35	56	56	50	39	40	209	133	47	62	44	65	39	82	35	87	56	93	66	44	78	42	58	54	117	58	63	53	44	47	64	40	92	34	60	58	1588	108	32	76	55	40	45	50	48	44	61	57	28	181	46	141	45	282	154	111	49	44	28	53	96	54	62	22	73	38	44	61	15	44	96	75	45	51	78	51	65	47	172	1	42	45	63	30	108	59	147	107	49	37	44	53	60	71	63	43	31	61	47	62	52	62	66	70
T[T>C]A	163	42	30	43	68	20	54	26	67	75	39	25	32	155	51	53	61	54	45	93	53	44	34	52	48	68	39	46	54	55	72	100	105	112	54	36	71	36	50	15	111	114	57	125	53	25	99	31	40	33	40	266	30	52	37	75	141	33	101	61	29	38	85	41	45	107	26	75	179	31	48	36	90	78	97	47	118	40	44	55	73	75	36	59	46	26	40	38	52	65	62	16	24	70	107	24	27	136	163	41	100	103	27	26	28	111	47	36	47	35	50	22	44	31	69	39	81	61	11	23	32	21	44	92	64	51	35	27	182	35	43	54	45	26	38	183	146	43	60	48	57	39	62	34	85	42	75	46	53	78	34	55	36	124	60	46	38	35	51	56	46	75	30	67	52	1618	175	29	105	81	34	46	51	51	35	76	44	15	153	48	143	52	342	121	89	58	38	27	31	78	39	128	23	63	30	56	55	18	42	99	75	51	30	81	55	56	38	213	2	59	42	69	40	93	69	172	114	64	35	42	58	66	69	44	40	38	55	47	54	41	58	87	81
T[T>C]C	180	21	16	33	60	30	47	28	42	71	23	14	36	108	39	54	54	52	35	66	41	39	24	28	38	66	48	34	39	38	61	98	82	95	51	31	68	21	33	13	98	129	46	104	46	22	96	21	49	49	28	280	24	27	21	55	75	17	86	63	19	25	89	38	34	175	39	45	140	23	37	31	83	66	88	34	106	31	28	52	41	55	34	44	28	12	21	36	38	51	54	14	43	62	94	15	22	163	128	26	75	79	11	15	30	147	52	39	36	27	24	24	36	20	47	28	59	68	14	23	17	28	21	70	70	44	35	20	165	31	41	40	41	28	22	147	135	34	40	51	56	30	51	24	57	51	52	55	37	60	35	64	46	87	54	45	25	43	41	42	39	84	23	39	75	1064	83	30	71	54	37	50	43	42	51	59	59	16	146	28	99	41	396	117	83	50	41	11	34	58	45	69	18	44	36	40	49	9	30	87	64	49	25	80	48	49	38	136	2	29	30	62	23	91	52	121	71	68	37	30	43	38	74	30	39	24	43	41	64	36	29	91	57
T[T>C]G	84	23	12	17	52	27	28	14	30	31	19	13	20	71	29	37	46	27	34	45	26	34	11	27	29	35	29	26	28	31	27	71	45	58	24	17	63	21	27	13	59	53	34	76	29	14	43	17	15	19	12	101	13	35	17	40	53	18	61	34	11	26	49	24	20	102	23	34	75	15	28	40	45	39	51	20	58	19	18	34	26	38	21	31	19	21	20	33	42	23	37	8	17	34	73	15	9	70	86	28	62	45	17	15	15	55	22	27	21	8	17	21	27	12	50	12	62	36	7	8	15	14	22	32	43	20	24	16	133	25	17	34	30	16	11	99	79	28	28	21	36	23	34	23	51	31	29	27	24	32	20	32	24	60	49	26	17	18	23	37	21	52	17	25	28	1160	74	19	65	43	11	20	33	21	33	49	26	9	69	18	72	16	149	61	45	39	19	10	15	45	22	45	13	27	20	41	28	3	27	50	39	26	22	36	31	27	26	86	2	28	20	35	20	57	29	93	46	36	23	26	27	19	65	35	24	11	31	23	31	15	22	63	39
T[T>C]T	202	36	20	55	83	46	67	40	76	87	43	22	58	129	47	59	62	92	59	102	46	61	40	73	63	76	69	60	38	54	92	132	154	132	63	37	107	37	55	27	116	152	69	175	63	29	146	44	60	57	52	306	32	64	48	90	104	38	124	92	34	59	117	80	60	304	58	79	193	45	64	46	137	102	144	60	119	41	60	77	72	100	35	67	52	29	40	65	61	53	77	19	41	94	125	23	33	167	235	36	110	109	31	30	44	153	80	68	44	35	43	33	53	35	83	38	93	66	17	18	29	50	46	92	85	65	76	42	198	45	53	65	48	43	35	304	178	47	75	56	80	44	84	43	104	57	77	62	46	99	43	72	62	141	75	73	52	44	55	107	51	136	53	61	80	1914	153	45	128	77	53	63	69	70	68	67	47	39	185	48	146	61	364	152	99	63	46	34	45	80	69	90	34	85	38	56	68	20	33	115	101	72	48	91	72	68	51	240	5	54	41	85	40	114	46	220	123	84	58	64	57	59	100	61	67	51	59	57	90	50	61	135	91
A[T>G]A	74	23	4	12	31	12	23	7	29	29	16	12	16	66	8	19	29	37	13	20	16	24	5	19	12	29	19	17	21	23	27	47	43	69	9	13	37	11	8	13	45	52	27	58	21	8	75	21	21	15	10	123	13	16	17	21	48	15	50	20	13	12	36	22	15	46	13	18	62	7	14	17	32	13	56	11	40	12	13	19	22	34	13	21	20	6	7	15	31	28	22	7	12	21	54	10	12	67	80	22	40	39	13	10	13	50	16	15	21	16	15	16	11	16	13	16	16	12	11	14	9	18	14	43	21	16	19	19	50	16	26	23	12	10	13	61	61	13	11	14	18	8	12	9	22	21	31	19	10	16	20	9	11	35	19	23	11	11	25	28	12	35	15	31	22	113	41	9	28	29	20	14	18	30	22	23	9	9	58	11	65	18	142	41	41	11	22	6	14	20	22	61	10	25	13	12	26	18	9	38	26	38	11	21	10	21	20	79	0	22	16	28	15	38	8	101	36	14	17	20	28	23	25	21	23	14	38	15	12	15	18	18	37
A[T>G]C	50	7	2	8	15	10	4	2	8	13	10	8	6	16	4	7	11	12	5	13	14	12	5	14	6	22	5	10	9	10	12	11	23	34	9	6	20	9	6	6	19	10	11	24	6	7	53	6	9	10	7	34	4	9	5	7	16	9	13	7	4	9	19	8	3	77	2	9	48	2	5	11	22	20	41	10	12	3	10	8	7	12	7	14	4	4	6	16	11	16	5	4	4	18	22	8	7	17	50	7	13	22	9	5	9	25	7	3	8	3	7	4	3	7	6	12	12	13	4	3	4	6	6	10	13	6	7	4	22	3	15	9	7	6	7	46	33	5	6	8	11	9	7	3	19	15	13	10	1	12	8	7	8	21	14	10	9	5	10	4	8	17	7	6	13	104	21	3	6	7	6	8	9	7	7	14	11	6	31	3	33	7	78	25	17	9	9	7	5	9	9	15	5	14	6	6	14	3	7	22	13	17	4	11	7	8	11	37	1	5	6	22	5	11	6	32	17	12	4	6	6	9	13	10	7	5	11	5	11	4	12	24	11
A[T>G]G	84	7	6	10	24	18	14	14	20	30	14	9	15	40	12	13	36	18	11	25	14	20	8	20	17	27	7	11	19	24	14	30	20	32	10	8	21	13	10	7	23	57	7	48	13	3	21	6	19	12	7	57	7	21	3	15	36	14	42	16	9	13	48	17	7	54	7	14	44	13	9	20	25	16	40	4	33	11	12	15	20	23	15	11	10	9	11	12	21	5	26	14	15	17	46	11	6	67	118	24	43	42	11	7	8	58	18	7	10	11	14	7	12	11	14	8	11	18	6	6	8	15	15	30	27	16	15	13	69	14	12	13	16	10	10	41	74	13	11	12	21	9	13	9	25	18	32	15	12	20	9	15	20	18	13	21	10	4	23	32	8	45	13	24	29	149	76	9	24	33	11	17	14	7	16	30	20	7	106	10	32	10	224	70	60	7	19	12	9	20	8	8	8	23	13	15	15	4	7	51	45	23	11	16	14	11	14	44	7	12	9	23	13	40	8	49	56	9	17	17	8	17	23	9	29	13	25	13	24	10	12	16	23
A[T>G]T	248	16	11	23	88	19	27	11	65	24	16	12	11	52	14	26	25	34	21	50	17	24	17	23	15	92	21	11	28	27	33	61	86	143	21	20	114	28	22	14	74	54	22	63	25	14	206	21	23	24	18	159	16	30	10	18	45	21	52	30	14	15	55	32	27	764	13	24	83	17	26	20	45	50	188	12	92	12	38	19	20	57	56	33	14	11	13	28	21	52	30	11	16	28	58	15	15	50	107	19	45	103	22	16	10	65	27	28	18	17	29	11	19	15	25	21	48	28	6	5	13	14	12	34	40	24	14	13	58	21	17	19	19	10	11	430	119	19	22	16	24	15	29	16	30	14	23	20	14	36	19	23	24	26	17	19	16	8	36	63	21	60	16	27	25	423	118	15	38	30	13	21	26	19	30	27	18	6	97	11	58	14	153	137	50	16	17	14	24	32	19	79	13	43	18	15	25	7	24	59	44	31	17	54	15	23	20	144	2	35	14	67	12	39	18	112	58	29	17	36	9	21	37	15	21	8	26	20	25	14	17	184	21
C[T>G]A	51	9	5	7	20	10	21	9	16	20	8	4	4	46	11	14	24	15	8	18	15	17	7	16	7	34	16	7	6	13	12	20	17	38	8	9	18	3	8	4	23	36	12	41	14	5	22	7	9	10	11	110	8	8	11	14	26	8	27	22	2	5	35	14	7	55	9	17	59	8	9	9	28	20	31	9	22	4	17	16	10	13	9	14	6	7	8	16	13	10	14	4	10	18	30	12	4	42	68	6	43	24	7	1	2	52	12	16	14	3	7	7	8	7	15	8	24	9	4	6	7	7	9	12	13	12	12	4	38	9	13	7	11	7	8	39	59	5	10	14	18	11	16	10	13	11	11	18	13	17	4	7	14	15	11	7	2	7	10	19	9	32	9	10	12	112	50	9	15	15	7	10	17	9	16	22	22	4	51	9	30	18	117	37	31	14	6	4	9	11	14	23	7	14	5	11	14	1	4	54	24	20	6	27	9	14	12	68	0	12	11	13	7	24	6	61	33	10	7	10	8	15	15	8	11	8	8	17	14	7	9	23	12
C[T>G]C	95	9	11	7	31	11	17	12	119	10	4	8	7	45	11	7	27	15	11	21	14	14	3	10	7	38	14	8	15	17	23	25	35	79	12	6	40	12	10	6	51	24	13	43	12	7	77	14	12	20	13	86	8	12	6	14	31	14	41	21	8	8	83	10	6	184	8	18	47	12	6	13	11	23	83	10	28	9	14	6	9	32	19	18	9	5	6	10	15	14	19	5	11	11	40	12	7	41	89	15	41	46	8	2	1	34	12	10	11	8	14	5	7	6	15	6	12	13	3	2	5	5	10	13	18	6	13	5	65	13	13	16	11	10	11	126	66	6	8	6	14	8	20	8	12	4	25	11	12	20	13	12	8	19	10	9	2	9	16	23	8	31	12	12	14	316	66	5	16	16	6	8	14	5	17	30	18	1	58	6	21	13	138	57	43	11	6	4	13	14	4	21	8	15	7	11	12	2	14	31	29	19	7	27	15	11	7	61	0	19	2	33	10	19	8	35	33	22	8	12	9	7	14	8	11	10	19	14	8	9	12	62	11
C[T>G]G	115	15	6	11	26	17	16	13	39	35	12	4	12	55	8	21	53	30	12	30	20	16	7	16	17	32	26	18	17	22	25	44	50	51	21	16	43	16	20	4	39	37	10	76	24	5	33	19	22	18	10	147	15	22	16	18	52	12	71	26	10	9	89	18	13	110	11	26	103	16	12	12	28	17	67	9	40	18	15	19	20	31	21	25	12	6	26	17	26	23	15	7	14	26	84	10	16	99	137	19	64	64	4	5	8	64	11	21	13	9	12	5	11	5	30	16	23	27	7	2	8	10	12	32	29	23	16	11	122	13	24	17	20	12	9	92	122	9	4	26	25	10	37	15	22	17	19	22	13	26	10	19	23	46	20	18	15	8	17	31	25	52	18	20	24	461	111	23	33	17	15	15	20	17	24	55	26	9	108	12	43	20	260	53	55	15	16	7	11	25	10	17	11	21	9	16	15	2	7	85	38	31	20	44	12	22	20	56	3	18	20	30	17	36	8	64	70	28	14	18	9	19	28	10	22	19	39	21	16	12	9	36	21
C[T>G]T	799	22	10	37	254	65	41	19	630	69	32	34	16	154	25	37	39	51	44	127	36	37	15	37	25	218	41	25	46	47	138	99	377	714	42	39	364	47	20	12	410	76	46	94	40	17	530	32	46	74	20	602	16	88	29	27	74	62	116	53	19	17	200	45	43	2487	29	70	111	31	20	41	65	60	1064	25	193	24	103	36	54	202	212	59	17	32	14	33	35	154	30	10	24	51	73	9	26	100	107	31	87	603	23	9	17	138	23	64	28	5	22	17	37	16	46	23	76	44	12	8	13	21	23	93	122	34	30	19	98	20	38	34	25	21	20	2368	281	27	30	33	75	26	56	23	29	35	34	42	27	96	25	45	42	69	28	19	19	18	43	238	45	121	47	28	46	771	495	25	62	78	17	22	42	22	111	28	28	6	124	17	101	55	275	313	75	31	24	6	32	107	18	228	19	65	12	22	39	8	60	114	47	56	26	133	45	38	33	470	0	194	27	246	27	55	22	265	98	59	23	81	22	37	43	25	29	30	33	56	58	19	85	495	98
G[T>G]A	43	8	5	4	7	4	5	7	6	16	3	1	6	35	6	11	22	14	7	13	6	14	7	10	7	12	7	10	3	7	10	18	9	24	3	4	5	8	8	4	19	22	9	27	1	3	12	2	8	7	6	33	9	6	2	6	17	4	34	6	5	5	25	12	8	28	4	16	42	5	7	14	10	10	24	7	13	2	5	9	4	11	5	10	3	4	3	12	3	10	15	3	6	11	22	7	4	28	49	6	22	20	4	6	4	22	9	2	4	3	5	4	2	3	10	8	11	7	3	2	3	4	5	22	10	7	2	7	34	7	10	5	8	2	4	22	33	5	7	9	9	5	8	2	15	6	5	3	8	7	3	4	9	10	8	6	5	3	14	5	3	20	8	7	14	65	42	6	12	16	6	11	4	7	9	16	6	2	39	6	17	7	81	23	41	3	10	1	8	9	8	12	5	10	5	5	6	6	9	20	15	13	4	12	5	4	3	47	1	7	10	13	5	18	6	26	27	5	4	9	5	4	7	10	11	7	17	5	12	3	9	6	11
G[T>G]C	43	5	2	8	11	9	6	6	12	12	3	2	6	19	4	6	9	5	5	18	10	14	5	4	7	13	15	8	3	5	11	7	12	25	4	4	24	1	7	1	20	15	6	27	3	1	20	7	5	6	5	28	5	10	10	3	16	4	12	5	7	4	17	8	5	50	2	6	30	2	2	6	16	7	28	1	15	5	7	5	4	18	7	15	2	6	2	9	11	11	8	5	11	9	26	3	8	22	48	3	19	16	2	2	5	25	4	4	5	6	5	6	2	6	6	4	10	8	4	3	3	5	4	13	10	8	7	7	27	1	6	5	12	3	4	35	33	3	7	6	12	6	13	6	13	6	7	9	2	7	6	2	6	9	4	8	3	4	6	16	3	11	4	7	4	74	20	5	9	4	5	6	8	3	5	19	9	2	40	5	21	4	68	11	17	6	4	1	7	7	6	6	4	8	5	6	7	1	4	14	15	13	6	12	3	7	1	13	2	7	7	9	5	16	3	26	17	7	5	6	5	7	6	2	5	2	11	9	12	7	4	6	10
G[T>G]G	97	11	7	29	26	11	23	9	25	30	13	5	18	47	4	14	40	23	10	22	8	25	13	12	13	67	17	13	12	15	16	24	18	38	8	12	20	9	17	4	33	28	4	54	11	4	18	11	15	9	5	58	19	14	17	17	46	12	72	28	36	26	60	18	13	60	9	18	72	34	21	26	101	60	72	18	88	37	115	72	61	67	15	18	25	7	20	42	25	19	28	8	18	28	47	16	13	70	115	17	67	40	5	6	9	67	11	8	15	13	15	6	13	8	8	13	17	18	7	7	5	14	14	52	26	17	11	20	98	17	22	11	24	14	6	46	74	12	13	17	19	21	18	14	19	9	21	13	15	20	9	11	14	17	10	15	8	8	21	16	20	43	40	24	18	163	98	14	20	30	5	19	7	15	19	67	16	6	95	11	38	22	213	52	54	13	10	11	17	36	17	17	15	13	24	10	17	6	14	62	40	20	15	31	15	10	16	57	19	13	7	26	19	51	16	25	63	8	16	15	11	18	19	14	69	14	34	18	20	17	9	18	22
G[T>G]T	253	17	9	14	61	20	28	11	142	57	8	14	12	56	19	20	24	19	16	44	15	22	11	26	19	73	22	7	25	25	39	50	109	165	21	14	119	18	10	6	94	43	12	76	17	7	89	11	22	31	7	239	17	35	17	16	38	14	38	29	10	7	89	30	18	679	14	22	73	7	6	21	28	33	254	9	84	8	48	17	29	48	49	36	17	9	11	18	22	50	21	3	16	20	48	11	15	57	80	9	60	145	9	4	15	72	20	36	23	9	10	4	16	10	22	14	34	20	8	10	13	16	21	48	39	15	13	10	55	8	11	18	21	13	7	575	99	12	13	21	19	15	32	13	22	9	20	24	13	41	17	23	15	21	12	10	12	11	21	78	11	47	23	15	22	335	144	13	33	30	9	18	23	12	33	35	28	3	80	9	44	23	187	99	43	14	15	9	17	35	18	46	13	39	12	9	14	8	17	61	25	32	11	43	28	25	18	144	2	46	19	77	14	31	8	101	52	32	9	35	10	22	22	16	19	19	25	19	21	18	34	134	39
T[T>G]A	126	16	4	16	27	9	18	15	41	31	10	10	18	71	19	19	22	27	14	35	24	18	16	13	14	44	19	17	26	16	23	37	36	76	13	12	44	16	22	8	53	42	31	61	16	5	25	12	19	21	14	177	13	20	16	16	63	15	48	27	9	15	35	20	15	67	12	35	81	9	10	16	31	19	52	16	42	7	16	22	22	28	9	27	16	8	16	22	26	40	28	6	11	20	60	10	8	58	114	16	52	33	9	6	18	32	24	15	26	4	7	10	9	9	18	16	15	17	5	8	10	12	14	43	16	18	16	8	67	23	31	25	17	11	9	91	59	5	22	15	30	16	20	16	25	14	20	17	28	33	14	20	19	26	17	19	14	9	21	22	10	39	18	21	29	112	99	14	28	37	9	26	14	12	21	38	22	8	80	9	48	31	176	58	43	19	10	10	8	15	19	66	8	20	16	17	26	13	8	48	28	33	12	30	19	23	13	130	1	27	21	42	28	37	15	102	36	20	10	12	15	26	32	23	19	13	28	18	19	14	18	30	54
T[T>G]C	161	10	3	10	34	15	10	5	19	19	9	9	11	38	14	14	21	13	9	23	21	13	14	13	8	34	10	8	15	11	11	26	30	59	16	9	37	7	16	5	32	34	16	37	14	4	52	11	11	14	7	63	7	11	7	11	30	4	30	12	6	10	42	15	6	114	7	12	50	9	13	9	21	17	43	9	33	8	14	22	15	20	6	14	11	7	7	8	17	11	22	4	8	21	44	12	5	66	91	11	36	33	5	5	6	28	14	13	14	5	9	6	10	8	13	11	15	12	10	9	6	8	11	15	20	10	12	6	55	8	9	11	12	10	8	59	58	12	7	10	19	7	19	4	28	8	17	7	14	19	7	6	6	16	13	11	10	3	11	18	11	28	7	14	17	99	59	4	13	22	2	3	12	7	17	29	18	6	62	10	26	15	113	45	30	8	9	5	3	21	10	32	5	14	12	9	15	5	13	43	29	18	14	17	9	4	8	48	0	21	13	19	8	14	13	47	29	12	8	15	15	22	23	10	10	6	29	18	8	9	9	25	15
T[T>G]G	133	20	3	11	31	15	17	15	36	36	9	4	13	49	9	15	36	27	14	37	25	20	6	17	19	32	21	20	23	20	14	53	31	57	20	12	29	4	15	7	36	52	20	63	24	8	29	13	20	15	12	110	24	19	17	18	38	19	50	28	8	10	57	27	18	98	14	20	74	15	18	16	33	32	48	12	54	8	22	18	22	29	16	34	15	7	12	25	19	12	39	10	22	29	57	7	5	88	105	12	58	39	7	5	18	71	16	14	19	10	11	5	16	10	20	9	23	23	7	9	10	16	15	39	29	21	17	11	74	20	14	25	29	16	5	70	93	11	20	18	26	19	24	12	35	11	29	24	14	30	14	22	12	20	22	15	23	12	24	27	12	47	8	18	28	154	93	14	27	39	14	15	18	9	28	73	16	9	109	12	39	21	261	51	57	16	12	14	11	19	11	26	12	31	14	21	18	1	14	73	39	31	20	30	20	28	20	78	1	15	11	25	18	43	12	85	60	30	11	19	18	20	38	16	17	17	33	23	16	20	17	38	16
T[T>G]T	649	43	15	39	211	48	47	32	118	97	33	20	43	116	51	62	70	78	59	100	43	55	34	54	45	190	55	53	54	47	113	132	220	336	58	41	295	43	45	18	217	98	57	139	58	16	597	51	53	80	36	361	25	74	35	52	132	65	102	68	27	36	110	53	50	1602	48	87	201	24	38	53	93	94	543	46	178	26	89	47	59	143	98	89	34	25	31	55	66	109	76	20	33	68	130	34	22	141	204	51	127	219	26	23	38	129	63	72	44	42	34	32	39	27	72	48	85	49	15	16	27	33	49	86	87	47	52	32	126	44	50	43	57	43	19	877	264	39	44	46	83	29	56	33	55	45	57	58	37	94	43	51	54	85	45	49	33	30	69	145	42	105	46	52	67	487	227	38	93	91	28	37	59	33	68	65	46	19	176	31	136	54	408	252	112	50	41	19	33	94	46	148	17	73	36	41	68	12	48	84	86	70	38	132	63	59	56	313	3	134	45	134	28	107	41	268	114	74	52	67	36	69	77	39	57	48	64	58	70	42	58	528	71
