020fab36-c7de-4933-b2bf-dc7b019a1326	09bc8542-4ea1-4599-91b3-d606425b37e2	6726c157-f688-491d-8b56-35628645df89	0ce6f3ed-bdbc-4b70-9db4-2e48f4bf644d	5a7f3c88-ef02-4e97-8009-5622245b6a09	309f5324-5608-4f62-b744-5ab268b70927	bf7462a2-394f-4838-bcb6-4d0126fa48b1	fa6a60f5-8949-4e01-9435-d3117601627f	2bde43e2-fd4e-413e-adc7-c50bca75d358	23d86395-9e20-4cf9-bf7e-f76544a1f772	0176cf1d-0760-4769-a493-277f4bb7585e	37d0cf1b-1743-4852-8073-372b16b5c17d	fa2c3620-7e82-4b12-b135-87986f0f2890	14bf9bfb-14d6-4cac-a556-828f680e8a15	53d32d8b-5649-42b0-8c52-2c39af2a961b	52910a60-bb15-4ba5-9d09-50d8ee6a445b	dd09c7aa-744a-413d-839f-e75e1825f9f9	de614a3e-1c0d-49c7-a2f1-28bc58e6e5c7	199bbb0f-996c-40c1-b06d-2066f04be778	fa8844f8-c4b6-487a-8187-e30c12a7a453	46693a2b-5105-4770-a9e1-031dfedeb694	68c2a355-862c-4657-b296-5776ed8447b0	53bb7112-3e38-45fe-a9c4-1b0871babf4a	bd3e88b3-b37c-4641-85fa-d8125ba324ca	0b19bee7-5281-4915-9d98-c20eb3e84ecf	bce88385-4a1b-4a8c-920c-060f6a2675d4	49dec0c2-8e75-4f44-a253-82b2ea605890	9c7b3ac8-1352-49cd-8a8c-df6b19f6fd64	3b20d548-2a7d-4031-85a1-425ca7201d7a	23d77176-dfed-4bee-ac96-9934377d8d81	d9cd7f95-07d3-4b87-be83-87340b08d249	15e097e3-e468-466c-8e57-b59fba90bbf2	d5443922-fea5-4ff0-bd6e-8ce04e1951d8	cd0aeed5-93a1-4287-8a88-fe6b7b5e3983	9ffcb7fa-424c-4f93-87a7-ce5e9053c613	b7f11036-7ac4-41bc-a9a4-64162725fdfc	c437535b-2acc-4236-beae-94e2c1336830	34881c6b-f59f-42c0-9f29-9c5c47262ae6	369c06f2-8904-49cb-99d1-dd297ed0cd0c	a762dd44-a8ac-4269-8163-bbf6d0f8d4b3	43aa4123-0fe2-4071-8a81-cbdd0410b917	0bbc7ede-5022-4084-925c-d65baaf7abc2	1c3df485-8e75-4378-87f6-c6463a520624	2045c788-9ea8-4ea5-a5e3-65fc16a62adb	7731ef7f-25bd-42f5-9a20-be249306a711	79eb7bba-f0d8-462c-add7-20a2fb7843e1	b7a7d93b-38a7-4fc3-a433-3bb0a8cb7c42	84e601b7-dfa5-4cd5-9fef-07f03967a0d4	387c6519-6529-4074-a5ab-00f8052a5732	448af8b4-e071-48b0-a65b-b4ad17afdc0c	4c3840df-9824-40db-879e-6d24adc8c155	24badf07-8615-48a3-8d6e-45c3d783f18d	efe4d5dd-fffb-41df-ab86-be06cc16646f	504d4cb0-d2dd-420d-82e6-9ec14434a0fc	8cf9b32d-3d6f-4898-8c7a-89511b754021	48f68f73-3ac0-44ac-ba12-b8889fcb7f38	d18c6e64-9598-488a-8ab3-3652072f9277	649f2c20-5b50-40a8-a6fd-9a51f3d5b9df	fb0c6353-a90c-45e2-9355-7cd16cf756ff	96dc785c-8417-4813-8d15-c32b22d78b74	c48d7f4a-e98a-4077-a749-eb9f56f05b84	e7ebc6fb-0926-4c8a-a67b-0c6b9c1ffaba	6962bc97-fbb8-4220-a600-e3c251e245cb	0e6654c9-cd5e-4f94-a6d4-54f2bb16de1f	935b113e-f5ed-4a07-8e1d-1603daba7f40	89c48e53-c8a9-4518-b3b8-509cdcaff52b	d54ca81c-1bcc-41ea-b17a-9f7249ebe9c1	71a2b4a2-88dd-4911-a67e-70b3309c4a12	706868b5-4920-433a-bea3-92e9bf83059b	2fe2433b-9a55-431f-a869-2b5a63e8e8fc	e9cb8877-8e83-46c0-93f0-ea20530c9400	d2ab2555-7288-47a4-a80c-bf62d65b67b8	4c2ad4a0-5d57-4e27-9f35-058b2f205f50	25224aa0-cfdd-48ec-92e5-8f3992a3e574	abc94013-71f5-4ac6-88a4-01b4ef9f9d2f	9623d295-c23d-4f2f-827c-69f767a26f1f	b88f014e-bc0f-4775-8228-39e0b471c3b0	7ac0b303-d685-4fa5-bfec-34d2ba1dbc8e	7dc5f8ba-0080-43d3-8426-bd527a970761	ee6cc68e-8d2a-41ee-82c6-0fecdf7e6259	a96eddfc-3afb-4bf8-a440-c91778113fbd	fab3d6f4-de1c-4d6c-bdea-ac39a7884657	ad41f1f3-e38e-4418-9c16-52bca5719f39	45e16b70-c3ec-493e-86d1-505ffdf5056c
A[C>A]A	217	331	558	13	24	42	137	95	2502	345	1727	61	119	601	1020	117	66	1304	1631	723	1276	77	2954	7680	4163	1699	646	16	5421	4135	40	969	3231	161	1790	302	550	856	310	1492	722	1691	1643	2128	425	1155	698	1631	1865	1218	1086	314	1034	1760	62	795	1931	1320	4590	1654	1994	437	1112	1168	2290	967	462	1816	1444	2413	1165	925	1918	3528	1228	2130	2797	2197	1586	879	1995	528	837	1570
A[C>A]C	136	183	378	5	29	30	95	50	1610	264	1164	57	94	413	684	74	67	917	957	507	819	39	1801	5046	2514	966	420	5	3469	2660	20	546	1956	121	1246	191	282	434	191	871	379	984	926	1343	223	685	380	925	1146	672	661	162	603	1050	39	425	1185	783	2688	1037	1163	249	599	668	1432	469	262	1180	804	1455	791	599	1178	2161	717	1215	1578	1298	946	556	1212	295	439	952
A[C>A]G	38	35	145	0	7	9	9	16	651	94	429	13	21	156	275	12	10	359	437	173	235	8	799	2211	998	365	132	2	1115	967	5	197	801	14	520	42	38	121	49	351	195	376	343	479	81	255	158	380	462	219	195	70	234	432	11	177	468	317	1014	347	489	86	260	262	390	194	119	406	271	520	346	187	399	763	266	434	615	544	299	217	414	103	179	368
A[C>A]T	130	219	376	7	19	21	92	52	1750	208	1167	42	73	401	659	59	27	906	1074	452	909	42	1952	5220	2547	1147	403	8	3647	2849	23	643	2235	106	1304	183	296	443	192	921	431	1093	1000	1283	282	685	415	1067	1074	650	700	175	653	1273	30	458	1234	866	2800	1066	1220	263	612	699	1544	534	290	1195	969	1553	748	626	1289	2378	750	1381	1711	1413	1014	478	1192	320	525	1034
C[C>A]A	148	239	745	6	24	33	110	56	3355	467	2273	37	80	873	1445	49	54	1911	2174	1009	1717	56	3998	13118	5792	2075	817	4	7349	6091	22	1325	4205	124	2830	292	476	873	218	1845	799	2001	1965	3059	508	1545	739	2031	2508	1556	1261	303	1429	2299	44	832	2776	1597	6061	1818	2446	539	1354	1512	3005	1148	543	2376	1864	3210	1668	1162	2237	4484	1575	2598	3458	2821	1737	1075	2657	564	1066	2042
C[C>A]C	134	184	602	4	22	13	73	42	3202	460	2047	31	68	760	1433	53	52	2030	1869	883	1466	30	3614	12729	4743	1732	646	6	6214	5121	12	969	3568	65	2764	220	245	559	171	1442	598	1497	1680	2533	346	1128	537	1478	2085	1124	949	227	1066	1837	18	635	2235	1182	4934	1388	1799	321	1027	1129	2508	555	414	2068	1459	2776	1485	743	1841	3872	1204	1900	2698	2208	1480	823	2138	407	713	1744
C[C>A]G	26	39	148	2	5	5	13	9	782	119	545	4	17	211	360	14	8	529	505	241	354	5	951	3480	1150	425	154	3	1383	1324	1	243	917	9	665	39	58	145	36	355	178	423	392	671	134	266	161	409	568	333	230	75	305	429	5	183	633	287	1219	368	458	101	282	306	578	223	122	441	345	677	377	186	396	933	317	488	718	638	306	252	573	125	210	385
C[C>A]T	122	240	607	7	15	25	82	48	2956	386	1952	34	50	721	1185	62	34	1760	1846	822	1390	48	3323	12544	4336	1828	641	9	6257	5097	12	1031	3417	77	2355	251	297	613	206	1352	582	1495	1543	2337	368	1066	544	1392	1763	1073	986	243	973	1854	24	671	2107	1115	4587	1440	1819	362	972	1067	2561	763	451	1977	1408	2789	1341	862	1758	3804	1193	1964	2668	2135	1310	717	2014	391	734	1565
G[C>A]A	160	373	404	9	22	29	89	59	1869	246	1273	41	78	497	792	114	52	1129	1171	539	893	49	2044	6095	2896	1079	474	9	3490	2928	18	596	2142	118	1426	289	663	773	210	1067	494	1230	994	1518	381	831	466	1196	1359	853	681	257	757	1227	19	555	1555	959	3076	1075	1280	366	749	800	1516	1051	293	1192	1023	1608	860	686	1252	2388	805	1412	1829	1485	1004	608	1320	375	780	1034
G[C>A]C	110	123	307	7	20	21	70	37	1637	233	1099	27	53	417	761	50	42	1083	1022	463	829	24	1930	5676	2708	938	389	4	3124	2607	12	517	1751	58	1389	132	192	415	121	844	380	971	974	1233	226	665	342	834	1110	705	574	136	604	1069	22	364	1180	685	2573	890	1107	193	586	591	1408	527	204	1171	802	1419	799	569	1033	2126	664	1053	1385	1184	874	537	1158	307	483	991
G[C>A]G	27	32	105	1	4	3	11	13	543	96	383	6	20	156	280	9	11	378	344	152	200	8	677	2033	922	275	143	0	956	820	6	166	655	14	453	36	54	136	29	293	168	347	338	440	84	198	142	330	444	237	161	81	242	362	15	149	568	298	912	306	342	82	232	235	404	198	79	352	257	471	359	178	355	626	229	323	593	408	256	207	411	106	205	296
G[C>A]T	123	237	260	9	10	20	59	44	1263	174	870	25	52	357	499	67	38	769	771	311	655	36	1402	4159	2053	800	339	8	2420	2075	11	383	1409	62	1036	190	412	485	164	639	314	833	701	991	224	550	294	739	825	471	454	169	488	841	18	350	906	569	2011	680	848	249	551	526	1121	633	221	862	667	1109	570	471	891	1568	567	937	1155	907	670	415	867	250	479	676
T[C>A]A	184	631	442	9	31	32	115	77	1897	301	1537	69	93	620	790	126	63	1056	1408	666	1174	84	2404	7288	3584	1488	892	13	4880	3520	18	789	2627	170	1534	917	636	896	421	1432	620	1417	1505	4268	688	1059	610	1456	1536	1025	937	314	982	1571	148	716	1988	1281	4084	1501	1685	586	972	1016	1894	907	407	1573	1390	1972	1662	852	1845	2869	1063	1619	2391	2019	1159	711	2018	505	838	1664
T[C>A]C	189	343	546	15	20	37	114	82	2207	361	1527	66	100	638	996	122	55	1253	1570	710	1172	61	2724	8090	3805	1472	623	8	4913	3817	20	743	2704	140	1885	474	416	669	300	1366	568	1447	1511	3140	426	1055	580	1391	1622	1100	995	292	919	1635	72	618	1958	1109	4346	1394	1632	405	975	958	2166	758	407	1733	1322	2239	1409	787	1685	3048	1012	1616	2341	1988	1256	786	1838	474	735	1510
T[C>A]G	28	55	98	0	7	7	20	12	356	61	239	11	16	117	151	21	8	226	233	120	184	13	449	1407	583	221	108	2	672	604	2	126	471	15	324	76	74	131	52	228	127	233	210	561	95	188	120	261	295	177	162	72	166	258	10	135	382	207	688	224	297	56	161	184	271	174	69	264	204	320	294	166	294	456	162	260	402	342	194	168	287	89	147	251
T[C>A]T	296	579	488	8	42	44	157	137	2134	302	1618	97	127	662	882	155	68	1223	1598	690	1242	122	2600	8668	3482	1692	804	10	5134	3896	15	815	2762	215	1674	658	830	1050	438	1468	638	1502	1450	3396	608	1060	668	1684	1567	1119	955	367	960	1601	67	733	2156	1285	4154	1467	1659	630	986	1174	2025	1264	468	1655	1290	2247	1410	978	1841	3125	1028	1850	2502	2137	1293	767	1901	557	920	1545
A[C>G]A	106	113	99	5	9	12	53	26	710	90	413	35	23	201	322	32	21	310	305	162	297	22	689	1380	1377	363	199	2	1659	1361	11	260	735	45	520	142	124	259	157	470	221	510	463	1019	120	408	204	602	656	356	320	98	337	562	19	253	597	435	1503	532	599	205	439	412	691	303	182	536	451	467	378	320	711	818	486	807	944	720	604	294	604	212	284	568
A[C>G]C	67	75	55	1	6	4	32	25	279	46	174	11	13	94	142	32	15	158	173	96	142	18	253	604	528	154	107	1	722	603	10	97	299	24	248	94	73	172	95	230	105	213	200	454	79	190	106	257	292	167	135	61	137	270	3	112	237	189	574	264	275	93	217	194	274	180	112	263	217	222	216	173	273	350	232	316	389	352	264	132	312	119	151	244
A[C>G]G	31	14	18	0	4	1	16	4	136	20	72	5	3	31	61	4	4	91	51	34	50	1	111	337	234	63	34	0	307	253	3	37	119	13	94	16	18	68	42	101	43	78	110	196	30	97	30	108	138	69	62	29	69	151	2	47	125	99	243	91	127	55	75	98	127	68	49	183	107	86	80	80	198	151	83	159	186	109	267	46	136	39	62	120
A[C>G]T	97	92	85	3	16	16	49	40	477	73	299	26	36	162	224	42	24	205	229	141	258	20	393	892	888	304	177	4	1197	885	13	174	428	61	330	149	165	218	142	359	185	330	347	831	141	333	179	364	446	293	235	97	191	357	23	158	390	348	985	378	471	151	328	284	482	276	142	427	386	326	295	258	524	578	408	586	609	553	438	195	494	248	233	436
C[C>G]A	64	83	85	3	8	8	46	16	553	83	297	14	19	161	264	15	17	323	310	146	254	10	527	1382	1097	319	153	1	1281	1136	3	107	526	37	436	135	80	207	134	350	164	380	354	977	108	324	162	363	507	329	226	67	244	425	21	175	606	346	1113	387	456	161	379	299	500	194	129	446	420	406	388	238	566	655	384	586	677	551	465	210	568	146	186	524
C[C>G]C	58	54	78	0	8	7	48	17	413	79	251	6	20	127	206	23	10	299	212	124	192	15	437	1302	723	212	108	4	899	833	7	88	411	36	377	91	86	178	128	279	128	258	242	635	85	237	123	340	462	254	187	60	212	282	13	129	457	277	836	280	321	104	240	266	396	129	121	393	293	292	259	167	428	533	289	425	542	470	358	174	459	118	171	375
C[C>G]G	26	14	32	1	1	7	18	4	170	32	105	4	5	64	76	6	1	122	96	48	76	2	190	565	333	81	50	1	381	331	3	42	173	8	172	19	30	76	39	118	45	135	135	293	32	91	78	171	207	115	64	37	86	148	4	54	191	127	344	146	149	54	95	135	113	72	53	165	107	133	95	80	188	218	114	191	235	177	200	75	187	48	66	189
C[C>G]T	88	94	82	1	13	16	57	30	464	92	280	22	28	193	225	35	18	286	260	147	225	26	468	1291	980	292	164	4	1354	965	11	140	494	63	435	178	158	228	183	385	163	321	363	946	131	305	183	417	534	308	247	90	225	366	21	152	486	335	984	407	402	186	346	276	488	182	146	410	388	400	325	237	548	615	384	565	658	546	473	200	562	195	237	468
G[C>G]A	37	40	77	6	4	4	32	12	407	59	229	6	11	125	186	15	6	206	206	97	152	6	355	991	875	198	89	4	837	798	4	118	393	25	355	71	62	134	72	250	128	330	244	500	79	247	105	285	364	194	179	62	188	317	8	102	383	229	832	287	363	77	246	202	375	180	81	356	284	306	226	163	363	496	272	434	541	331	321	148	379	103	166	332
G[C>G]C	39	35	65	5	9	5	22	14	342	68	183	15	12	144	171	23	6	192	189	85	193	6	397	921	625	193	113	1	823	658	5	116	347	27	303	79	67	140	72	242	93	223	233	438	73	183	89	257	310	217	140	56	164	246	8	97	285	206	678	284	296	65	199	184	361	115	85	265	238	264	239	156	311	423	225	345	477	356	237	145	348	122	121	244
G[C>G]G	14	8	22	1	1	3	2	3	160	25	94	8	2	46	77	5	1	74	86	31	58	2	150	451	282	73	44	1	278	285	2	42	162	1	107	13	15	35	19	86	35	85	93	206	21	73	45	110	171	58	50	18	80	118	4	41	141	94	301	75	93	32	91	95	136	42	24	130	90	112	105	58	123	164	70	123	211	142	152	69	145	28	54	100
G[C>G]T	67	58	56	2	6	11	31	16	339	60	173	11	16	116	134	31	11	207	146	75	176	8	265	715	582	174	113	2	763	642	7	103	341	35	279	98	77	118	97	242	96	217	207	537	78	187	76	242	270	179	147	41	143	226	14	103	256	188	623	240	287	116	210	173	315	108	83	318	221	259	197	163	364	363	211	349	389	296	312	125	275	112	109	264
T[C>G]A	244	1444	131	2	21	11	107	47	661	916	514	52	68	747	282	102	109	307	667	188	1389	36	595	1437	2602	1512	2404	5	6228	1632	13	198	1052	224	581	3219	271	1059	1138	1366	296	569	2176	13880	1812	1045	362	970	577	449	1076	185	281	1201	555	443	1066	964	2567	1717	743	2144	1159	435	838	408	527	743	1292	1161	3317	427	2195	889	652	1168	971	2652	643	300	1385	729	393	2569
T[C>G]C	154	352	92	3	16	13	64	26	530	272	353	40	41	306	240	56	38	288	331	146	488	22	439	1236	1183	497	532	2	2296	1090	10	180	580	87	488	763	171	424	345	583	210	404	690	3151	467	484	210	497	503	355	406	117	294	582	109	237	655	488	1277	634	482	586	538	355	542	231	273	538	593	513	870	300	844	651	398	645	768	1019	463	209	754	311	263	894
T[C>G]G	20	93	26	1	0	1	11	3	97	44	90	5	8	62	46	4	12	58	75	32	124	1	94	324	265	91	158	0	421	247	1	31	136	5	105	129	21	76	87	107	49	87	148	675	109	80	40	108	118	54	66	20	58	114	12	56	125	90	311	110	95	102	115	75	109	52	41	119	113	95	182	41	218	151	81	127	150	193	124	42	178	64	48	172
T[C>G]T	356	1710	164	7	27	36	166	83	826	1015	677	114	105	925	381	129	138	450	949	277	1546	58	772	1732	3052	1656	2647	8	6966	2090	31	266	1185	371	876	3543	464	1334	1508	1793	436	735	2480	16558	2173	1211	474	1275	889	728	1275	269	456	1243	717	609	1334	1085	3135	1800	1058	2369	1478	586	1045	573	761	1034	1603	1424	3539	619	2584	1262	886	1452	1223	2854	835	441	1961	874	633	2784
A[C>T]A	200	208	210	16	49	55	126	86	627	193	566	67	116	328	340	113	65	448	534	301	580	163	803	2022	1723	571	413	17	2252	1546	41	282	919	152	625	364	241	453	281	728	367	668	561	1309	272	521	374	862	915	608	461	216	485	693	64	413	803	741	1651	859	829	300	551	621	823	658	276	702	696	649	669	517	924	1072	642	1089	1198	963	746	451	952	359	581	808
A[C>T]C	116	90	89	8	30	32	50	49	345	89	250	38	70	169	173	63	48	218	240	155	250	75	424	1073	723	236	196	7	953	781	17	148	402	81	333	176	169	249	121	328	198	276	276	692	136	208	171	391	521	265	197	111	242	322	26	182	461	354	668	401	352	129	262	315	388	329	133	321	267	308	311	235	360	480	305	437	499	479	346	223	530	194	278	324
A[C>T]G	450	234	135	49	94	158	265	294	314	117	308	319	271	306	196	150	218	168	273	173	236	154	330	569	423	265	230	31	747	534	148	121	280	296	251	263	368	280	309	302	202	271	280	596	176	219	182	339	243	215	249	208	277	265	159	249	345	330	441	248	277	353	309	283	292	361	230	349	314	240	339	270	317	401	249	401	346	882	346	486	295	226	242	301
A[C>T]T	133	160	140	13	21	39	101	85	439	85	321	56	74	240	234	67	45	297	304	197	278	58	479	1094	1082	331	226	6	1524	990	20	191	490	90	356	219	196	347	222	448	223	355	326	833	145	323	244	553	591	330	263	125	287	382	34	242	469	544	944	549	495	213	353	410	516	416	200	443	424	412	380	346	587	620	393	678	657	561	525	267	632	260	343	502
C[C>T]A	191	175	219	6	34	50	111	89	931	253	737	73	101	421	499	98	77	637	656	400	844	141	1015	2375	1887	670	555	12	2972	2224	47	378	1030	137	931	496	223	504	250	747	371	670	674	1614	337	612	373	864	992	707	490	248	593	737	72	425	924	708	1764	885	894	318	629	667	908	685	287	812	860	783	780	534	856	1274	742	1354	1265	1086	760	487	1143	379	606	864
C[C>T]C	122	112	189	10	32	41	93	88	709	182	488	34	92	349	449	100	50	499	448	305	463	87	771	2008	1366	487	351	8	1915	1597	28	249	732	118	719	255	172	343	174	571	301	462	477	1183	178	448	285	607	830	525	335	207	431	522	46	282	704	563	1151	633	612	214	482	570	661	455	214	562	553	597	590	379	522	861	558	848	917	775	517	371	855	292	450	542
C[C>T]G	296	149	100	29	46	95	170	160	279	101	254	207	163	266	210	129	168	192	253	183	206	73	291	609	517	237	245	27	698	636	88	105	287	148	297	214	234	210	238	307	178	268	287	623	181	200	165	348	322	223	203	170	247	223	95	199	374	293	514	291	292	241	282	278	301	260	170	294	290	251	316	211	283	398	236	403	386	967	297	475	337	173	190	310
C[C>T]T	149	175	238	12	47	48	126	81	1074	223	703	58	111	478	586	79	63	703	672	380	660	86	1144	2863	2404	669	403	11	3071	2272	33	396	1156	142	974	367	230	466	237	839	380	687	627	1586	268	569	382	908	1218	653	478	238	568	751	66	425	959	769	1900	984	950	291	617	706	977	554	271	811	820	879	775	522	965	1339	716	1327	1343	1074	843	502	1302	369	543	889
G[C>T]A	170	141	133	6	42	35	110	96	367	146	348	67	108	269	219	130	58	284	298	246	404	132	443	1179	1190	372	308	10	1437	981	31	176	469	136	424	353	221	355	204	560	313	512	350	924	248	386	261	598	567	556	309	219	362	433	60	311	634	574	1066	570	651	237	450	394	573	550	201	480	452	389	446	414	636	563	467	657	671	622	525	342	653	354	424	504
G[C>T]C	150	107	117	12	29	35	101	86	372	110	289	52	106	255	203	97	60	282	238	174	279	105	376	1034	845	283	249	14	979	726	32	126	433	99	366	233	214	277	132	424	254	337	299	651	189	295	192	420	503	347	220	167	283	312	42	234	465	366	687	415	452	184	385	304	419	412	141	378	335	343	384	330	475	481	317	412	527	501	414	303	495	304	306	413
G[C>T]G	379	173	107	45	83	109	212	237	290	82	223	239	218	244	168	167	162	150	246	122	246	103	217	441	411	223	203	18	590	434	112	69	270	201	206	216	272	238	231	283	222	231	242	469	179	227	146	323	233	239	238	191	291	218	109	200	355	276	365	243	272	254	296	307	222	326	153	254	232	211	284	218	271	303	230	255	309	740	262	418	268	355	220	268
G[C>T]T	137	106	127	11	33	38	98	70	426	128	283	65	106	236	206	79	51	272	306	158	280	61	442	1002	1003	295	261	9	1219	841	37	184	438	76	368	231	187	294	159	439	246	394	329	672	138	302	241	442	498	359	250	157	284	328	43	220	503	425	823	522	519	223	319	331	458	373	137	374	363	378	341	350	516	563	327	473	569	548	446	291	527	309	329	410
T[C>T]A	369	1544	233	15	49	78	252	196	766	1186	1076	133	259	1323	384	199	263	468	1336	392	5203	206	939	1616	3805	2942	5341	6	8150	3328	67	310	1383	581	905	6523	462	2558	1542	2050	518	745	2207	13609	3302	1126	642	1627	1035	715	1402	420	643	1245	797	704	1641	1635	3213	2524	1191	2753	1054	654	1030	963	724	856	1461	1472	5096	738	2323	1238	671	1333	1253	2914	724	599	1940	867	915	3930
T[C>T]C	233	360	166	12	40	75	181	120	667	414	606	103	166	586	376	176	119	397	578	311	1395	157	739	1542	1673	857	1277	14	3011	1856	35	234	808	260	799	1464	298	808	504	866	379	540	734	3431	832	557	372	786	757	546	588	280	447	680	171	380	805	829	1479	1025	705	761	606	535	702	625	337	585	732	702	1328	506	877	856	496	772	866	1178	631	471	1000	431	529	1182
T[C>T]G	210	236	60	23	42	71	135	153	155	183	212	133	135	239	103	86	124	127	232	107	483	56	187	330	494	328	696	23	903	579	67	59	227	155	208	762	182	291	287	295	120	163	315	1759	462	157	143	272	175	147	219	121	154	202	128	174	289	305	479	322	208	447	264	182	150	221	124	201	204	184	687	182	295	279	145	213	225	631	177	241	330	195	181	478
T[C>T]T	257	804	205	12	50	65	205	169	913	692	811	127	198	930	465	185	178	563	996	371	2972	139	933	2034	2821	1767	2945	13	5438	2693	60	347	1166	408	938	3481	347	1487	943	1401	454	698	1225	7329	1722	747	519	1254	967	668	858	320	580	876	416	507	1215	1298	2297	1643	1011	1479	795	632	907	722	495	690	1042	1031	2790	613	1448	1233	603	946	1222	1731	732	527	1544	599	690	2276
A[T>A]A	66	113	122	2	25	23	53	53	417	87	403	41	86	237	216	43	34	268	393	238	344	23	576	1992	994	367	217	7	1379	1003	13	210	612	79	371	134	109	225	134	428	244	433	351	897	124	320	291	561	686	443	263	110	371	347	28	292	622	457	1138	630	530	165	594	460	458	327	190	603	455	460	445	319	530	703	461	666	794	750	545	255	936	300	376	401
A[T>A]C	66	67	66	4	29	21	41	44	219	53	170	31	55	114	126	61	51	178	171	99	168	41	239	755	353	146	145	4	550	414	28	97	245	56	190	109	99	116	91	145	98	149	132	357	56	151	105	215	200	150	127	51	111	119	29	93	262	188	380	198	209	92	168	157	221	190	102	201	148	194	174	155	248	331	159	203	256	251	203	91	316	152	117	169
A[T>A]G	75	90	159	6	24	23	34	49	570	138	408	41	58	257	296	43	41	367	390	243	324	24	622	2358	1033	375	193	2	1358	1099	12	187	678	64	504	105	134	245	123	393	201	352	348	749	119	258	207	490	524	349	244	88	326	383	30	227	632	416	1098	522	484	132	365	343	469	229	173	494	369	482	455	266	516	802	405	463	729	684	436	252	761	209	268	441
A[T>A]T	135	144	100	8	33	26	84	82	320	76	269	76	80	222	150	70	37	225	248	181	267	73	361	1174	642	299	294	12	1024	745	17	149	427	103	259	165	148	234	163	338	211	293	216	657	158	260	212	416	363	298	199	117	269	245	37	199	531	355	717	420	373	158	376	351	353	352	162	428	287	314	333	342	469	500	317	396	566	497	415	215	552	246	272	353
C[T>A]A	68	79	133	2	7	16	24	22	570	132	406	21	41	228	288	20	9	383	466	282	338	15	657	2758	1200	372	193	2	1568	1397	5	267	676	42	528	108	87	161	62	396	215	403	364	1025	97	346	180	502	621	425	252	74	369	437	16	259	606	438	1309	568	512	112	451	452	552	244	177	650	455	529	490	310	549	829	483	677	903	817	488	244	991	205	309	422
C[T>A]C	55	85	99	6	17	11	31	22	458	103	319	13	42	181	242	32	34	334	313	266	296	106	477	2330	814	284	311	3	1176	1083	12	165	455	43	467	82	126	165	99	309	139	268	268	805	83	229	150	370	435	278	203	58	248	307	10	160	486	355	861	398	352	130	255	296	415	188	167	398	342	350	340	207	419	624	323	410	604	547	370	186	607	132	180	386
C[T>A]G	64	97	245	5	12	14	46	28	1111	201	751	24	54	409	624	24	23	745	704	540	576	60	1266	6048	1941	679	355	5	2515	2557	9	451	1247	36	1132	123	127	253	90	607	290	598	637	1567	149	536	333	740	1064	590	411	134	533	724	15	354	1149	645	2036	738	853	149	626	584	967	273	323	929	670	876	835	357	811	1484	670	784	1391	1229	615	413	1402	259	397	748
C[T>A]T	60	113	111	2	16	14	44	32	486	95	360	43	42	219	255	24	40	354	363	370	338	108	589	2430	1107	362	602	4	1398	1301	13	213	568	42	539	108	141	189	170	388	200	354	371	1160	98	370	240	467	577	403	292	74	371	459	32	240	738	450	1123	500	471	146	445	556	563	217	221	613	475	412	410	328	626	738	482	655	792	745	616	241	862	218	300	535
G[T>A]A	36	54	84	3	2	5	19	9	376	100	292	10	30	174	213	12	21	231	274	195	213	13	439	1785	787	238	128	2	1121	873	3	164	468	24	335	56	52	120	60	289	148	306	268	692	95	227	171	368	427	298	189	67	273	273	9	173	483	311	837	399	391	91	328	301	353	183	123	414	305	324	357	184	384	535	311	427	601	565	369	197	584	164	201	323
G[T>A]C	42	45	44	1	14	5	23	19	165	53	144	15	23	75	94	23	19	129	115	96	116	24	187	703	305	111	130	2	408	376	3	66	217	26	155	48	65	92	59	143	58	105	115	297	41	123	75	170	159	113	89	34	98	128	8	80	173	152	290	157	169	63	110	111	148	76	59	194	123	136	150	97	147	232	139	135	244	193	150	67	241	72	92	137
G[T>A]G	50	48	116	4	9	8	27	12	537	122	359	13	26	249	272	16	21	351	331	240	274	30	540	2382	1000	325	154	5	1255	1166	10	209	583	34	501	62	66	167	82	332	201	326	310	772	94	278	206	389	516	330	256	83	309	344	13	210	607	359	996	447	425	117	319	328	491	224	171	533	330	421	452	199	431	739	364	480	715	638	359	238	757	164	228	371
G[T>A]T	54	60	66	2	11	11	34	22	242	66	186	19	39	150	144	19	25	219	179	160	171	37	288	1058	562	183	194	3	719	592	7	118	313	38	232	76	92	117	94	223	121	205	187	577	56	190	160	303	325	209	151	52	219	219	15	141	337	252	516	277	261	110	235	248	300	139	134	342	231	223	275	184	370	394	246	304	432	363	357	164	462	124	185	251
T[T>A]A	96	129	117	5	23	18	45	67	415	84	340	45	74	220	203	56	16	244	342	253	322	43	485	2038	957	330	213	4	1301	1034	21	205	558	61	396	141	135	244	135	395	217	457	298	971	156	356	263	563	615	464	287	105	369	353	21	295	751	481	1155	655	533	156	536	531	498	367	196	630	472	392	495	317	519	671	479	705	850	753	561	283	989	284	365	475
T[T>A]C	55	54	55	3	12	11	33	19	201	52	203	20	27	90	112	30	29	155	150	126	143	46	252	1004	388	172	157	0	643	507	3	100	268	28	225	74	93	146	85	179	112	166	133	467	52	174	124	222	261	214	133	51	153	184	16	119	331	234	486	313	266	95	177	229	240	180	122	237	195	192	237	194	271	301	198	279	307	330	266	115	371	125	143	217
T[T>A]G	42	40	77	3	8	6	25	19	337	80	306	12	26	187	202	22	17	269	284	215	219	22	432	2076	824	272	158	0	1039	877	7	163	521	30	401	72	68	152	59	266	165	303	280	596	75	224	161	368	388	295	212	84	216	297	14	170	511	339	809	400	426	101	283	253	393	184	155	396	339	339	356	230	352	590	317	438	542	496	328	173	596	141	178	316
T[T>A]T	69	148	98	5	19	16	61	47	307	79	281	35	57	171	142	36	42	222	275	230	283	127	395	1335	848	313	354	3	1032	806	15	172	434	85	325	132	176	270	191	381	232	336	277	942	105	347	235	500	498	364	257	116	337	366	21	229	570	450	862	620	442	172	410	552	462	369	230	566	386	320	395	371	628	551	376	518	720	615	578	249	755	253	341	480
A[T>C]A	182	195	177	6	74	63	113	116	654	196	603	91	124	499	367	101	77	388	592	504	418	111	933	1854	2085	550	367	22	2909	1987	41	391	1123	136	619	267	183	637	271	1078	668	1040	781	1724	342	821	630	1205	1496	1041	691	443	785	941	75	724	1238	1149	2747	1351	1474	406	1365	961	1159	735	485	1274	1143	590	1002	756	1087	1391	1303	1661	1764	1447	1243	846	1682	835	690	1038
A[T>C]C	82	64	33	4	23	20	38	61	99	39	102	23	34	100	68	34	27	103	99	114	93	61	171	297	337	115	147	5	519	348	8	62	129	45	127	88	82	125	111	155	113	168	132	383	64	173	101	195	204	185	109	100	124	145	16	101	206	222	327	254	210	106	222	165	201	165	95	265	177	124	161	129	261	237	225	243	280	219	285	137	297	172	136	195
A[T>C]G	117	114	122	5	33	37	86	73	452	145	391	50	72	348	273	59	53	268	365	336	309	71	601	1198	1486	369	237	6	1798	1268	16	142	669	86	451	156	131	467	207	728	441	641	503	1046	215	537	386	701	799	624	504	278	600	525	50	435	772	671	1625	849	915	261	717	591	771	486	333	811	684	406	641	530	684	844	799	979	1119	1401	732	610	1036	581	419	648
A[T>C]T	174	148	145	8	79	66	109	109	293	108	327	96	101	293	196	102	52	217	290	282	283	83	443	823	1076	300	303	12	1306	953	43	195	488	139	334	237	219	369	301	585	374	470	400	998	186	437	303	621	705	560	392	249	371	506	54	389	612	596	1192	713	632	285	750	605	566	509	290	695	569	327	454	461	607	675	672	826	872	747	788	429	844	545	434	555
C[T>C]A	87	66	83	4	18	21	46	36	308	72	247	47	37	194	172	40	24	211	254	279	219	125	453	1124	1155	241	250	5	1502	1103	24	198	453	55	331	108	89	252	83	452	268	450	338	931	118	425	238	536	716	467	314	154	393	416	15	289	524	454	1266	601	620	168	637	423	532	335	232	581	517	247	457	274	520	625	655	845	811	764	597	370	811	349	292	459
C[T>C]C	78	76	34	3	17	16	46	37	156	45	135	30	29	105	100	50	30	165	129	216	134	328	220	498	445	152	684	7	655	576	10	81	188	46	206	115	120	130	121	207	124	173	149	463	72	230	91	201	251	191	133	59	147	234	15	111	198	206	395	239	261	101	200	196	277	169	135	315	237	145	177	154	339	273	315	290	323	482	376	227	293	181	139	250
C[T>C]G	80	56	78	4	16	6	49	37	374	68	247	23	33	243	248	36	35	250	263	301	209	227	388	1056	1111	253	523	5	1203	1013	9	128	436	35	362	112	99	261	97	380	238	418	299	761	116	352	214	449	565	413	306	151	343	347	24	252	464	379	1085	504	538	136	484	337	498	233	195	527	429	287	373	272	411	637	512	654	768	830	528	326	675	285	285	384
C[T>C]T	108	83	55	4	19	19	54	49	198	33	214	37	34	149	161	39	26	180	169	458	189	435	275	629	836	211	1772	7	1028	962	11	129	279	50	307	128	121	223	179	352	221	309	245	781	90	343	176	419	539	368	231	103	242	423	22	258	433	344	831	426	388	180	461	352	382	238	170	461	387	180	294	260	423	423	449	606	507	494	516	291	604	324	263	490
G[T>C]A	106	82	70	8	39	24	45	70	256	98	220	50	69	211	173	52	38	191	242	222	210	50	338	803	1031	251	205	6	1331	867	18	167	432	70	274	136	112	306	147	457	355	504	322	759	147	425	286	463	555	485	343	204	304	430	36	279	525	452	1089	615	680	170	618	380	538	408	183	578	463	246	421	312	448	529	608	769	795	619	580	363	657	442	308	443
G[T>C]C	68	49	35	5	23	16	47	42	103	35	76	25	44	96	60	38	26	81	87	83	108	56	114	335	242	86	179	3	442	247	17	46	139	42	95	86	65	111	81	145	105	114	102	242	71	134	71	137	137	108	103	59	101	108	16	62	112	140	238	164	138	83	169	131	146	129	85	168	122	80	142	88	216	167	196	165	198	174	201	102	204	163	92	160
G[T>C]G	81	52	65	0	12	12	41	43	203	65	155	33	44	156	145	37	26	139	152	158	142	74	253	530	724	173	169	7	864	598	11	80	277	31	226	113	80	220	120	316	187	331	213	557	111	291	218	316	347	285	272	127	458	274	20	180	382	320	721	388	456	99	333	246	431	219	135	477	298	170	353	311	388	410	421	500	518	1723	390	616	518	267	242	297
G[T>C]T	116	79	67	7	53	23	83	82	173	83	177	54	74	164	125	66	40	131	151	185	162	58	231	419	663	188	285	11	837	533	27	92	257	73	194	130	114	205	143	324	237	293	189	619	110	285	178	355	422	330	199	150	254	251	26	215	404	343	564	413	338	165	389	297	348	339	174	432	307	164	280	269	366	348	394	497	469	417	456	221	429	331	242	313
T[T>C]A	113	113	77	7	33	36	68	76	307	95	263	50	44	233	188	49	35	174	230	252	218	107	367	711	1041	254	237	6	1314	879	22	209	448	89	290	127	93	301	138	489	341	482	332	798	173	487	268	517	609	541	331	191	358	436	41	316	577	513	1170	694	796	164	659	439	516	456	227	611	517	266	398	304	528	577	630	1045	760	661	831	376	782	465	342	526
T[T>C]C	85	92	33	4	23	23	57	47	124	41	125	38	41	80	68	50	27	87	94	96	111	179	140	303	306	118	297	5	524	348	13	57	136	47	136	88	75	146	114	199	110	158	121	382	62	212	98	182	160	171	108	79	116	177	18	128	184	194	352	245	222	101	212	166	208	175	122	259	204	106	134	130	274	211	280	273	242	222	341	128	275	195	143	196
T[T>C]G	45	39	42	3	30	12	36	37	152	58	139	23	30	159	127	34	16	101	121	132	118	92	227	412	594	129	171	3	714	473	8	62	251	32	183	87	74	199	106	261	171	284	187	426	98	295	248	267	258	259	219	127	578	295	30	175	327	306	639	380	362	90	303	261	426	239	150	484	351	137	236	324	349	329	352	538	479	2416	362	716	465	225	240	266
T[T>C]T	109	111	69	6	38	26	77	84	179	68	220	70	61	164	136	69	43	128	168	214	196	198	215	436	648	206	399	7	942	669	12	112	283	79	193	138	124	269	163	341	241	321	251	713	122	352	224	438	463	402	225	172	266	294	31	242	418	388	761	492	428	208	543	420	371	370	210	501	419	179	277	288	437	380	500	660	536	469	574	247	536	404	322	337
A[T>G]A	35	25	28	4	10	13	21	28	94	31	123	14	15	82	63	19	11	59	85	58	113	35	104	260	250	66	93	2	336	232	5	41	105	35	84	67	44	86	49	113	72	126	81	227	31	99	55	133	142	151	73	43	78	113	12	80	122	129	257	151	229	59	203	113	138	91	70	177	128	101	98	98	146	155	157	176	173	204	321	79	240	95	90	143
A[T>G]C	16	14	3	0	9	5	18	14	18	10	41	15	7	43	19	8	9	21	27	29	33	93	22	61	63	28	121	0	144	83	7	15	32	14	36	33	32	46	34	37	19	34	30	81	19	36	22	49	44	48	29	21	24	40	3	23	42	62	69	58	48	29	50	54	51	42	29	60	48	34	30	41	60	47	50	40	58	59	56	23	54	41	44	60
A[T>G]G	46	42	26	2	5	8	31	14	68	18	81	13	12	50	64	16	10	87	78	65	87	31	119	443	195	73	96	0	341	243	9	40	105	28	107	45	71	85	73	123	64	85	82	255	33	100	70	160	142	95	79	46	74	108	6	55	161	118	258	139	125	63	105	134	128	74	70	150	121	83	120	87	171	160	149	172	194	176	174	68	207	71	86	131
A[T>G]T	60	49	18	5	16	8	31	26	58	22	77	20	18	52	40	29	8	63	41	148	74	551	55	141	192	67	1078	0	358	311	6	33	71	32	85	72	81	134	73	101	88	84	58	245	29	72	75	105	92	119	66	41	73	100	12	59	116	115	122	151	128	76	153	111	93	128	55	117	114	58	66	100	128	135	108	102	130	127	123	73	146	99	81	157
C[T>G]A	21	29	21	0	5	6	15	14	66	17	56	12	8	45	32	11	7	52	55	51	70	47	50	210	195	57	86	0	228	206	1	30	70	14	70	35	27	69	42	78	49	76	66	203	35	69	57	123	150	96	58	39	72	81	2	38	103	82	187	126	106	34	116	87	109	71	60	152	90	71	67	64	115	109	101	166	132	155	145	67	184	45	86	99
C[T>G]C	35	17	22	1	7	6	15	16	40	15	47	7	15	25	29	16	8	59	48	101	56	154	59	139	159	51	312	0	220	193	4	15	63	19	62	48	38	60	50	80	42	64	46	189	25	63	32	84	73	59	44	38	51	93	2	35	72	87	144	90	82	37	65	66	61	63	53	100	77	43	66	51	102	81	87	81	116	129	126	57	106	47	48	122
C[T>G]G	44	43	49	0	8	10	32	19	175	30	137	10	23	75	84	20	11	151	125	97	96	101	199	704	421	150	235	2	552	454	7	47	188	26	172	58	64	122	85	159	85	170	138	440	42	133	61	229	283	150	122	43	125	133	3	88	237	175	432	177	211	77	165	139	228	88	84	208	198	155	182	110	246	298	197	252	280	292	213	118	333	86	120	223
C[T>G]T	81	73	53	1	22	15	55	33	76	22	143	59	18	73	59	26	18	94	49	1021	91	1144	104	183	665	138	3899	2	724	908	9	45	125	54	344	141	113	114	122	153	92	94	97	319	32	127	62	165	189	123	69	57	97	292	7	54	127	166	237	159	181	57	143	151	132	127	78	172	150	75	116	116	165	187	138	209	158	168	217	172	195	120	109	407
G[T>G]A	14	16	19	0	4	3	12	10	39	14	43	5	6	45	17	11	3	35	39	29	37	11	46	134	134	42	38	1	182	147	1	26	56	14	49	16	41	43	42	83	22	52	48	146	21	48	21	84	86	60	42	17	36	36	10	31	59	66	128	80	58	25	85	63	68	31	32	74	51	37	51	41	82	72	66	96	123	83	100	43	127	39	31	67
G[T>G]C	13	14	9	0	5	2	8	5	24	6	22	12	2	26	16	7	8	22	25	38	25	30	26	73	62	28	90	0	103	72	3	12	31	11	30	20	30	36	28	32	20	29	29	75	15	35	12	47	39	30	25	9	24	33	4	14	33	28	71	38	42	14	37	27	35	25	28	45	39	31	18	22	48	45	32	47	45	36	52	31	54	19	31	37
G[T>G]G	31	40	32	3	7	5	23	20	92	34	89	15	16	56	78	17	11	132	85	55	95	29	136	568	218	106	112	6	387	325	11	47	132	16	131	48	65	88	74	135	55	132	119	334	41	98	63	153	199	83	63	25	106	123	5	74	140	113	257	160	147	51	124	147	141	79	69	168	111	94	159	101	167	203	154	133	200	301	200	101	222	55	91	130
G[T>G]T	46	60	21	2	9	8	26	14	40	22	59	22	10	49	35	20	12	68	36	227	57	307	56	126	190	45	1083	2	321	323	7	27	57	18	86	71	81	66	86	87	54	67	49	185	23	62	34	107	67	58	48	29	55	122	9	32	72	77	129	99	86	54	69	76	83	67	57	120	82	51	62	69	96	113	87	101	87	79	126	80	107	60	56	167
T[T>G]A	36	39	28	2	11	7	21	25	84	28	86	20	22	70	36	24	11	63	94	46	112	60	96	218	286	80	122	1	382	259	11	39	94	34	89	76	50	91	62	141	104	134	106	314	46	152	73	143	149	125	99	55	117	132	11	88	161	157	299	192	270	78	204	184	110	151	83	240	180	84	119	106	210	146	172	248	213	225	423	85	285	128	105	187
T[T>G]C	37	30	20	1	5	5	31	15	40	30	35	19	15	38	31	20	7	36	39	47	60	172	51	98	128	41	214	1	199	164	3	31	58	23	53	46	48	82	54	78	60	58	42	170	24	77	40	88	82	78	47	34	43	65	5	51	80	89	93	122	85	44	105	82	80	74	64	96	86	45	69	59	89	83	90	98	99	99	113	54	114	81	51	108
T[T>G]G	44	49	38	2	13	11	28	13	143	39	133	21	17	80	81	13	10	129	130	88	127	85	148	568	345	107	141	2	462	434	12	70	164	36	148	68	60	137	99	171	76	137	131	412	47	146	83	186	204	127	103	46	110	160	11	81	200	172	370	208	180	79	188	149	186	121	93	221	177	100	165	96	222	242	219	247	266	245	288	93	304	104	145	200
T[T>G]T	113	87	53	5	17	26	69	47	113	51	180	66	58	109	91	55	23	118	101	316	169	1497	125	278	480	144	2097	3	726	655	14	80	161	98	168	166	176	204	177	227	145	182	146	450	81	192	136	255	249	229	135	98	167	233	20	131	228	232	356	316	302	163	281	264	194	241	158	300	211	144	189	233	263	276	226	277	299	323	384	186	371	219	203	352
