GEL-Bladder_common_SBS13	GEL-Bladder_common_SBS17	GEL-Bladder_common_SBS92+100	GEL-Bladder_common_SBS1	GEL-Bladder_common_SBS2	GEL-Bladder_common_SBS2+13+107	GEL-Bladder_common_SBS92	GEL-Bladder_rare_SBS57	GEL-Bladder_rare_SBS94	GEL-Bladder_rare_SBS23	GEL-Bladder_rare_SBS109	GEL-Bladder_rare_SBS31	GEL-Bladder_rare_SBS33	GEL-Bladder_rare_SBS6	GEL-Bladder_rare_SBS20	GEL-Bladder_rare_SBS4	GEL-Bladder_rare_SBS147	GEL-Bladder_rare_SBS105	unassigned
GEL-2461138-11	2730.95892430099	0	14823.2770466407	4257.43596492547	2358.4645269	3632.44536525937	3968.9403041196	0	0	0	0	0	0	0	0	0	0	0	1471.47786785387
GEL-2556474-11	1268.01300954033	0	0	1945.28701936976	848.843422954611	1579.13888407054	2391.46753396936	0	0	0	0	0	0	0	0	0	0	0	618.250130095399
GEL-2593344-11	14479.843169501	0	3308.79224444029	3280.27679872921	27477.8837039806	0	0	0	0	0	0	0	0	0	0	0	0	0	4992.2040833489
GEL-2527101-11	0	0	425.601882819274	1726.85593955159	0	0	540.359717577109	1001.38684503902	0	0	0	0	0	0	0	0	0	0	333.795615013007
GEL-2159374-11	445.335547011534	0	408.098450425259	2505.95595945474	0	0	728.136199464057	0	0	0	0	0	0	0	0	0	0	0	231.47384364441
GEL-2136429-11	4519.31342158177	0	0	1829.69772117962	1910.09655663539	0	2507.34504859249	0	0	0	0	0	0	0	0	0	0	0	1154.54725201073
GEL-2162770-11	0	0	966.042109220791	1051.32512454178	0	446.364319954883	2665.71764263559	0	0	0	0	0	0	0	0	0	0	0	176.550803646956
GEL-2955456-11	2251.17438692098	0	1600.11171662125	2019.79673024523	0	4356.11008174387	0	0	0	0	0	0	0	0	0	0	0	0	800.80708446867
GEL-2166517-11	2534.26714740549	0	2893.30499504502	3554.37468108883	0	7405.78067345605	6512.68652877053	0	0	0	0	0	0	0	0	0	0	0	815.58597423408
GEL-2757886-11	1515.19240204668	0	598.286254994042	2789.17256606154	753.101563047592	518.381579869629	871.460363075629	0	0	0	0	0	0	0	0	0	0	0	79.4052709048883
GEL-2500279-11	11665.4999656994	0	1749.59991767853	2820.96727721753	3349.14838444124	1923.65960074089	0	0	0	0	0	0	0	0	0	0	0	0	364.124854222409
GEL-2456418-11	36286.2168482722	0	4915.88760844023	0	10530.4039529381	6658.96130755983	0	0	0	0	0	0	0	0	0	0	0	0	3706.53028278964
GEL-2836044-11	1112.37356517786	0	907.896806455279	1663.81088760086	0	0	3404.6130242073	0	1042.38152062734	0	0	0	0	0	0	0	0	0	666.924195931361
GEL-2351611-11	43363.3008356973	0	0	0	16290.7455033351	0	0	0	0	0	0	0	0	0	0	0	0	0	5577.9536609676
GEL-2982105-11	2147.40945768437	762.500469131169	1382.90767498593	2399.074638769	1467.46317320323	2227.96232876712	0	0	0	0	0	0	0	0	0	0	0	0	277.682257459181
GEL-2958830-11	0	0	522.223673005961	1554.63128015896	0	0	1536.57167187056	0	0	1195.94739332009	0	0	0	0	0	0	0	0	492.625981644429
GEL-2278550-11	0	0	5661.43892272554	2642.90513894176	12070.1337647507	2683.41901408451	2304.28917015607	0	0	0	0	0	0	0	0	0	0	0	916.813989341419
GEL-2865054-11	1500.70848400556	0	0	1620.42454798331	860.553129346314	0	2304.15855354659	0	0	0	0	0	0	0	0	0	0	0	917.155285118226
GEL-2468177-11	10493.1024732136	0	0	0	3672.66092000322	0	2234.11866591477	0	0	0	0	0	0	0	0	0	0	0	2233.11794086841
GEL-2107496-11	434.8343172729	0	640.25604646734	1090.58446010284	0	519.801942487145	1501.9277280518	0	0	667.745572271948	0	0	0	0	0	0	0	0	393.849933346027
GEL-2839877-11	3835.46276308127	0	9570.41184177689	0	22803.3332189502	3072.16918309625	6972.11450794443	0	0	0	0	0	0	0	0	0	0	0	1817.50848515096
GEL-2016121-11	2539.25744181851	504.058572373564	0	1527.64682181731	1073.9941066811	0	2015.73522160082	0	0	0	0	0	0	0	0	0	0	0	638.307835708696
GEL-2932064-11	0	0	714.487482614743	1232.06502086231	0	0	3373.02225312935	0	0	0	0	0	0	0	0	0	0	0	444.425243393597
GEL-2955250-11	8521.22206657877	0	0	1706.84341353549	2872.39505053834	1714.34052955394	2309.61154141947	0	0	0	0	0	0	0	0	0	0	0	1072.58739837399
GEL-2373213-11	0	0	13835.8778411466	0	139709.205703195	0	0	0	0	0	0	0	0	0	0	0	0	0	13957.9164556584
GEL-2056533-11	4412.42449042028	0	0	990.748097441585	1695.85712646755	0	4839.88435504226	0	0	0	0	0	0	0	0	0	0	0	1119.08593062833
GEL-2980002-11	733.843683200877	1713.97051246917	856.484680734448	1823.09597149904	822.946122225267	1132.30178130995	2050.35724856125	0	0	0	0	0	0	0	0	0	0	0	0
GEL-2821349-11	975.29322847513	0	572.759472985395	940.246757226024	463.614748238178	398.02778061485	1481.96506996221	0	0	0	0	0	0	0	0	0	0	0	70.0929424982132
GEL-2819049-11	8192.98418759748	0	0	2127.94384983596	3926.58688753832	0	2765.02581616738	0	0	0	0	0	0	0	0	0	0	0	1597.45925886086
GEL-2796660-11	4162.19555555556	0	0	651.874009661836	1470.71574879227	0	896.826666666667	0	0	0	0	0	0	0	0	0	0	0	579.388019323667
GEL-2270161-11	9808.12853846587	0	0	1630.01564522483	2333.38541842535	1542.90792954021	1331.14606899657	0	0	0	0	0	0	0	0	0	0	0	1145.41639934717
GEL-2068258-11	9124.97708305736	0	0	0	3411.86971784342	0	0	0	0	0	0	0	0	0	0	0	0	0	2556.15319909922
GEL-2701153-11	0	0	6301.25141604239	1652.50831353919	0	0	7248.61611547597	0	0	0	0	0	0	0	0	0	0	0	1231.62415494245
GEL-2163164-11	32438.5946060042	0	0	0	11776.9483914916	0	0	0	0	0	0	0	0	0	0	0	0	0	7884.4570025042
GEL-2854472-11	21531.9141670091	0	0	2990.68255490116	27552.788293841	0	0	0	0	0	0	0	0	0	0	0	0	0	2694.61498424874
GEL-2150133-11	14378.5201693137	0	0	0	5798.20976086249	2191.0792663073	4652.16830071271	0	0	0	0	0	0	0	0	0	0	0	622.0225028038
GEL-2766446-11	4030.32431247946	0	0	1528.50224608305	1480.48646871918	0	1099.86140024104	0	0	0	0	0	0	0	0	0	0	0	990.82557247727
GEL-2041142-11	0	1369.99625803303	1220.10607662898	11105.3635402261	0	4294.35369722606	0	0	0	0	0	0	0	0	0	0	0	0	436.180427885829
GEL-2977311-11	4598.56413746172	0	0	923.314052398775	1596.04287172508	0	1439.98979244641	0	0	0	0	0	0	0	0	0	0	0	262.089145968015
GEL-2650428-11	1992.26213334121	2367.28207248988	4581.85242076035	3262.52326234012	0	1434.98951348477	0	0	0	0	3311.09059758367	0	0	0	0	0	0	0	0
GEL-2194797-11	5632.46577006508	0	1441.87522776573	1301.83878524946	1955.00876355748	3924.02117136659	2852.74238611714	0	0	0	0	0	0	0	0	0	0	0	184.047895878521
GEL-2875130-11	779.039168552036	0	1174.32013574661	1461.3873020362	0	1956.86623303167	1094.16176470588	0	0	0	0	0	0	0	0	0	0	0	620.225395927604
GEL-2408618-11	3201.93076786349	0	1159.29390330608	3070.95405261287	1140.29728048347	1181.78990401706	1360.75808745112	0	0	0	0	0	0	0	0	0	0	0	134.976004265911
GEL-2023937-11	2536.07687538748	0	534.094992078253	1616.77398911621	921.30137080664	611.536267823931	755.427154370738	0	0	0	0	0	0	0	0	0	0	0	277.789350416748
GEL-2888062-11	3316.39915189468	0	0	2048.55541036957	5902.10019476837	4527.22743522103	3789.02729222652	0	0	0	0	0	0	0	0	0	0	0	702.690515519829
GEL-2925060-11	2409	0	0	2517	1306.5	3633	1020.5	0	0	0	0	0	0	0	0	0	0	0	1053
GEL-2581933-11	1492.01730317161	10636.1877143628	1807.12655593664	7851.22212802035	0	3810.82126478862	0	0	0	0	0	0	0	0	0	0	0	0	360.625033719978
GEL-2718688-11	4098.85992371432	1143.75132623087	0	3201.20057871893	1483.56876671489	1051.02827831119	0	0	0	0	0	0	0	0	0	0	0	0	453.591126309801
GEL-2930456-11	0	2539.37890913766	1471.85652299682	8851.70700350336	0	2353.76646417896	0	0	0	0	0	0	0	0	0	0	0	0	391.2911001832
GEL-2159995-11	35512	0	0	0	12751.5	0	0	0	0	0	0	0	0	0	0	0	0	0	4415.5
GEL-2369518-11	3516.37097750151	0	0	1788.91688211673	1286.22124429287	0	1676.98465262116	0	0	0	0	0	0	0	0	0	0	0	815.506243467729
GEL-2749230-11	3034.67203493927	0	0	1871.95668986852	1477.04390155134	1190.24411992175	2608.72680951731	0	0	0	0	0	0	0	0	0	0	0	819.356444201811
GEL-2087566-11	0	0	1659.88494305028	0	0	4162.95744976387	1018.12274284656	0	0	0	2711.49527734049	0	0	0	0	0	0	0	1242.5395869988
GEL-2363601-11	6140.73271989106	4633.28929785041	5238.06600231632	0	59343.0893563947	0	0	0	0	0	0	0	0	0	0	0	0	0	3188.8226235475
GEL-2850060-11	4477.32369645815	0	0	0	4514.34704583103	5882.71002603139	19365.7132996766	0	0	0	0	0	0	0	0	0	0	0	3814.90593200283
GEL-2208643-11	11262.0135416553	2769.47880981715	0	3669.45936958252	6737.09738652594	3823.54164440616	2967.08432460722	0	0	0	0	14598.295005288	0	0	0	0	0	0	56.0299181177106
GEL-2580809-11	1451.93575798776	0	7553.06477614839	0	3880.99179372633	0	5201.97844032242	0	0	0	0	0	0	0	0	0	0	0	2498.0292318151
GEL-2612253-11	13449.9762071637	0	3333.73768859051	2949.65269836586	2461.54468995537	0	0	0	0	0	0	0	2765.11186321886	0	0	0	0	0	2154.9768527057
GEL-2901373-11	0	0	747.929680015329	718.412722743821	0	820.971642077026	0	0	0	0	0	0	0	0	0	0	0	0	323.685955163824
GEL-2431626-11	3071.65266942541	3415.61377563711	7128.69391493114	0	0	0	5140.91868484725	0	0	0	0	0	0	0	0	0	0	0	3352.12095515909
GEL-2521884-11	541.195695424127	0	913.830439500814	702.754114668114	0	0	2568.92892023874	0	0	0	0	0	0	0	0	0	0	0	804.290830168206
GEL-2132343-11	1676.53900589722	1709.02038753159	1150.34062342039	1121.35723673126	1403.69540016849	4729.28916596462	1780.47942712721	0	0	0	1258.27875315923	0	0	0	0	0	0	0	0
GEL-2233602-11	869.468839524726	0	1116.81773352745	2778.80242333161	0	0	4733.10853332081	0	0	0	0	0	0	0	0	0	0	0	1141.8024702954
GEL-2706492-11	7027.93833120787	0	0	1411.48551648752	3329.78629987247	0	2983.91237019494	0	0	0	0	0	0	0	0	0	0	0	1707.8774822372
GEL-2474816-11	2283.55544848036	0	477.347739065975	964.2123795404	1134.51482579689	659.671534469978	1164.56819866568	0	0	0	0	0	0	0	0	0	0	0	73.1298739807171
GEL-2008671-11	3225.3311707558	1201.56456446567	2106.7365387782	1744.36785773094	1331.51747077227	4797.7613370657	0	0	0	0	0	0	0	0	0	0	0	0	769.72106043142
GEL-2644280-11	2291.99061196106	0	0	1129.98139777469	981.852746870654	0	918.797983310153	0	0	0	0	0	0	0	0	0	0	0	434.377260083443
GEL-2126596-11	6358.41930572473	0	0	1727.1571635201	2786.56025426309	0	964.86712088916	0	0	0	0	0	0	0	0	0	0	0	1303.99615560292
GEL-2060746-11	0	0	1903.95989650712	2147.77490297542	0	3196.12936610608	789.520051746443	0	0	0	0	0	0	0	0	0	0	0	863.615782664937
GEL-2436256-11	7407.23085471232	1670.63085088039	5807.1688923802	0	0	10038.7997624202	0	0	0	0	0	0	0	0	0	0	0	0	1198.16963960689
GEL-2086824-11	5409.0089175777	0	1191.22219320175	1455.27144509533	2488.96425506511	2399.94765120704	0	0	0	0	0	0	0	0	0	0	0	0	458.585537853069
GEL-2442247-11	12530.7989265862	0	0	0	4389.07930803144	1563.35015334483	0	0	0	0	0	0	0	0	0	0	0	0	2382.77161203753
GEL-2113492-11	8930.1671744395	0	1435.23224748067	2543.6839309429	2966.54698851652	2374.03827825951	0	0	0	0	0	0	0	0	0	0	0	0	968.331380360898
GEL-2068640-11	1684.55339287077	0	948.122967712388	1226.71834211129	695.489886268224	568.174795817113	1257.17410884665	0	0	0	0	0	0	0	0	0	0	0	160.766506373565
GEL-2910032-11	1260.04581412946	0	0	1724.69395336039	1130.64380546192	2593.03638990163	0	0	0	0	0	0	0	0	0	0	0	0	554.580037146599
GEL-2472360-11	7326.87303231844	0	0	1306.40753985495	2300.07660171786	901.745930951506	2021.30971558437	0	0	0	0	0	0	0	0	0	0	0	1091.58717957287
GEL-2900333-11	1426.37893067912	0	573.85360697613	1417.87368977363	474.29225755307	1023.13045010129	673.41495639919	0	0	0	0	0	0	0	0	0	0	0	91.0561085175696
GEL-2604476-11	37669.5247444066	0	0	0	7416.92971445505	0	0	0	0	0	0	0	0	0	0	0	0	0	2146.54554113835
GEL-2981381-11	0	0	0	406.187871077184	0	397.673452078032	2255.31933842239	0	0	0	0	0	0	0	0	0	0	0	483.819338422394
GEL-2745974-11	8584.57145123547	0	2266.83060326022	3584.65077539365	3434.22837425138	2890.00912227819	0	0	0	0	0	0	3948.46309443541	0	0	0	0	0	491.246579145682
GEL-2937048-11	14572.2234848485	0	0	0	3464.08164983165	1409.81228956229	0	0	0	0	0	0	0	0	0	0	0	0	3106.88257575756
GEL-2921503-11	13700.077893087	0	0	0	3627.44733904866	1314.84338264979	0	0	0	0	0	0	0	0	0	0	0	0	2417.63138521455
GEL-2907639-11	4000.20382636382	0	1204.26031213577	1322.23683088382	2556.49117320977	3319.83924154988	4579.58850953748	0	0	0	0	0	0	0	0	0	0	0	602.380106319459
GEL-2709064-11	5464.56422965717	0	0	0	2145.72155101198	0	1102.11379595209	0	0	0	0	0	0	0	0	0	0	0	972.600423378761
GEL-2895247-11	21820.2238243447	0	2384.47806740262	0	7569.34316490784	4654.98108252687	2743.8993945436	0	0	0	0	0	0	0	0	0	0	0	1944.07446627437
GEL-2639340-11	17717.8795086868	0	0	0	5889.45296110437	0	0	0	0	0	0	0	0	0	0	0	0	0	4003.66753020883
GEL-2853833-11	14030.6189559358	0	0	1814.53725987835	3760.25795300398	0	0	0	0	0	0	0	0	0	0	0	0	0	3279.58583118187
GEL-2288634-11	1004.91804607015	0	0	511.703669406181	388.774858201181	562.674152100938	1551.60145850214	0	0	0	0	0	0	0	0	0	0	0	297.32781571941
GEL-2495198-11	2333.263099631	0	0	1527.55350553506	1035.84102091021	1023.86020910209	1718.24809348093	0	0	0	0	0	0	0	0	0	0	0	478.23407134071
GEL-2281729-11	2780.66007123071	0	0	784.686268302335	1076.25548080728	0	950.225563909774	0	0	0	0	0	0	0	0	0	0	0	727.172615749902
GEL-2809641-11	2909.8434468757	1269.21362508459	2709.38867584029	1030.2675389127	0	2999.32325738777	6070.13038574329	0	0	0	0	0	0	0	0	0	0	0	739.833070155659
GEL-2776983-11	4160.99490167516	1175.73806528504	3211.82096272264	0	2456.27451499702	2168.32847778587	1057.9646427862	0	0	0	0	0	0	0	0	0	0	0	842.878434748071
GEL-2053013-11	0	0	959.267727526522	1884.52596314908	0	846.736320491346	2721.75963149079	0	0	0	0	0	0	0	0	0	0	0	753.710357342262
GEL-2237723-11	0	0	0	1412.29538673399	0	1360.74810649529	983.40199678678	0	0	0	0	0	0	0	0	0	0	0	604.55450998394
GEL-2631352-11	3802.31111312381	0	7285.68001086858	1481.73154605561	3118.93492437279	2699.5109138665	3112.93601123087	0	0	0	0	0	0	0	0	0	0	0	576.895480481839
GEL-2165446-11	2053.25886524823	0	0	1408.77620173365	1277.98266351458	699.895193065406	3170.99448384555	0	0	0	0	0	0	0	0	0	0	0	258.092592592584
GEL-2089338-11	898.438797577855	0	1463.15743944637	2207.7642733564	0	1456.14230103806	0	0	0	0	0	0	0	0	0	0	0	0	925.497188581316
GEL-2699720-11	2837.68769824261	0	2996.30998714102	4291.8087441063	13361.3008144021	3064.86283754822	2161.66652378911	0	0	0	0	0	0	0	0	0	0	0	471.36339477064
GEL-2346802-11	2313.76860852423	0	0	2052.96376860852	1010.7436612059	0	1154.13636054653	0	0	0	0	0	0	0	0	0	0	0	818.38760111482
GEL-2050523-11	3092.30890403307	0	729.836889732991	2517.93726957882	984.779912858898	0	997.777008155513	0	0	0	0	0	0	0	0	0	0	0	626.360015640708
GEL-2649011-11	451.211352797488	0	518.094451552867	735.214958706526	0	353.88147028033	1952.58718157497	0	0	0	0	0	0	0	0	0	0	0	280.010585087819
GEL-2017830-11	0	0	0	2298.65440906082	0	2632.53158785026	1171.56902257851	0	0	0	0	0	0	0	0	0	0	0	693.24498051041
GEL-2346964-11	19373.3871573413	0	0	2683.43032539307	5663.29771914644	0	0	0	0	0	0	0	0	0	0	0	0	0	2897.88479811919
GEL-2510329-11	8918.17766352471	1995.77763496144	4484.61796629534	0	0	6368.26763781777	8185.34133104827	0	0	0	0	0	0	0	0	0	0	0	1592.81776635247
GEL-2810420-11	3667.21356803955	3624.63562058929	9851.53520593278	0	0	0	6606.09377616522	0	0	0	0	0	0	0	0	0	0	0	1377.52182927316
GEL-2189549-11	2508.14647627821	0	0	1010.47627821281	1316.7267772148	0	1039.54752034393	0	0	0	0	0	0	0	0	0	0	0	654.10294795025
GEL-2872827-11	3294.1435392852	0	2452.59593401823	2959.9260599045	0	3443.24055852988	0	0	0	0	0	0	0	0	0	0	0	0	1681.09390826219
GEL-2450721-11	3047.72516689456	0	1175.97273385345	1421.07126196413	1400.0628166975	1329.53446473096	3858.55111397088	0	0	0	0	0	0	0	0	0	0	0	205.08244188852
GEL-2492851-11	0	0	477	1667	0	506	331	0	0	0	0	0	0	0	0	0	0	0	210
GEL-2034297-11	0	0	1374.48745877885	2887.32267412811	0	3628.50704506845	1454.39952033576	0	0	0	0	0	0	0	0	0	0	0	651.283301688829
GEL-2099745-11	5691.05903202151	0	1124.098020044	0	1659.62111953068	1611.57418724028	1417.88499144463	0	0	0	0	0	0	0	0	0	0	0	780.762649718901
GEL-2424992-11	0	0	526.255133470226	1546.0318275154	0	0	1098.33726899384	1518.3341889117	0	0	0	0	0	0	0	0	0	0	216.041581108834
GEL-2389535-11	1117.03379716203	0	8529.71213287867	1874.07328676713	0	0	4870.68793312067	0	0	0	0	0	0	0	0	0	0	0	1815.4928500715
GEL-2500182-11	4726.5	0	0	1558.5	1569.5	0	911.5	0	0	0	0	0	0	0	0	0	0	0	977
GEL-2217736-11	3260.03061831153	0	0	1995.4066587396	2304.31480380499	1052.68697978597	780.267984542212	0	0	0	0	0	0	0	0	0	0	0	696.292954815699
GEL-2589018-11	13040.4904266958	0	2457.40397389809	2152.4158916849	3357.86878712098	4112.33930525164	0	0	0	0	0	0	0	0	0	0	0	0	470.481615348588
GEL-2932417-11	7575.07811348563	0	0	1151.84819454679	2239.1488577745	0	0	0	0	0	0	0	0	0	0	0	0	0	1255.92483419308
GEL-2334715-11	2260.86314018208	0	1035.79194891487	2177.46041334081	1436.32480476334	2252.37304224015	2116.53147516935	0	0	0	0	0	0	0	0	0	0	0	295.6551753894
GEL-2750273-11	535.075786189342	0	0	2147.29107480089	462.201658592659	602.958535183513	1518.87650874456	0	557.037852040397	0	0	0	0	0	0	0	0	0	255.55858444864
GEL-2423377-11	2309.77495899399	0	0	919.604811372335	587.205467468562	0	409.992564242756	0	0	0	0	0	0	0	0	0	0	0	351.422197922357
GEL-2128638-11	1434.08287052162	0	359.899161494065	554.385059348797	652.63051290428	0	1480.19808341501	0	0	0	0	0	0	0	0	0	0	0	121.804312316228
GEL-2809630-11	465.573650503202	0	0	2912.83257090576	707.352241537054	921.655992680695	505.037511436414	0	0	0	0	0	0	0	0	0	0	0	493.548032936875
GEL-2871942-11	18917.9869747899	0	3108.32647058824	0	13609.9294642857	7586.7968487395	0	0	0	0	0	0	0	0	0	0	0	0	4381.96024159666
GEL-2188943-11	2687.35201084501	0	2048.21961138726	1387.61635788522	0	2347.313601446	3746.41436963398	0	0	0	0	0	0	0	0	0	0	0	1043.08404880253
GEL-2474441-11	2785.54170661553	0	0	1563.49760306807	606.03004154682	0	792.731224033237	0	0	0	0	0	0	0	0	0	0	0	500.199424736343
GEL-2438014-11	4624.07424082469	0	1738.21586039868	3131.88893373906	2712.83689374651	1397.67357014221	1924.23896168416	0	0	0	0	0	0	0	0	0	0	0	576.07153946469
GEL-2733238-11	2815.86329273415	0	741.622427551449	1203.0096598068	1369.64951700966	871.731625367493	2414.52645947081	0	0	0	0	0	0	0	0	0	0	0	115.597018059638
GEL-2581764-11	6050.23090758163	0	970.895164637521	0	1784.38838544549	1830.8594355285	2916.68300359712	0	0	0	0	0	0	0	0	0	0	0	893.943103209738
GEL-2738940-11	5446.71834319527	0	960.302958579882	911.287495069034	1941.6125443787	0	3195.00796844181	0	0	0	0	0	0	0	0	0	0	0	224.070690335304
GEL-2268136-11	1848.12963872326	0	589.541353910908	2166.65198176079	698.549000350754	832.058365485794	869.560996141705	0	0	0	0	0	0	0	0	0	0	0	123.508663626789
GEL-2166091-11	8187.19728234931	8230.69036188551	7846.25153242183	0	23975.1851539908	0	0	0	0	0	0	0	0	0	0	0	0	0	5180.67566935255
GEL-2902413-11	2108.10892632336	0	0	2599.78448534261	1302.14075894731	601.103351118039	1167.22978238715	0	0	0	0	0	0	0	0	0	0	0	556.632695881532
GEL-2091032-11	77769.99418169	0	0	0	13906.9200374174	0	0	0	0	0	0	0	0	0	0	0	0	0	10469.0857808926
GEL-2188059-11	2664.36450117406	0	666.842073574568	1416.78909025227	564.212475164068	1963.98007104582	883.61581070504	0	0	0	0	0	0	0	0	0	0	0	155.195978084174
GEL-2501657-11	3838.85493287717	0	0	4962.89806998624	1635.79041314938	1273.11516864378	948.958536313265	0	0	0	0	0	0	0	0	0	0	0	792.382879030165
GEL-2806759-11	18659.0715082777	0	0	0	6131.00923808653	0	0	0	0	0	0	0	0	0	0	0	0	0	2546.91925363577
GEL-2996564-11	0	0	7172.45625237505	0	62936.489861266	0	0	0	0	0	0	0	0	0	0	0	0	0	10208.0538863589
GEL-2976025-11	0	0	20938.4246736627	0	60258.0734067059	0	9172.09971845406	0	0	0	0	0	0	0	0	0	0	0	7371.40220117733
GEL-2371988-11	1451.85518436811	0	492.611566341002	2298.1878348566	650.48707847463	0	1007.20579892846	0	0	0	0	0	0	0	0	0	0	0	440.652537031197
GEL-2181544-11	1208.6992416124	0	1132.68671173028	860.141785508202	1751.78876432281	2107.3473744951	4771.28649740335	0	0	0	0	0	0	0	0	0	0	0	301.049624927859
GEL-2289357-11	22947.1089165636	0	0	0	12400.6118565872	6436.13412538069	5061.17821065646	0	0	0	0	0	0	0	0	0	0	0	2915.96689081205
GEL-2200430-11	486.037767220903	0	639.391923990499	1169.88741092637	0	468.554394299287	1231.32897862233	0	0	0	0	0	0	0	0	0	0	0	210.799524940611
GEL-2006322-11	0	0	0	0	0	0	0	0	0	0	0	0	0	0	245768.857189779	0	0	0	22203.142810221
GEL-2475050-11	42950.8163507566	0	0	0	16219.8716035489	0	0	0	0	0	0	0	0	0	0	0	0	0	5732.3120456945
GEL-2482109-11	7400.28387205885	1485.65926051202	4831.6440394901	2766.22751199713	0	6050.68498826713	0	0	0	0	0	0	0	0	0	0	0	0	1127.50032767477
GEL-2835362-11	983.958582525607	0	3883.862927064	2017.88966797278	4211.18282120025	1558.6423661236	1266.80294906166	0	0	0	0	0	0	0	0	0	0	0	616.660686052102
GEL-2677695-11	13235.5025244913	1492.88749058026	2172.33628485305	0	4898.63082140166	3149.76262245667	0	0	0	0	0	0	0	0	0	0	0	0	1588.88025621706
GEL-2441830-11	1133	0	1049	1222.5	0	2894.5	0	0	0	0	1975.5	0	0	0	0	0	0	0	785.5
GEL-2444347-11	0	0	544.084987345144	2150.78899693619	0	377.753296922872	418.835220460903	0	0	0	0	0	0	0	0	0	0	0	269.537498334891
GEL-2997448-11	7164.68907186024	0	0	1904.05024674742	3489.09207505344	0	4049.10685350856	0	0	0	0	0	0	0	0	0	0	0	2340.06175283034
GEL-2209218-11	9063.52420614263	0	0	1647.59529180404	2793.66157672509	1812.6048354445	0	0	0	0	0	0	0	0	0	0	0	0	1972.61408988374
GEL-2678518-11	3431.37767338361	0	748.037334651997	1191.76288787242	1233.23723575226	0	955.409074051181	0	0	0	0	0	0	0	0	0	0	0	524.175794288532
GEL-2409154-11	800.227124183007	0	224.686887254902	267.915236928105	230.71875	205.585988562092	414.187908496732	0	0	310.640931372549	0	0	0	0	0	0	0	0	7.03717320261285
GEL-2877373-11	45921.6065464706	0	5096.28807131927	0	9545.41257401371	10407.6304969729	0	0	0	0	0	0	0	0	0	0	0	0	4203.06231122352
GEL-2852642-11	6945.05901201602	0	6630.30707610147	0	2395.91775700935	6086.87209612817	11365.597329773	0	0	0	0	0	0	0	0	0	0	0	2182.24672897199
GEL-2601748-11	627.48654940507	0	438.840274185204	882.684428349715	311.241334712882	0	1451.12519399897	0	0	0	0	0	0	0	0	0	0	0	157.622219348159
GEL-2314016-11	5972.90256461698	0	0	2083.09412512121	2908.23529608453	1991.63389841843	943.589661283312	0	0	0	0	0	0	0	0	0	0	0	1047.54445447554
GEL-2766960-11	510.508587257618	0	741.238448753463	879.876565096953	0	0	2068.06027700831	0	0	0	0	0	0	0	0	0	0	0	317.316121883656
GEL-2492977-11	2158.28178372561	0	0	2273.68990688316	1252.50287773151	1305.46071779514	3000.6112020963	0	0	0	0	0	0	0	0	0	0	0	686.453511768281
GEL-2179489-11	14807.5312590869	1941.48746001745	0	0	5368.73059028787	2443.74291218377	0	0	0	0	0	0	0	0	0	0	0	0	2964.50777842401
GEL-2864591-11	4199.62583902673	0	11956.3582644133	0	4292.12861081146	0	11123.8333183507	0	0	0	0	0	0	0	0	0	0	0	1801.05396739781
GEL-2828550-11	6198.43917801748	2149.84599637824	0	1127.94386268798	1645.64758680419	0	0	0	0	0	0	0	0	0	0	0	0	0	1584.12337611211
GEL-2702024-11	0	0	211.160762331839	977.057399103139	0	323.512331838565	291.411883408072	326.521748878924	0	0	0	0	0	0	0	0	0	0	107.335874439461
GEL-2287099-11	1271.57501297802	0	1429.27426890465	1028.53850147084	0	1922.83301609275	5150.67727980619	0	0	0	0	0	0	0	0	0	0	0	733.101920747549
GEL-2492293-11	0	0	637.178192831903	1256.36547198385	0	0	2533.22059565876	0	0	0	0	0	0	0	0	0	0	0	523.235739525487
GEL-2160045-11	2822.25252040326	0	0	1916.51101509575	1926.01354883448	1012.26990985224	894.238438150104	0	0	0	0	0	0	0	0	0	0	0	804.714567664167
GEL-2722630-11	0	3651.30310603356	1129.9032488397	2755.48339878615	0	1905.68011424491	0	0	0	0	0	0	0	0	0	0	0	0	364.630132095681
GEL-2702537-11	0	3343.98758459815	10304.5840303249	2049.41168797287	7683.91821795246	1906.84826813585	6907.57285799788	0	0	0	0	0	0	0	0	0	0	0	398.677353017891
GEL-2938811-11	20899.3128735003	0	0	0	13332.432370786	4424.80726244241	3551.14787190365	0	0	0	0	0	0	0	0	0	0	0	1642.29962136764
GEL-2749497-11	0	0	14961.0868916909	0	96104.6172576659	0	0	0	0	0	0	0	0	0	0	0	0	0	19061.2958506432
GEL-2942162-11	713.226686507937	0	0	1588.05158730159	561.603670634921	633.425099206349	1842.91790674603	0	0	0	0	0	0	0	0	0	0	0	693.775049603173
GEL-2940897-11	0	0	235.425724637681	1053.90579710145	0	683.736413043478	0	0	0	0	0	0	0	0	0	0	0	0	238.932065217391
GEL-2566350-11	452.081599630143	0	0	761.295423023578	0	193.82061950994	467.567267683773	0	0	0	0	0	0	0	0	0	0	0	286.235090152566
GEL-2957693-11	4674.36685386685	0	0	1108.32409032409	2456.71838071838	2789.81578331578	5919.73101673102	0	0	0	0	0	0	0	0	0	0	0	150.043875043881
GEL-2597245-11	4654.12209896365	0	1517.82269011823	1361.58360093417	3680.6323894322	1850.83228725733	0	0	0	0	0	0	0	0	0	0	0	0	658.00693329442
GEL-2651756-11	5286.53786165484	5000.08999454106	0	0	4442.19153084302	1468.23278483974	2115.61496269724	0	0	0	0	0	0	0	0	0	0	0	918.332865424101
GEL-2364892-11	888.721184963903	0	570.141896938013	1396.34752302713	0	0	2320.57754543191	0	0	0	0	0	0	0	0	0	0	0	851.211849639044
GEL-2925955-11	19409.1558670046	0	0	0	5421.25039510959	3464.74271656478	1929.02161920382	0	0	0	0	0	0	0	0	0	0	0	3293.82940211721
GEL-2248754-11	0	2586.82299843014	691.319073783359	1946.49058084772	0	1801.02864992151	0	0	0	0	0	0	0	0	0	0	0	0	616.338697017271
GEL-2156262-11	9475.62387947032	0	0	1172.02057056585	2344.0411411317	1075.56002893719	0	0	0	0	0	0	0	0	0	0	0	0	1822.75437989494
GEL-2158081-11	0	0	757.694231544978	348.359419120613	0	0	1078.56474384833	0	0	0	0	0	0	0	0	0	0	0	293.381605486079
GEL-2287723-11	0	0	24220.6327561654	0	40134.7616130564	8220.45724360858	8899.32533511155	0	0	0	0	0	0	0	0	0	0	0	7050.82305205807
GEL-2595425-11	48897.6200826268	0	0	0	30597.786331735	6511.21053242853	0	0	0	0	0	0	0	0	0	0	0	0	4458.38305320966
GEL-2842796-11	4646.54651948637	0	3097.1975670196	1168.26312232485	0	3136.20635278216	2743.11781932868	0	0	0	3699.83329578734	0	0	0	0	0	0	0	1488.835323271
GEL-2718266-11	0	1156.60058881256	1869.47076141546	1363.70813369509	0	2917.51498008428	972.004733591179	0	0	0	0	0	0	0	0	0	0	0	386.70080240143
GEL-2746795-11	194.90547746001	0	0	0	173.91565681047	0	182.911294231701	319.844886088221	0	0	0	0	0	0	0	0	0	0	159.422685409598
GEL-2117294-11	3518.74830157415	0	0	1966.97729908865	1715.85252692626	1313.65269262635	2910.94631317316	0	0	0	0	0	0	0	0	0	0	0	649.82286661143
GEL-2915387-11	847.651413189771	879.676023841569	798.613728129206	1365.04902903288	0	2339.79811574697	3672.32214958662	0	0	0	0	0	0	0	0	0	0	0	506.889540472985
GEL-2621839-11	4939.44305003971	0	1559.85047656871	1726.10099285147	1362.5531771247	1484.73729150119	1050.58308181096	0	0	0	0	0	0	0	0	0	0	0	485.73193010326
GEL-2606400-11	5066.21423537703	0	839.204193093728	1183.58280479211	2027.78523608175	0	1546.95472163495	0	0	0	0	0	0	0	0	0	0	0	684.258809020432
GEL-2771892-11	133645.460229035	0	0	0	31558.1990098791	0	0	0	0	0	0	0	0	0	0	0	0	0	15384.3407610859
GEL-2416204-11	995.811872146119	0	401.528970065956	719.948452562151	483.637138508371	0	2054.70684931507	0	0	0	0	0	0	0	0	0	0	0	278.366717402333
GEL-2678263-11	1651.2578731173	0	512.701049748973	635.869465997261	667.412596987677	0	635.368781378366	0	0	0	0	0	0	0	0	0	0	0	285.390232770423
GEL-2383505-11	4843.46514002334	0	1708.75291715286	1147.66241248541	1068.22039089848	1735.73322637106	3058.2680134189	0	0	0	0	0	0	0	0	0	0	0	139.89789964995
GEL-2889696-11	1985.4782692555	0	2105.91629162916	3864.51131541726	1012.9787193005	4141.86858685869	2105.41654879774	0	0	0	0	0	0	0	0	0	0	0	329.830268741151
GEL-2876378-11	0	0	0	6805.71493656286	0	0	0	0	0	0	0	0	0	72534.1329296425	0	0	0	0	7350.15213379465
GEL-2255196-11	2113.81279363932	0	0	0	2652.28406216119	3788.83411637152	5256.98229129021	0	0	0	0	0	0	0	0	0	0	0	1434.08673653776
GEL-2391155-11	9192.76152948875	0	0	0	5341.65196733904	0	1559.04435403568	0	0	0	0	0	0	0	0	0	0	0	1481.54214913653
GEL-2349582-11	36998.1410865524	0	0	0	10746.219376162	4691.96901466639	0	0	0	0	0	0	0	0	0	0	0	0	5667.67052261921
GEL-2691616-11	6484.89639278557	0	2805.68577154309	0	3359.51853707415	9234.54849699399	0	0	0	0	0	0	0	0	0	0	0	0	3080.3508016032
GEL-2729354-11	0	0	720.510102580044	2197.12962387317	0	889.98290332608	837.336027354678	0	0	0	0	0	0	0	0	0	0	0	194.041342866028
GEL-2566923-11	2392.45709877944	0	2955.3293706611	802.817822950225	1889.07132810019	0	2635.40196923635	0	0	0	0	0	0	0	0	0	0	0	341.922410272695
GEL-2676020-11	8341.21681415929	0	0	1882.58019911504	3865.77157079646	0	1673.84955752212	0	0	0	0	0	0	0	0	0	0	0	526.581858407089
GEL-2420641-11	7374.05068043172	0	0	2649.67415532614	2566.10558423275	2300.88796339747	1551.27287658376	0	0	0	0	0	0	0	0	0	0	0	620.008740028159
GEL-2764303-11	2648.08173273396	0	0	1494.61054352268	1078.94074376788	859.851246424193	1706.69718022068	0	0	0	0	0	0	0	0	0	0	0	779.818553330607
GEL-2381766-11	9598.14922137675	5854.79609803575	1869.67850822863	0	0	2242.81498849761	1571.46903202973	0	0	0	0	0	0	0	0	0	0	0	1445.09215183153
GEL-2040341-11	274.933994422064	0	0	1233.6910443136	0	316.57545708088	1036.01952277657	0	0	0	0	0	0	0	0	0	0	0	376.779981406886
GEL-2171052-11	1918.39737582006	0	0	1212.8834739144	663.983650942414	0	605.441008018328	0	0	0	0	0	0	0	0	0	0	0	404.294491304798
GEL-2080101-11	0	0	10518.5059298934	1937.1852613457	0	3084.79501219454	3232.30911960212	0	0	0	0	0	0	0	0	0	0	0	2140.20467696424
GEL-2775008-11	573.344481605351	0	0	2264.38579047275	0	394.393021784326	1765.02124197776	0	0	0	0	0	0	0	0	0	0	0	532.855464159813
GEL-2637593-11	0	0	2542.37376454929	7549.54886579253	0	5307.95593441137	0	0	0	0	0	0	0	0	0	0	0	0	2272.12143524681
GEL-2547526-11	1650.39366578691	0	1995.05820252813	1789.25850812613	1382.1547437144	5895.26211973885	996.030559799972	0	0	0	0	0	0	0	0	0	0	0	675.842200305608
GEL-2153464-11	12302.7211209355	0	0	1268.59476611523	3611.42298916144	0	1602.35660296634	0	0	0	0	0	0	0	0	0	0	0	2235.90452082149
GEL-2843794-11	6657.21511261616	0	0	1480.04827531895	2460.74287289337	932.660576468735	0	0	0	0	0	0	0	0	0	0	0	0	1176.33316270279
GEL-2306066-11	8571.86555122213	0	1511.03396945429	0	1918.31266188335	3835.12429664473	0	0	0	0	0	0	0	0	0	0	0	0	969.663520795501
GEL-2678480-11	2096.44285250865	719.009299307958	2080.92106401384	1409.97923875433	0	2237.64105752595	685.962910899654	0	0	0	0	0	0	0	0	0	0	0	31.0435769896176
GEL-2316739-11	0	4845.79298560383	6901.70515613653	0	3679.842795506	2396.39762484514	3947.33136827716	0	0	0	0	0	0	0	0	0	0	0	1636.93006963134
GEL-2680018-11	5357.60053719317	0	1646.26270238006	2068.57356561964	0	2711.78549578453	0	0	0	0	0	0	0	0	0	0	0	0	1612.7776990226
GEL-2438366-11	8264.68295495733	0	3596.64443639	0	2895.2137796962	7056.80236581107	6288.37833207025	0	0	0	0	0	0	0	0	0	0	0	2244.27813107515
GEL-2947168-11	0	0	5410.76909570422	0	0	14223.0787002481	21468.5999516609	0	0	0	0	0	0	0	0	23870.775457977	0	0	5353.77679440978
GEL-2906485-11	1832.34708940376	1251.50503818754	1086.83332263654	1620.26987998203	624.25550349785	1271.46524613311	0	0	0	0	0	0	0	0	0	0	0	0	88.3239201591696
GEL-2264008-11	2273.32080811257	0	0	1228.25391085606	760.276157534785	515.526295102586	1084.60726357991	0	0	0	0	0	0	0	0	0	0	0	505.015564814089
GEL-2083208-11	2494.18380131181	0	0	981.57233399661	1581.116515587	0	1031.57601886653	0	0	0	0	0	0	0	0	0	0	0	696.55133023805
GEL-2620898-11	2145.88998509476	0	0	1366.3401235006	1008.35800979488	528.71204485769	1596.65029455604	0	0	0	0	0	0	0	0	0	0	0	408.04954219603
GEL-2765547-11	2479.51197295933	1248.01268628871	7453.04769429995	1824.98086082395	2998.93345185575	2625.13013322798	4169.38320054433	0	0	0	0	0	0	0	0	0	0	0	0
GEL-2325703-12	0	0	2865.42220710763	2792.91152298362	0	22931.3788357989	0	0	0	0	0	0	0	0	0	10654.0698293941	0	0	4870.21760471575
GEL-2771352-11	5333.90429269475	1785.12926543634	0	779.401526470945	1501.84678754594	0	1946.00573436175	0	0	0	0	0	0	0	0	0	0	0	1025.71239349027
GEL-2021343-11	0	0	964.494443494614	1444.24038297145	0	1581.8109078475	4545.83039835869	0	0	0	0	0	0	0	0	0	0	0	241.623867327746
GEL-2953375-11	1430.18587360595	0	0	620.44828340258	571.874043297616	1416.16444347256	2174.82396676143	0	2905.44062978351	0	0	0	0	0	0	0	0	0	41.0627596763552
GEL-2126916-11	11324.782767851	0	1438.50477018463	0	2562.57132398362	3997.07051179391	0	0	0	0	0	0	0	0	0	0	0	0	2562.07062618684
GEL-2125617-11	0	0	604.380171802349	1957.4924737962	0	0	2727.70257703523	0	0	0	0	0	0	0	0	0	0	0	1048.42477736622
GEL-2323418-11	581.808483224244	0	2160.50224192135	1993.26985517703	0	3749.20991599237	750.042261505953	0	0	0	0	0	0	0	0	0	0	0	480.167242179054
GEL-2654727-11	19684.4606509697	0	4422.09256465647	0	5467.87796430166	7793.90065290064	0	0	0	0	0	0	0	0	0	0	0	0	4053.66816717153
GEL-2264962-11	0	0	0	1080.37575673231	0	2876.00027833832	0	0	0	0	9599.83884211259	0	0	0	0	0	0	0	819.78512281678
GEL-2849842-11	6648.62561704339	0	0	848.600935307872	2806.64120550792	0	837.085996362692	0	0	0	0	0	0	0	0	0	0	0	421.046245778127
GEL-2588988-11	15706.9884448324	0	0	1563.2524055947	2991.06958039778	1438.31215578694	0	0	0	0	0	0	0	0	0	0	0	0	2347.37741338818
GEL-2227557-11	7441.75621513227	0	9864.35131244055	0	51737.352829267	0	0	0	0	0	0	0	0	0	0	0	0	0	8737.53964316018
GEL-2065297-11	17111.843842968	0	0	0	4665.91238406347	0	0	0	0	0	0	0	0	0	0	0	0	0	3925.24377296853
GEL-2760295-11	2981.6445529933	0	706.678745882086	2134.5296489833	1053.52107236169	666.696921504033	926.578779961377	0	0	0	0	0	0	0	0	0	0	0	329.350278314214
GEL-2019802-11	2067.43045004788	0	0	2134.81410788382	1038.70660708586	1233.86964570699	685.815895308011	0	0	0	0	0	0	0	0	0	0	0	658.363293967439
GEL-2168179-11	3535.68909257562	0	0	1543.27308279866	989.713168347082	705.439168958142	744.408188206538	0	0	0	0	0	0	0	0	0	0	0	657.477299113958
GEL-2254271-11	7792.19947935788	0	0	1184.30233955211	2249.12462036512	1638.22657944799	0	0	0	0	0	0	0	0	0	0	0	0	2115.1469812769
GEL-2559271-11	20791.2889688046	0	0	0	5913.50430018151	0	0	0	0	0	0	0	0	0	0	0	0	0	2778.20673101389
GEL-2854523-11	2678.42138549787	0	0	1573.03316664215	952.851669363142	687.418002647448	0	0	0	0	0	0	0	0	0	0	0	0	931.27577584939
GEL-2035657-11	1252.76094646647	0	561.012499017373	469.84796792705	523.945601760868	950.214920210675	2539.58336608757	0	0	0	0	0	0	0	0	0	0	0	74.6346985299942
GEL-2246325-11	2095.91027781345	0	0	787.96626856727	687.470570609135	1736.92564530628	5811.25123068362	0	0	0	0	0	0	0	0	0	0	0	560.476007020245
GEL-2352934-11	9321.71008274594	0	7886.8311369905	0	27465.3240882623	0	4823.95494943304	0	0	0	0	0	0	0	0	0	0	0	2742.17974256822
GEL-2542567-11	2336.91780821918	0	843.289912826899	565.359153175591	681.330261519303	0	1367.15940224159	0	0	0	0	0	0	0	0	0	0	0	226.943462017437
GEL-2569296-11	0	4747.80978647687	18388.9535587189	0	0	2751.02064056939	10751.1725978648	0	0	0	0	0	0	0	0	0	0	0	2687.04341637004
GEL-2603136-11	4793.3446422277	0	1455.75652097286	2844.00114557631	1166.2054987663	0	979.672629538245	0	0	0	0	0	0	0	0	0	0	0	111.019562918584
GEL-2480290-11	5644.8633601902	0	0	3438.13492273148	2711.89519218069	1359.44875181614	1479.48837670057	0	0	0	0	0	0	0	0	0	0	0	513.169396380919
GEL-2178923-11	0	3044	7032.5	0	0	0	4828	0	0	0	0	0	0	0	0	0	0	0	2461.5
GEL-2829139-11	4550.63173267171	0	13798.1565591533	0	14525.4562042649	3371.52473226343	9166.88071982664	0	0	0	0	0	0	0	0	0	0	0	2434.35005182002
GEL-2259496-11	5784.19981549815	0	0	835.962453874539	1971.59068265683	0	924.511439114391	0	0	0	0	0	0	0	0	0	0	0	1329.73560885609
GEL-2101922-11	3404.15566632635	0	0	2168.69185033932	1418.60669028887	0	806.128881148279	0	0	0	0	0	0	0	0	0	0	0	534.416911897181
GEL-2280928-11	6286.32305730163	0	2455.64961282682	2066.7842762139	4840.82363122893	7396.43862621846	3703.71740912818	0	0	0	0	0	0	0	0	0	0	0	683.263387082079
GEL-2287568-11	382.09455212153	0	0	839.503404924044	170.712414876899	0	339.416448402305	0	0	0	0	0	0	0	0	0	0	0	185.273179675222
GEL-2034725-11	2612.15728957357	0	0	1143.03795490065	950.194128153606	1185.11297164546	2726.86179950882	0	0	0	0	0	0	0	0	0	0	0	356.635856217894
GEL-2072743-11	0	0	0	11832.9389529596	0	0	0	0	0	0	0	0	0	107733.70559416	0	0	0	0	4150.35545288041
GEL-2487993-11	605.912564937924	0	1870.18684511755	1153.38179096592	613.904816412785	0	818.206744738927	0	0	0	0	0	0	0	0	0	0	0	611.407237826894
GEL-2924661-11	3363.46322082932	0	0	1837.84594021215	2654.94433944069	1795.31479267117	2125.0562777242	0	0	0	0	0	0	0	0	0	0	0	1195.37542912247
GEL-2485713-11	18350.0770090245	0	9101.7822088526	0	21969.8880962613	3821.82844864633	8083.19467125054	0	0	0	0	0	0	0	0	0	0	0	2671.22956596473
GEL-2296717-11	0	0	462.133808392716	2334.1504354711	0	526.582739509105	1368.41567695962	0	0	0	0	0	0	0	0	0	0	0	356.717339667459
GEL-2998779-11	5264.43479586946	0	0	1509.90767286828	1872.76532612958	768.19864058211	1419.44316151802	0	0	0	0	0	0	0	0	0	0	0	636.250403032551
GEL-2607665-11	17338.4146713464	0	0	0	7864.95617339532	0	0	0	0	0	0	0	0	0	0	0	0	0	2014.62915525828
GEL-2265724-11	0	0	2214.78218609172	0	0	4704.97511118966	2240.27392418485	0	0	0	5925.57951164914	0	0	0	0	0	0	0	1884.38926688463
GEL-2005573-11	6015.78803735842	0	1308.60647810823	1455.17440551103	2714.75816387362	2218.5281844075	0	0	0	0	0	0	0	0	0	0	0	0	1391.1447307412
GEL-2269463-11	1036.18597236982	0	317.982996811902	702.752391073326	421.651434643996	336.424017003188	884.17215727949	0	0	0	0	0	0	0	0	0	0	0	52.8310308182781
GEL-2421122-11	1925.39026497696	0	356.79435483871	753.565668202765	1042.39919354839	458.735599078341	625.139688940092	0	0	0	0	0	0	0	0	0	0	0	42.9752304147423
GEL-2802737-11	30757.8928319144	12487.0804107715	28154.5633449705	0	42339.3586247729	0	0	0	0	0	0	0	0	0	0	0	0	0	8729.1047875707
GEL-2098871-11	10550.8586387435	0	0	1391.19022687609	3966.19139034322	0	1405.18208260617	0	0	0	0	0	0	0	0	0	0	0	1584.57766143102
GEL-2534837-11	16985.8505114831	0	0	0	7050.42841018451	6747.32401059798	8824.53947509119	0	0	0	0	0	0	0	0	0	0	0	2489.85759264322
GEL-2185434-11	1968.172202635	0	0	655.391352755613	702.347745407311	0	3822.94971237706	0	0	0	0	0	0	0	0	0	0	0	927.138986825015
GEL-2039609-11	6629.71139296027	0	0	1870.34175225703	1243.72725611316	2752.502942359	1096.70039109617	0	0	0	0	0	0	0	0	0	0	0	89.0162652143699
GEL-2062640-11	1878.57697568724	856.491020606275	0	2364.35546926709	1079.61893835768	1132.64934033447	3284.38291488329	0	0	0	0	0	0	0	0	0	0	0	741.925340863954
GEL-2856538-11	866.973033707865	0	0	381.928651685393	0	0	256.287640449438	0	0	0	0	0	0	0	0	0	0	0	276.810674157304
GEL-2681093-11	13912.9697834126	3204.83856312731	8568.90522979398	2338.7470681458	0	8290.87585842578	0	0	0	0	0	0	0	0	0	0	0	0	1547.66349709453
GEL-2210744-11	3178.65321119388	0	7892.93112319084	0	25352.7941413328	0	0	0	0	0	0	0	0	0	0	0	0	0	8238.62152428248
GEL-2441855-11	1169.49994899521	0	499.567887381414	1359.90696725492	596.775680914006	445.4522085076	702.501683158217	0	0	0	0	0	0	0	0	0	0	0	138.295623788633
GEL-2035365-11	738.775755752745	0	347.424274326966	901.506091141525	511.152955331629	0	668.392389833058	0	0	0	0	0	0	0	0	0	0	0	151.748533614077
GEL-2218107-11	580.629369737178	0	711.545802500638	1526.02589946415	1617.96721102322	1093.8017989283	2111.15239857106	0	0	0	0	0	0	0	0	0	0	0	191.877519775454
GEL-2376169-11	0	0	3898.49754308764	2173.88338833883	3597.65207187385	1096.43681701503	1826.06204620462	0	0	0	0	0	0	0	0	0	0	0	1035.46813348003
GEL-2278080-11	1872.88272087568	0	529.739640344019	1009.86317435496	917.14620797498	0	1740.57310398749	0	0	0	0	0	0	0	0	0	0	0	339.795152462871
GEL-2341641-11	9184.54560603833	0	0	0	3981.85208057639	1936.45542322208	4207.73023574964	0	0	0	0	0	0	0	0	0	0	0	1081.41665441356
GEL-2971207-11	11147.7639615494	0	0	0	4414.52052676339	0	0	0	0	0	0	0	0	0	0	0	0	0	3832.71551168721
GEL-2532349-11	0	0	956.493870402802	1643.27145359019	0	1246.68861646235	2927.92014010508	0	0	0	0	0	0	0	0	0	0	0	355.625919439578
GEL-2321494-11	2508	0	1029	1180	0	2067	1329	0	0	0	0	0	0	0	0	0	0	0	671
GEL-2054489-11	7243.37274228926	0	0	0	1233.23371875762	6656.76156949823	1401.26556364916	0	0	0	0	0	0	0	0	0	0	0	1933.36640580573
GEL-2119727-11	898.192817059484	0	414.627384960718	1909.78372615039	388.650729517396	487.06228956229	0	0	0	0	0	0	0	0	0	0	0	0	352.683052749722
GEL-2580428-11	808.46197977898	0	1495.42967317188	2137.39948271808	1054.45041147425	3561.33251822243	1111.4477310134	0	0	0	0	0	0	0	0	0	0	0	463.47820362098
GEL-2373430-11	2062.00557607862	0	913.445458980972	1181.57621802467	626.305429706559	1258.61378685439	820.900327594619	0	0	0	0	0	0	0	0	0	0	0	314.15320276017
GEL-2765793-11	8047.9978243302	0	1214.12252129048	2743.64698203518	2260.29725865606	1224.11941319078	0	0	0	0	0	0	0	0	0	0	0	0	591.8160004973
GEL-2234321-11	1900.50967242713	0	839.78333763219	1518.60820221821	777.799329378385	592.347175651277	2002.98323445963	0	0	0	0	0	0	0	0	0	0	0	119.969048233178
GEL-2014547-11	1449.99044154965	665.225004229403	0	1091.86931145322	510.672728810692	0	1637.55388259178	0	0	0	0	0	0	0	0	0	0	0	557.688631365255
GEL-2719183-11	0	0	5699.99891526289	2236.2149374681	16062.3610260337	2286.69721477795	2628.57719180704	0	0	0	0	0	0	0	0	0	0	0	2419.15071465032
GEL-2815178-11	8160.47713674041	0	1503.32477905253	1890.5372179832	3605.47809738157	1581.36759620135	1140.6257890981	0	0	0	0	0	0	0	0	0	0	0	345.189383542842
GEL-2602703-11	34525.0925531583	0	0	0	4851.37723462381	5234.6835741516	0	0	0	0	0	0	0	0	0	0	0	0	3561.84663806629
GEL-2055451-11	0	0	264.735792622134	351.649052841476	0	0	629.371884346959	0	0	531.469591226321	0	0	0	0	0	0	0	0	226.77367896311
GEL-2295314-11	2209.30343866171	0	1964.82723048327	1718.34711895911	1435.7967472119	2768.39247211896	0	0	0	0	0	0	0	0	0	0	0	0	684.332992565051
GEL-2364020-11	296.267570900123	0	711.241676942047	439.912453760789	0	702.762638717633	1741.69420468557	0	0	0	0	0	0	0	0	0	0	0	153.121454993838
GEL-2939280-11	4063.18802754331	0	0	1305.43591737006	1296.44324744558	0	5177.27991263142	0	0	0	0	0	0	0	0	0	0	0	1652.65289500963
GEL-2330714-11	7210.07126436782	0	2085.59913793103	1106.31781609195	2940.84482758621	1603.46063218391	1875.53879310345	0	0	0	0	0	0	0	0	0	0	0	583.16752873563
GEL-2562145-11	0	0	11787.0813295163	0	47678.3064934327	0	7669.72757560043	0	0	0	0	0	0	0	0	0	0	0	3248.88460145057
GEL-2683247-11	2208.0513276171	2296.01353532661	15866.1832156026	0	0	3932.81029810298	7195.40854769203	0	0	0	0	0	0	0	0	0	0	0	2250.53307565868
GEL-2536972-11	1727.28350884368	0	623.658112667416	352.242102034557	543.829874245987	0	1400.48665780595	0	0	0	0	0	0	0	0	0	0	0	232.49974440241
GEL-2010071-11	395.838136112814	0	449.316268138157	2216.59360310648	328.865522174535	470.307684447169	947.112712037605	0	0	0	0	0	0	0	0	0	0	0	82.9660739832398
GEL-2044854-11	4379.77073953001	0	0	556.814284833159	2080.77986800715	0	594.93850613705	0	0	0	0	0	0	0	0	0	0	0	520.69660149263
GEL-2913826-11	0	2686.45939561782	1023.58010914719	1034.10149059216	0	941.914148407591	0	0	0	0	0	0	0	0	0	0	0	0	464.944856235239
GEL-2573899-11	732.758942457232	0	390.404354587869	618.640746500778	0	520.539139450492	1371.42042509072	0	0	0	0	0	0	0	0	0	0	0	228.236391912909
GEL-2339914-11	11313.7169671805	0	0	1452.99106990501	3183.67154883112	0	0	0	0	0	0	0	0	0	0	0	0	0	1642.62041408337
GEL-2762534-11	0	0	0	1493.03433162893	0	862.863988312637	598.212417823229	0	0	0	0	0	0	0	0	0	0	0	463.889262235204
GEL-2865697-11	0	0	0	534	0	248	929.5	0	0	760	0	0	0	0	0	0	0	0	187.5
GEL-2158255-11	2096.16858360814	0	0	419.033700635406	755.060725488619	615.049465133113	2059.6656478726	0	0	0	0	0	0	0	0	0	0	0	272.021877262122
GEL-2079120-11	5397.42673956262	0	0	1900.12216699801	1027.29572564612	0	1074.28638170974	0	0	0	0	0	0	0	0	0	0	0	658.868986083509
GEL-2245654-11	0	0	0	2315.47721364123	0	1849.56721211194	1796.29163480655	0	0	0	0	0	0	0	0	0	0	0	611.66393944028
GEL-2534738-11	15487.4038323539	0	0	0	6914.24283857955	0	1456.86722522837	0	0	0	0	0	0	0	0	0	0	0	1928.48610383818
GEL-2559947-11	11768.4653024511	0	0	1905.95581290758	4641.73930739825	1391.87231841691	1584.21648302226	0	0	0	0	0	0	0	0	0	0	0	924.750775803899
GEL-2520732-11	0	0	285.46190028222	576.912511759172	0	258.013640639699	522.515051740358	0	0	417.213546566322	0	0	0	0	0	0	0	0	61.8833490122288
GEL-2676107-11	0	0	354.98577432913	246.029744584546	0	0	477.498545101843	353.479469770449	0	0	0	0	0	0	0	0	0	0	121.006466214032
GEL-2315469-11	1966.87092328893	0	0	2509.33532384015	859.943565850778	0	1674.89008465122	0	0	0	0	0	0	0	0	0	0	0	607.960102368922
GEL-2196242-11	1114.48948309631	0	0	1894.38167418888	428.264497998808	0	1781.17959635528	0	0	0	0	0	0	0	0	0	0	0	663.684748360722
GEL-2498713-11	839.884269148612	0	765.850396704303	2175.49534635337	622.284711626488	748.342386328959	1172.03623741227	0	0	0	0	0	0	0	0	0	0	0	233.106652425998
GEL-2363356-11	1950.30087949391	0	0	2675.41274494677	3756.57954019441	1593.24579540194	1493.23036568431	0	0	0	0	0	901.63909890449	0	0	0	0	0	593.59157537417
GEL-2838384-11	0	0	502.404733727811	1306.95147928994	0	0	245.708875739645	0	0	0	0	0	0	0	0	0	0	0	476.934911242604
GEL-2085147-11	949.832355406538	0	0	1529.31494322944	0	1002.73946506134	1516.83685132973	0	0	0	0	1099.56945820315	0	0	0	0	0	0	451.706926769803
GEL-2511835-11	12224.6362310969	0	0	0	2862.05368628684	0	0	0	0	0	0	0	0	0	0	0	0	0	2413.31008261626
GEL-2737432-11	8536.00516657377	0	1691.3834198002	0	4396.39555374523	3612.02212408352	3896.33872143378	0	0	0	0	0	0	0	0	0	0	0	1216.8550143635
GEL-2275420-11	1992.95668043416	0	470.725962923831	1480.71078666795	542.260301604073	0	0	0	0	0	0	0	0	0	0	0	0	0	721.346268369986
GEL-2298918-11	10317.7468578858	2806.11524368622	0	0	6173.55350459005	1760.44493912769	2868.095701509	0	0	0	0	0	0	0	0	0	0	0	1447.04375320124
GEL-2084337-11	1087.12789676373	0	881.172015404365	968.441456658334	0	824.322207958922	3126.24072697791	0	0	0	0	0	0	0	0	0	0	0	493.695696236739
GEL-2517939-11	0	0	0	734.115677321157	0	208.817351598174	465.707762557078	0	0	0	0	0	0	0	0	0	0	0	236.359208523591
GEL-2251746-11	20743.2822404948	0	0	2902.50870756905	7317.30349286668	0	0	0	0	0	0	0	0	0	0	0	0	0	4627.90555906947
GEL-2996136-11	1131.17732831609	0	486.576277830041	1010.15835685168	440.068987143305	531.083254938852	2687.92137033553	0	0	0	0	0	0	0	0	0	0	0	92.0144245845022
GEL-2727790-11	31470.8131299563	0	3892.03872521218	0	11561.6150363671	0	0	0	0	0	0	0	0	0	0	0	0	0	3327.53310846442
GEL-2103469-11	686.128424336973	0	1343.25141965679	2434.45566302652	945.677004680187	1600.79962558502	0	0	0	0	0	0	0	0	0	0	0	0	1003.68786271451
GEL-2168571-11	815.828169014084	0	918.869617706237	2323.43460764588	0	0	3587.4430583501	0	0	0	0	0	0	0	0	0	0	0	1055.4245472837
GEL-2381710-11	0	0	161.232123212321	78.0968096809681	0	0	173.324532453245	436.838283828383	0	0	0	0	0	0	0	0	0	0	66.5082508250829
GEL-2152476-11	2258.36915970865	0	0	600.502753597442	772.573725350862	0	1477.81533131995	0	0	0	0	0	0	0	0	0	0	0	505.739030023096
GEL-2248304-11	2174.88125685057	0	0	1412.54658385093	1054.1541834125	0	1605.25758129339	0	0	0	0	0	0	0	0	0	0	0	603.16039459261
GEL-2383600-11	0	0	206	524.5	0	0	688.5	0	0	0	0	0	0	0	0	0	0	0	212
GEL-2516679-11	3431.01674525098	5256.45186953063	4556.82693986844	0	3170.59801695869	0	0	0	0	0	0	0	0	0	0	0	7292.72600267769	0	2102.38042571357
GEL-2970611-11	348.185071389843	0	291.736128682451	771.801915778059	0	0	980.613048978854	0	0	0	0	0	0	0	0	0	0	0	371.663835170793
GEL-2432676-11	0	0	588.496473605471	1318.37198119256	0	586.997755930754	1949.33212224834	0	0	0	0	0	0	0	0	0	0	0	231.801667022875
GEL-2599039-11	16909.8940852086	0	0	2047.24504135907	4542.43429689585	2211.22461976341	0	0	0	0	0	0	0	0	0	0	0	0	2393.20195677307
GEL-2915080-11	45076.7258605074	14705.28266909	31620.9345383131	0	0	0	0	0	0	0	0	0	0	0	0	0	0	61092.5238734192	11527.5330586703
GEL-2434242-11	6343.11583309633	0	0	1690.83134928696	1319.08828667777	0	1371.55202535246	0	0	0	0	0	0	0	0	0	0	0	1573.41250558648
GEL-2679154-11	4014.37745467184	0	0	1829.22249898627	1925.3392805422	0	0	0	0	0	0	0	0	0	0	0	0	0	873.06076579969
GEL-2540071-11	3254.54075337313	2120.10941967197	4212.17108893013	1549.13735767668	0	5639.60124391834	2339.98374880875	0	0	0	0	0	0	0	0	0	0	0	855.456387621001
GEL-2709663-11	10283.0201243696	0	0	3477.52134847966	3583.05234294668	0	0	0	0	0	0	0	0	0	0	0	0	0	3085.40618420406
