HMF002431A	HMF001824A	HMF001215A	HMF002012A	HMF001789A	HMF002482A	HMF000810A	HMF001101B	HMF000343A	HMF003548A	HMF002970A	HMF000905A	HMF003505A	HMF002941A	HMF000457A	HMF000544A	HMF001311B	HMF002595A	HMF003097A	HMF000250A	HMF003708A	HMF000199A	HMF003240B	HMF001101A	HMF000158B	HMF001705A	HMF001800A	HMF000573A	HMF003040A	HMF000328A	HMF003198A	HMF003332A	HMF002245A	HMF001665A	HMF001164A	HMF001311A	HMF003016A	HMF000471A	HMF002982A	HMF002300A	HMF000498A	HMF002643B	HMF002859A	HMF002632A	HMF001747A	HMF000440A	HMF003532A	HMF003612A	HMF001564A	HMF003240A	HMF002643A	HMF001744B	HMF000546A	HMF001735B	HMF002043A	HMF001776A	HMF000327A	HMF001168B	HMF001668A	HMF000158A	HMF003321A	HMF001168A	HMF003432A	HMF001735A	HMF003917A	HMF004054A
A[C>A]A	116	62	82	103	171	102	54	116	111	134	9	129	205	60	109	74	64	186	245	111	144	89	196	113	499	137	112	359	105	131	311	176	186	184	125	64	96	153	150	266	206	97	94	63	65	122	56	67	114	169	82	153	76	133	186	118	138	56	120	513	143	57	295	150	156	128
A[C>A]C	83	30	67	134	178	78	43	130	132	80	14	280	363	88	64	43	56	182	224	71	72	92	337	131	455	76	91	255	159	481	212	71	196	148	96	61	74	195	135	190	202	117	408	22	66	70	40	23	148	261	123	113	80	89	141	99	97	59	89	444	146	58	285	133	147	82
A[C>A]G	19	13	17	18	29	6	11	9	14	19	1	14	14	10	22	11	6	24	46	21	23	6	26	9	70	16	8	43	14	14	32	21	21	29	17	5	15	28	10	38	9	13	5	6	7	11	9	5	21	23	5	36	13	14	20	19	9	6	14	78	19	5	73	20	15	16
A[C>A]T	55	38	50	95	152	57	47	83	71	95	11	128	334	65	63	38	40	161	193	67	70	64	182	78	431	67	61	278	66	173	213	89	183	162	68	46	59	117	104	197	275	77	143	43	41	71	39	27	109	153	61	102	61	103	106	84	71	40	109	447	89	46	246	153	130	78
C[C>A]A	70	51	57	96	178	83	66	104	119	97	24	168	594	129	94	45	45	171	181	72	106	77	376	101	409	141	98	712	125	140	548	180	180	117	85	54	63	153	126	286	645	117	199	59	42	112	34	52	82	416	112	110	113	79	155	82	90	47	79	410	145	49	269	87	158	147
C[C>A]C	45	26	41	63	151	46	41	48	78	63	9	160	1289	70	51	23	35	148	178	44	78	64	892	49	387	84	44	1157	75	115	909	54	126	105	44	39	41	132	118	220	1049	87	159	46	33	62	39	30	50	1148	66	87	67	79	100	69	57	56	41	403	66	56	252	86	90	179
C[C>A]G	13	7	16	19	22	13	8	18	21	20	3	18	159	11	15	11	7	33	32	10	28	12	117	17	53	32	14	248	22	15	226	34	29	19	14	9	11	24	10	44	154	14	20	10	10	23	9	11	19	144	11	13	14	25	28	15	11	4	17	54	23	4	53	24	33	66
C[C>A]T	39	31	49	99	489	86	64	80	98	99	18	360	3337	128	61	43	59	158	224	55	73	156	2073	79	373	107	97	2692	168	168	2224	129	209	123	78	69	77	175	166	488	3441	211	300	55	33	96	41	51	115	2401	180	104	94	76	214	81	83	35	84	376	134	52	224	93	192	405
G[C>A]A	73	57	53	108	184	114	51	169	134	112	29	141	180	72	66	84	41	191	175	53	101	106	144	171	249	139	121	282	130	125	193	280	154	101	69	41	78	116	130	179	142	113	165	60	60	127	43	73	230	134	126	88	61	84	254	68	115	41	119	246	219	41	219	163	143	78
G[C>A]C	41	18	30	114	253	61	49	147	90	58	34	238	456	92	39	23	49	223	171	29	37	129	312	150	241	66	91	252	125	263	175	54	195	105	44	55	69	110	155	168	212	128	311	22	32	49	23	24	330	267	133	54	48	55	192	43	36	45	58	239	145	45	187	179	141	69
G[C>A]G	13	6	13	11	18	13	7	11	16	12	1	10	33	7	11	8	8	14	32	11	26	16	27	14	47	14	21	67	7	5	46	24	22	17	10	8	8	22	14	16	43	7	14	7	14	12	5	6	9	36	3	13	15	23	22	13	8	6	8	49	17	6	49	24	21	36
G[C>A]T	58	33	53	70	130	90	39	101	83	74	27	69	691	39	57	41	36	124	147	44	69	52	159	99	239	103	54	417	69	83	375	167	94	99	47	37	55	70	93	145	589	69	102	38	49	78	28	34	59	295	57	82	56	70	105	48	57	40	72	241	97	55	202	117	83	96
T[C>A]A	108	97	76	302	426	131	92	214	1121	195	19	140	155	534	79	103	73	138	173	81	655	59	123	206	313	1077	116	273	83	205	210	197	170	153	125	80	106	414	191	313	160	426	218	173	63	290	127	158	132	102	283	66	1958	114	172	92	211	49	86	325	142	46	191	131	171	92
T[C>A]C	69	61	63	181	233	78	48	135	523	120	14	145	317	214	74	52	54	114	157	68	306	63	178	133	314	506	67	300	87	263	244	117	166	108	69	53	78	203	111	227	249	254	235	91	64	173	79	79	124	195	166	76	825	88	103	88	108	53	79	326	114	52	192	108	125	102
T[C>A]G	17	5	13	21	38	19	15	20	123	26	3	18	22	33	11	22	6	17	33	20	104	8	34	19	35	172	20	55	12	24	53	36	17	21	14	8	18	41	23	40	30	44	18	20	12	24	19	14	15	26	26	15	150	24	22	15	13	4	18	40	24	5	29	27	24	17
T[C>A]T	122	118	126	255	400	237	99	272	827	225	19	209	813	299	91	127	84	187	228	103	605	83	335	262	440	879	166	674	151	215	627	294	230	183	153	96	125	331	316	425	961	340	305	178	97	269	148	172	129	364	219	128	1231	175	253	117	174	77	126	453	179	113	250	211	222	196
A[C>G]A	44	24	37	76	83	29	36	29	128	57	12	53	178	56	61	33	33	118	142	53	77	39	120	27	239	129	46	310	48	43	255	43	91	92	70	28	27	70	83	108	230	68	40	27	22	80	43	29	84	101	51	77	175	51	52	56	53	27	44	239	50	26	177	67	78	87
A[C>G]C	14	12	22	38	53	29	17	21	49	46	4	41	67	24	26	20	23	78	88	22	30	27	32	19	147	53	35	114	19	36	77	21	37	28	45	27	27	39	48	74	52	25	40	23	8	38	20	7	59	34	23	38	49	26	27	28	43	27	20	147	27	26	79	34	29	39
A[C>G]G	27	10	27	18	17	9	7	10	30	22	0	9	9	10	58	14	10	61	73	35	14	12	31	10	104	22	10	31	14	6	33	48	17	28	20	11	18	31	15	33	27	8	12	10	15	10	4	6	46	37	6	23	16	33	35	24	13	5	13	105	15	5	148	36	10	25
A[C>G]T	43	33	34	58	91	17	30	36	117	65	4	76	94	57	70	35	44	128	158	49	66	42	101	36	270	131	39	294	36	46	138	58	98	80	68	44	56	82	99	159	137	71	59	19	28	59	31	19	92	107	44	77	171	45	47	52	45	19	36	286	50	18	183	53	63	61
C[C>G]A	15	12	27	59	59	19	18	29	116	49	1	38	27	69	37	15	28	70	76	29	72	19	25	29	157	107	13	69	20	45	35	21	41	58	44	25	20	73	74	68	27	85	43	19	19	53	25	28	57	28	36	35	197	26	33	35	29	14	28	164	22	13	109	26	28	21
C[C>G]C	19	8	17	38	37	17	12	24	45	31	2	33	58	23	35	8	24	62	90	17	28	20	20	24	163	33	21	56	15	25	19	17	34	31	39	24	25	39	47	55	32	23	24	9	24	40	5	14	52	25	11	28	48	22	30	26	36	28	18	172	16	25	122	30	22	30
C[C>G]G	17	7	12	14	15	6	16	7	12	20	1	11	20	15	26	13	7	40	49	12	16	10	22	7	79	22	16	31	9	7	29	28	21	16	19	10	14	25	13	25	23	7	5	6	14	15	7	9	53	21	3	13	19	26	29	16	13	4	18	80	19	4	90	21	26	19
C[C>G]T	22	24	34	73	85	17	35	32	139	60	3	49	33	83	49	25	29	107	118	41	81	31	47	30	289	152	24	92	32	35	39	44	55	70	66	33	33	96	99	113	30	88	72	13	20	59	23	30	86	45	61	61	232	53	52	55	38	36	41	298	38	38	171	60	47	26
G[C>G]A	10	5	21	38	28	12	12	22	57	40	6	26	35	31	31	13	22	55	70	16	30	17	27	21	138	53	15	79	17	30	41	14	36	38	41	29	17	37	48	42	53	48	23	7	8	23	14	7	72	28	21	19	76	25	18	18	25	6	17	136	27	7	68	30	24	22
G[C>G]C	17	8	20	90	81	26	32	72	67	31	11	69	128	87	37	11	32	233	118	20	24	49	71	77	130	40	36	147	61	117	107	15	105	46	29	38	27	55	100	86	74	71	100	16	6	24	15	11	308	66	78	27	41	26	70	17	20	14	14	135	96	16	93	105	53	42
G[C>G]G	10	4	3	8	12	5	3	3	12	8	0	8	13	4	17	8	5	22	32	10	8	6	11	4	38	4	8	24	10	3	27	15	5	15	12	4	4	13	6	14	10	4	3	4	3	5	6	1	27	12	3	5	9	10	19	12	6	1	5	43	11	2	72	14	8	14
G[C>G]T	18	23	20	72	56	14	31	51	112	37	8	49	67	49	44	15	18	143	120	20	58	36	50	50	200	88	34	140	32	58	108	17	67	53	41	19	26	51	101	101	70	55	49	19	14	36	15	20	121	42	45	37	130	28	51	39	35	17	21	210	68	17	143	70	58	43
T[C>G]A	31	301	31	1865	1215	72	289	419	5147	586	4	118	46	2697	53	196	138	92	184	56	2640	27	58	410	378	5749	51	89	50	814	61	40	476	90	157	145	90	2031	976	299	59	2841	940	687	23	1541	748	712	469	49	1201	65	10881	203	59	157	438	32	44	380	320	30	250	210	141	50
T[C>G]C	19	53	36	389	257	28	74	90	934	190	5	85	58	595	58	59	54	84	121	41	451	26	40	88	261	1082	39	98	32	162	60	42	117	71	55	66	38	476	253	132	38	578	202	151	19	333	178	134	157	33	281	59	1954	64	54	60	118	28	36	257	91	27	142	72	61	35
T[C>G]G	11	16	10	84	57	2	15	14	254	39	2	12	7	93	15	12	11	33	62	12	162	2	16	14	60	370	5	31	9	37	21	27	31	20	22	10	11	100	66	29	11	119	26	38	6	77	21	48	47	9	53	11	402	14	21	30	11	2	8	63	20	2	70	18	24	12
T[C>G]T	50	377	84	1797	1367	119	362	547	6385	755	7	242	182	3078	94	246	207	184	346	97	3299	78	156	540	697	6752	78	306	88	922	217	77	639	178	216	229	131	2174	1052	491	191	3256	1093	719	51	1778	787	779	620	141	1602	135	12335	261	137	238	532	56	88	693	343	50	357	334	255	114
A[C>T]A	133	62	99	182	191	137	90	130	294	148	14	193	3280	183	112	105	88	180	263	122	252	106	2107	137	402	253	132	4114	91	115	4430	124	177	185	145	104	107	231	208	285	4618	127	113	92	97	197	115	82	116	1545	111	138	354	178	174	146	142	103	110	416	118	97	255	205	147	1002
A[C>T]C	86	31	50	62	90	67	45	56	97	78	6	78	801	69	72	34	70	66	159	45	101	50	309	56	187	119	86	876	47	55	738	70	75	90	63	78	51	101	95	115	819	55	54	36	56	93	43	32	71	319	47	62	111	83	138	67	78	60	66	194	50	63	120	93	76	178
A[C>T]G	494	140	325	307	405	778	244	285	271	216	21	416	6220	255	213	375	250	298	491	273	376	208	1876	279	399	256	375	2763	179	267	2404	466	409	407	298	279	233	392	326	297	5463	273	242	218	364	527	411	207	262	1453	267	229	273	615	511	265	505	122	303	405	420	135	301	644	426	1015
A[C>T]T	82	54	91	99	129	92	58	91	158	109	5	121	763	98	115	68	75	154	244	108	182	87	423	90	373	143	114	984	76	71	878	113	157	142	102	75	69	163	134	171	914	73	74	52	60	133	63	60	80	355	63	108	180	123	140	116	135	72	100	374	88	85	208	134	118	268
C[C>T]A	92	70	84	240	319	137	112	203	467	162	19	271	664	320	76	72	97	135	207	81	406	89	328	204	259	449	121	572	173	217	555	112	269	110	92	101	76	322	209	193	706	258	394	88	74	271	126	77	228	313	210	106	672	161	151	82	141	63	85	249	119	63	159	172	126	193
C[C>T]C	98	36	71	260	859	87	133	240	203	101	33	737	1252	223	82	65	131	205	251	59	176	282	703	243	251	160	169	716	476	243	649	93	563	126	72	168	117	254	189	291	690	509	1140	42	58	142	71	49	693	602	533	69	253	111	379	69	77	71	91	266	142	76	167	179	287	195
C[C>T]G	321	126	217	233	330	420	172	203	268	142	14	310	4432	195	132	245	150	225	323	138	344	147	1181	207	275	218	274	1856	135	168	1715	320	280	241	172	173	154	345	194	195	3775	246	202	145	237	428	290	133	190	973	225	141	323	425	366	146	275	69	198	278	240	80	206	444	268	689
C[C>T]T	91	52	87	246	759	123	114	223	340	153	43	597	1150	251	101	72	122	237	324	94	264	231	760	218	454	251	196	688	433	231	740	102	517	154	128	132	149	269	213	369	754	445	917	78	71	219	116	66	564	593	457	121	436	180	383	101	133	61	95	458	175	62	262	234	277	211
G[C>T]A	110	51	72	167	191	107	111	163	285	119	18	161	2400	214	75	63	76	165	202	77	191	90	1156	165	241	244	133	2250	97	192	2444	100	138	100	87	80	86	228	239	182	3368	162	127	83	75	197	104	68	120	1038	137	76	348	122	141	87	98	57	62	240	238	69	200	189	109	493
G[C>T]C	95	45	82	113	193	125	73	106	139	101	6	118	2840	144	56	58	60	160	197	63	108	82	934	102	213	165	85	2541	88	179	2564	82	149	86	75	66	76	162	175	204	2519	113	144	50	78	199	82	45	134	1407	112	56	174	99	163	71	83	61	68	208	122	72	191	130	110	533
G[C>T]G	421	142	218	266	351	517	220	199	213	188	13	351	7165	230	163	253	178	239	355	196	334	174	1619	192	316	276	321	3216	166	245	3192	394	328	279	234	186	182	341	263	274	5382	219	231	210	276	605	395	160	206	3338	216	158	276	498	433	200	353	84	218	323	354	116	254	536	313	1077
G[C>T]T	116	58	56	114	164	121	76	101	167	92	8	119	1911	158	72	67	70	139	200	73	140	94	798	100	259	148	104	2065	72	122	1968	94	136	96	84	75	69	163	206	209	1957	108	115	53	80	182	107	54	119	889	79	76	224	118	150	88	94	49	72	250	136	69	171	143	123	470
T[C>T]A	131	596	99	3075	2814	600	595	1784	11513	957	13	492	632	7017	80	481	263	107	281	101	8911	101	350	1755	374	10482	168	644	176	1914	720	144	801	132	217	286	138	4183	2012	702	785	3797	1390	1287	99	3553	1939	1057	585	253	1939	110	17950	712	155	237	1222	51	99	381	432	53	265	744	318	266
T[C>T]C	116	159	93	710	603	239	161	443	2258	324	7	339	719	1319	87	130	137	123	229	71	1829	104	362	435	323	1951	162	695	149	436	730	142	245	120	134	151	117	924	520	303	646	738	407	265	83	853	495	257	268	350	419	101	3680	277	171	122	363	77	94	328	185	82	170	304	137	248
T[C>T]G	201	173	158	487	460	423	185	294	1626	163	13	230	2344	711	92	200	153	138	252	118	1410	109	804	292	184	1307	182	1193	131	354	1014	215	265	173	122	153	111	695	371	163	2141	530	215	340	166	649	503	202	178	589	374	92	2057	399	227	135	301	48	144	188	218	54	146	406	201	432
T[C>T]T	127	349	121	1586	1567	434	371	1075	6320	575	9	450	799	3532	103	309	190	141	284	113	5131	108	426	1069	432	5553	182	814	188	974	788	148	530	150	163	198	125	2403	1133	495	759	1806	825	716	101	1950	1056	564	404	387	1048	126	10252	617	222	182	772	74	104	435	314	90	252	653	271	334
A[T>A]A	30	34	48	41	101	41	30	45	61	68	10	73	233	24	56	34	36	97	141	58	61	40	176	43	194	36	48	547	37	50	257	39	83	114	67	37	47	108	95	203	490	54	41	29	33	58	35	19	88	166	46	80	37	69	65	51	71	32	57	197	56	33	103	79	92	95
A[T>A]C	25	18	35	51	71	21	22	44	37	46	8	67	393	34	38	11	21	66	89	33	28	28	103	42	166	33	24	374	53	170	242	32	69	55	33	22	27	67	90	93	508	36	131	21	23	35	9	10	64	174	35	50	33	48	56	28	46	33	38	174	60	35	90	70	47	57
A[T>A]G	26	23	31	43	71	23	18	27	49	46	6	40	100	23	39	21	20	76	121	29	35	33	69	27	202	46	32	183	33	46	91	34	65	63	43	24	24	71	74	94	99	28	30	16	18	33	11	12	40	61	18	54	31	51	50	39	64	14	47	205	33	15	110	58	52	43
A[T>A]T	69	51	51	72	135	86	58	66	87	76	11	113	936	70	78	56	44	111	158	63	121	66	510	66	279	69	81	1141	59	81	1169	85	141	151	103	47	62	125	150	263	1195	73	86	42	37	97	43	32	96	503	51	75	53	103	131	76	86	52	80	278	70	56	134	107	150	294
C[T>A]A	13	11	17	92	129	20	31	54	38	43	14	91	181	77	40	10	31	166	124	27	32	81	132	54	174	28	44	200	102	172	46	25	195	60	43	32	42	111	88	163	103	95	166	10	11	29	13	13	191	105	114	50	48	41	67	33	34	12	40	170	38	12	224	68	103	27
C[T>A]C	29	15	26	97	142	20	33	45	49	73	14	129	353	76	44	20	57	139	105	43	38	62	202	48	328	30	41	438	115	136	230	37	195	85	42	58	32	76	92	148	245	120	158	10	13	25	17	15	148	168	121	69	48	46	75	51	52	26	47	316	65	24	180	71	86	60
C[T>A]G	20	9	31	105	166	18	38	70	57	59	18	129	225	88	42	12	38	165	146	39	32	75	134	66	233	44	40	272	108	181	81	29	196	79	51	46	40	91	141	189	95	108	172	14	19	32	14	9	218	143	116	66	50	44	89	41	52	17	48	231	62	17	258	75	98	51
C[T>A]T	18	28	40	152	283	36	69	113	102	129	25	227	264	136	51	33	60	259	213	34	46	145	253	116	351	50	53	216	155	192	126	50	302	113	52	69	51	142	210	279	144	202	221	16	16	76	31	20	267	233	194	100	75	66	140	72	73	48	81	360	112	47	291	101	131	51
G[T>A]A	10	7	10	22	40	16	15	16	25	29	4	24	63	12	33	10	15	32	56	18	27	18	45	16	112	19	18	206	19	25	72	16	42	31	20	15	16	39	38	66	80	19	22	5	5	20	7	6	32	27	18	30	16	24	21	17	19	7	42	109	21	7	70	33	31	26
G[T>A]C	5	13	7	22	36	15	10	11	19	27	3	54	238	20	29	15	14	35	62	18	15	20	66	12	102	20	17	230	26	39	116	12	43	29	17	17	11	36	47	48	204	27	37	4	7	19	8	4	34	104	19	18	16	24	27	16	28	15	31	113	32	16	65	30	26	29
G[T>A]G	21	8	21	21	44	18	5	15	36	36	3	27	131	10	30	11	14	38	75	23	20	16	94	13	138	25	22	291	32	24	174	24	55	40	20	11	11	41	44	60	157	23	22	11	12	32	11	6	26	103	17	36	12	25	31	21	23	13	30	143	16	14	96	34	38	57
G[T>A]T	17	9	25	29	73	24	23	18	45	65	3	42	123	18	48	23	16	71	83	31	28	25	63	19	222	41	22	181	28	32	131	24	72	58	36	16	26	45	66	101	197	23	18	9	11	34	12	8	39	85	21	48	29	40	44	44	40	18	55	227	23	18	130	49	40	34
T[T>A]A	101	76	64	70	157	84	50	41	78	82	7	115	351	56	73	47	82	81	122	57	114	62	245	40	203	78	70	779	60	90	568	91	98	118	123	94	62	94	142	246	517	83	106	49	45	83	51	20	107	258	67	75	59	88	90	58	89	19	75	207	119	17	134	93	133	195
T[T>A]C	23	6	15	29	54	30	19	28	42	50	4	53	115	23	35	18	24	54	79	29	22	24	44	26	160	45	36	169	34	52	90	24	63	58	28	28	21	59	52	64	95	16	38	12	20	37	16	9	32	67	7	42	20	30	38	31	39	18	32	168	27	19	103	38	45	28
T[T>A]G	22	9	16	36	41	21	10	15	15	34	2	32	49	16	25	13	16	33	47	30	28	25	46	16	118	23	18	177	26	20	56	17	40	45	35	17	26	41	25	85	40	19	27	10	7	25	9	8	36	52	12	41	17	36	32	28	29	10	22	112	16	11	67	38	43	26
T[T>A]T	53	50	46	83	143	76	56	58	93	96	7	115	489	53	69	66	46	147	184	69	85	59	327	56	348	81	65	920	75	76	1187	78	170	147	78	50	48	97	141	253	556	54	50	34	30	121	37	28	97	288	37	113	52	108	102	89	119	32	98	343	84	32	197	107	136	248
A[T>C]A	102	70	107	108	139	105	66	69	116	131	16	130	1215	65	128	71	86	171	326	111	208	107	658	71	371	155	115	3947	69	65	1720	122	139	173	132	95	83	154	185	243	1250	123	81	60	72	122	60	39	164	784	86	157	85	100	156	118	117	75	113	376	103	88	220	96	164	508
A[T>C]C	34	33	35	41	63	34	29	21	50	64	9	48	416	31	51	31	38	72	130	47	53	25	190	22	175	46	42	1182	35	76	508	51	67	79	62	35	38	50	100	102	385	26	61	16	27	51	27	14	116	248	22	71	33	43	53	55	52	25	58	171	40	28	118	54	56	188
A[T>C]G	73	37	58	60	81	46	35	43	68	93	0	64	820	35	90	37	44	100	198	68	102	65	626	43	261	68	73	3262	56	44	1523	79	79	112	90	48	55	81	121	139	841	46	41	31	45	77	35	43	105	687	35	95	48	71	109	58	74	51	61	272	66	54	130	85	79	581
A[T>C]T	69	67	106	92	129	72	52	59	105	126	8	127	473	64	130	82	52	156	307	100	142	96	251	57	371	102	96	1621	81	59	562	94	129	160	148	61	96	103	196	211	489	78	71	49	83	117	55	45	173	291	67	138	71	104	134	116	120	69	119	379	91	65	238	109	137	243
C[T>C]A	29	27	41	63	74	41	35	37	52	77	8	70	632	37	45	36	43	93	122	46	53	52	352	35	175	54	52	2465	35	50	911	50	70	68	55	40	32	61	107	99	640	42	65	22	28	43	18	14	122	442	30	85	40	51	70	35	43	31	38	173	40	35	99	57	86	290
C[T>C]C	29	23	33	76	84	31	31	42	64	133	2	63	515	41	66	36	48	110	137	32	50	43	232	43	261	50	49	1392	43	60	569	51	119	75	58	52	26	58	194	162	392	46	95	20	27	74	27	21	184	325	27	92	52	50	75	50	57	21	50	256	53	21	140	65	67	189
C[T>C]G	39	23	39	50	64	22	32	30	54	126	10	71	870	48	55	24	28	121	150	50	55	40	605	28	177	35	44	4073	52	64	1866	56	73	61	47	36	29	67	134	118	849	49	57	28	33	50	25	20	116	764	33	85	46	49	67	30	43	19	38	168	42	22	107	60	75	671
C[T>C]T	39	47	49	83	137	35	37	47	71	313	14	117	804	47	103	53	52	147	160	55	81	61	389	45	225	56	54	2406	70	96	963	103	118	105	71	60	48	74	300	203	695	83	103	24	32	63	25	15	193	419	78	88	70	56	78	52	53	35	67	238	75	36	146	80	93	342
G[T>C]A	40	30	36	59	64	58	40	46	47	67	4	72	1217	41	46	46	49	69	125	46	57	46	315	45	170	61	51	6012	45	39	1639	61	68	74	69	54	43	60	106	146	1243	47	47	33	45	82	32	12	64	615	42	71	52	60	59	37	45	26	34	163	49	32	102	58	64	430
G[T>C]C	37	25	32	78	109	51	41	61	40	57	6	67	556	67	33	28	42	95	84	29	43	33	118	59	113	27	46	1507	55	86	552	48	98	50	33	49	30	70	98	113	414	57	65	19	23	73	32	14	165	457	57	61	54	48	36	22	42	28	31	111	50	35	71	60	51	177
G[T>C]G	33	25	35	39	46	49	31	23	26	70	6	43	893	28	36	40	40	57	118	51	53	37	350	23	110	52	52	3808	40	35	1380	42	52	45	50	39	29	50	81	104	756	18	41	27	23	67	37	49	62	593	23	58	32	42	54	36	36	27	29	103	32	27	79	47	49	376
G[T>C]T	52	39	48	57	80	62	39	51	65	100	3	55	658	45	68	57	47	84	131	58	68	66	194	52	145	65	56	3565	35	50	817	55	74	94	72	48	36	99	133	145	803	55	45	30	34	105	43	35	88	320	41	80	43	56	77	44	54	62	40	150	49	73	115	49	66	243
T[T>C]A	62	42	63	73	92	50	29	23	77	80	10	60	820	33	65	37	46	85	150	49	92	46	336	25	190	61	51	2836	41	49	1265	65	71	137	54	51	55	62	91	155	1094	47	56	34	47	59	37	27	79	411	49	80	48	68	69	53	64	34	49	194	58	35	148	70	85	297
T[T>C]C	53	34	40	80	71	48	42	32	58	127	7	60	682	49	52	48	50	106	112	51	65	35	263	30	177	52	49	1597	46	82	1073	48	87	73	69	54	26	73	143	143	683	37	55	31	34	93	34	20	85	460	28	92	49	60	69	57	58	24	51	183	62	25	142	59	66	263
T[T>C]G	31	30	39	31	52	35	17	19	52	71	8	31	595	24	46	18	24	44	81	31	50	21	308	19	84	44	37	1971	36	32	1076	46	45	61	43	30	18	43	71	82	617	28	27	20	20	60	26	76	38	402	17	57	28	46	42	32	37	24	27	92	38	24	69	51	56	298
T[T>C]T	83	65	63	95	108	81	41	53	77	137	9	88	1224	53	75	63	70	107	160	73	114	72	712	48	221	100	85	3282	55	62	3240	104	117	129	78	78	63	111	173	188	1431	69	74	43	66	117	48	42	93	671	53	114	66	95	124	63	79	46	84	219	101	49	143	96	110	649
A[T>G]A	26	25	20	19	43	13	12	11	27	28	4	21	39	16	32	12	18	58	56	25	33	30	41	11	94	20	28	123	19	20	55	29	27	54	49	21	35	32	40	126	49	31	26	6	20	19	12	8	68	41	17	34	21	20	21	18	21	16	21	95	26	15	73	30	35	40
A[T>G]C	10	5	4	7	26	2	8	9	14	33	3	14	47	7	11	4	14	14	25	12	8	9	24	7	48	7	14	157	16	26	52	17	12	20	16	15	15	9	41	49	33	8	13	2	6	4	1	2	27	32	6	13	13	9	15	5	12	7	8	47	8	7	28	15	24	19
A[T>G]G	19	12	22	17	42	8	8	12	32	43	3	35	44	14	39	9	30	72	74	24	15	21	43	11	145	16	18	128	29	23	49	25	30	25	26	27	11	31	40	72	39	18	37	6	9	18	10	10	53	45	14	41	14	22	22	36	28	7	15	145	15	10	89	36	25	39
A[T>G]T	24	14	28	32	43	23	18	25	41	192	4	45	176	27	42	16	26	47	58	23	39	36	91	24	91	31	34	291	35	44	146	56	30	81	57	31	29	33	322	144	151	25	32	13	15	19	9	11	47	89	19	43	34	34	47	19	32	19	43	94	25	27	73	35	57	64
C[T>G]A	12	12	10	13	30	5	8	14	14	36	1	27	58	10	17	7	20	38	31	13	22	6	25	12	62	15	12	112	14	9	52	24	23	25	29	20	11	18	48	71	39	10	21	4	6	10	3	5	30	36	15	14	22	11	22	13	9	2	8	64	11	1	35	21	25	23
C[T>G]C	13	5	12	12	17	13	12	13	22	98	1	23	177	11	30	6	11	44	41	19	17	13	45	12	77	16	10	423	19	22	198	29	25	33	23	13	16	26	149	67	158	17	27	5	15	7	8	8	51	85	11	36	24	12	24	19	19	20	17	85	11	20	60	18	26	71
C[T>G]G	17	18	21	21	47	21	13	8	36	69	3	38	189	14	40	19	24	54	78	31	25	22	67	7	164	24	15	436	21	25	214	30	41	43	44	29	22	36	107	70	168	23	42	8	10	11	7	11	76	131	21	20	22	38	37	26	27	8	42	168	19	7	105	50	30	57
C[T>G]T	29	67	20	34	59	22	11	17	54	766	2	43	408	26	134	26	44	123	89	36	32	31	112	18	209	43	33	615	57	88	483	155	30	108	52	46	23	35	1407	268	413	24	51	12	29	24	17	18	61	183	21	48	72	31	50	30	25	28	78	222	37	29	88	40	70	116
G[T>G]A	9	6	6	13	18	4	5	11	16	19	3	21	33	1	19	5	9	37	23	7	17	13	16	10	49	8	3	42	8	9	21	12	11	24	16	13	10	15	21	27	15	6	9	4	2	8	1	3	22	22	3	18	13	12	18	12	10	5	16	51	8	4	42	15	21	15
G[T>G]C	11	5	5	10	25	6	1	7	12	23	4	29	59	12	10	6	6	45	25	5	8	8	10	8	42	13	11	101	19	32	38	8	22	9	6	4	8	10	43	38	43	14	18	6	5	9	6	3	41	56	16	17	7	11	12	2	11	7	5	44	20	9	45	20	8	15
G[T>G]G	17	23	16	21	40	14	10	24	23	52	4	19	85	6	42	19	24	60	78	22	30	12	38	17	138	16	12	148	21	29	93	22	34	36	36	25	19	25	47	58	62	18	37	6	11	13	7	14	52	80	12	36	24	28	23	20	27	13	27	139	17	16	87	33	24	39
G[T>G]T	21	25	18	29	39	15	12	17	30	216	1	32	327	13	46	9	30	59	48	23	27	17	80	20	106	31	19	450	16	61	359	54	37	52	31	28	20	24	364	134	311	32	35	6	16	25	16	15	60	414	20	30	47	31	32	18	24	15	35	99	17	17	75	33	37	73
T[T>G]A	15	23	25	29	31	10	15	13	26	55	4	34	33	16	39	16	27	59	66	22	29	26	34	12	92	28	26	101	24	19	49	19	38	82	48	30	32	36	65	136	28	29	23	7	27	14	15	8	83	34	21	33	22	37	31	21	24	10	15	88	35	9	68	42	40	31
T[T>G]C	11	12	12	16	29	9	9	18	20	46	2	32	54	12	29	9	21	48	44	17	10	16	28	16	79	14	18	117	22	22	59	26	21	34	26	25	14	21	86	61	52	9	18	4	15	19	5	6	40	37	7	17	17	18	24	20	16	8	14	70	13	9	50	22	28	32
T[T>G]G	22	25	27	33	55	13	16	24	40	68	7	51	166	14	48	17	19	81	84	30	37	29	81	24	142	39	23	248	37	47	299	34	48	62	33	21	25	34	50	106	116	28	38	16	12	24	13	9	87	96	16	51	16	38	48	33	31	19	34	150	29	19	92	56	46	76
T[T>G]T	59	62	61	67	91	61	35	50	83	424	5	99	568	45	104	47	65	139	136	69	98	43	257	50	255	69	68	1137	86	86	1395	126	74	148	93	69	65	80	720	302	495	51	90	40	40	72	30	21	119	293	33	77	61	91	102	72	58	29	72	265	70	31	142	90	134	276
