HMF003724A	HMF002108A	HMF002068A	HMF002362A	HMF000425A	HMF002903A	HMF000213B	HMF003060A	HMF000673A	HMF001771A	HMF002487A	HMF002139A	HMF003506A	HMF002471A	HMF002352A	HMF002394A	HMF001936A	HMF001356A	HMF002469A	HMF002388A	HMF003272A	HMF001722A	HMF001591A	HMF001953A	HMF001484A	HMF000631A	HMF001943A	HMF001431A	HMF002388B	HMF000895A	HMF001886A	HMF001576A	HMF002718A	HMF001181A	HMF000843A	HMF001843A	HMF002113A	HMF000611A	HMF001554A	HMF002892A	HMF001907A	HMF003166A	HMF001797A	HMF001870A	HMF003741A	HMF002565A	HMF003621A	HMF001203A	HMF002563A	HMF001660A	HMF003119A	HMF001686A	HMF003170A	HMF002706A	HMF000428A	HMF001616A	HMF003229A	HMF002837A	HMF002860A	HMF002531A	HMF001709A	HMF002797A	HMF002867A	HMF002486A	HMF003761A	HMF000934A	HMF000047A	HMF000213A	HMF003633A	HMF000952A	HMF000190A	HMF003359A	HMF002624A	HMF001928A	HMF000134A	HMF000944A	HMF000204A	HMF002819A	HMF002899A	HMF003395A	HMF001853A	HMF001464A	HMF002508A	HMF003788A	HMF003715A	HMF003525A	HMF000131A	HMF004389A	HMF004198A	HMF004110A	HMF004233A	HMF004175A	HMF002835B	HMF003809A	HMF004114A	HMF003898A	HMF004266A	HMF003947A	HMF004269A	HMF003976A
A[C>A]A	152	337	206	190	81	210	149	134	70	125	239	105	36	231	106	129	159	186	125	138	184	228	181	178	225	161	340	377	66	148	272	16	58	177	233	61	314	163	83	189	146	223	340	142	159	156	245	175	174	676	55	205	57	138	134	139	233	114	122	193	161	124	169	229	102	232	212	148	194	192	129	156	196	198	92	93	253	84	290	153	291	129	138	146	102	159	144	123	309	105	339	256	98	21	221	277	162	260	84	151
A[C>A]C	79	124	112	104	55	85	99	68	58	60	97	56	24	121	62	105	91	72	47	69	99	105	93	96	124	101	106	202	36	58	109	0	42	87	109	34	116	92	37	86	69	87	248	81	77	87	86	97	103	133	27	109	32	85	75	73	104	88	71	88	62	92	78	112	62	91	97	89	88	68	52	80	84	60	55	57	117	64	127	80	179	69	61	75	53	65	65	73	168	45	157	143	77	11	81	136	78	140	29	70
A[C>A]G	20	40	21	31	13	23	21	14	9	14	18	17	5	24	18	16	12	20	16	12	22	15	14	28	27	13	32	22	6	23	24	6	7	30	17	11	34	12	9	16	18	22	29	19	16	20	25	18	19	48	3	20	9	10	18	20	31	14	11	13	21	11	15	31	13	22	21	17	18	22	12	20	17	18	14	10	30	6	18	18	31	10	18	12	12	22	16	18	28	15	27	34	16	4	26	37	10	43	13	17
A[C>A]T	80	134	136	126	44	116	92	84	33	48	114	80	25	126	54	83	85	103	63	91	93	126	79	96	159	141	144	294	47	64	138	3	51	97	105	39	118	81	36	94	81	134	296	66	84	108	110	104	97	222	31	105	30	97	83	77	115	83	55	96	90	86	89	109	53	106	131	87	103	106	59	91	103	94	49	44	140	51	122	78	144	54	87	74	67	61	84	53	174	67	171	143	70	5	138	135	89	147	38	63
C[C>A]A	126	196	163	151	56	138	127	98	84	77	118	73	14	139	73	82	84	109	82	94	119	148	119	151	192	175	204	300	61	73	165	14	54	130	145	52	221	116	53	96	79	161	738	71	106	124	135	117	110	350	29	125	41	136	118	89	130	85	81	144	119	151	95	220	68	121	133	122	127	125	61	74	118	97	115	40	169	49	145	93	178	71	68	89	72	85	101	103	214	79	191	152	93	29	184	139	107	191	42	85
C[C>A]C	80	119	122	81	38	98	103	78	61	72	88	81	14	101	58	78	72	79	53	64	92	98	70	99	143	271	84	171	34	73	101	9	49	90	119	51	139	70	34	85	66	90	868	60	95	93	104	114	77	149	26	104	30	110	90	89	82	79	65	82	72	90	89	105	55	96	89	99	100	82	48	48	89	56	51	48	117	40	107	69	162	67	47	70	74	73	85	85	172	58	170	141	78	8	101	103	100	140	33	89
C[C>A]G	8	24	27	19	13	32	24	18	12	14	14	15	2	15	9	14	13	11	12	15	13	21	16	22	36	62	26	31	9	25	31	8	6	15	17	11	32	22	12	16	18	28	173	12	12	34	16	18	18	48	3	36	8	24	15	13	24	14	16	17	18	14	22	25	11	26	20	25	21	23	16	15	19	10	18	8	25	9	22	23	44	10	8	12	15	8	28	17	42	18	26	32	17	2	26	19	13	30	11	14
C[C>A]T	74	126	144	99	47	159	145	102	77	74	91	114	14	123	59	62	78	85	52	88	143	112	83	169	160	533	116	220	54	68	157	7	62	89	97	89	160	103	33	98	82	112	2942	75	115	119	165	157	121	203	21	123	38	212	118	137	128	81	60	119	110	164	92	141	62	111	134	138	112	88	89	84	95	117	136	40	101	30	115	85	146	75	58	64	70	64	100	127	220	115	201	143	119	17	92	106	101	144	33	87
G[C>A]A	56	109	128	147	39	146	54	58	38	62	94	51	11	127	66	53	83	69	46	78	116	160	95	114	133	76	307	164	41	45	191	9	28	105	89	27	272	96	38	83	57	107	169	66	71	159	121	104	87	665	27	115	43	72	48	60	87	54	42	108	109	94	77	166	62	107	97	57	80	116	79	65	90	102	86	30	113	39	115	87	147	67	70	52	49	69	59	58	150	51	134	131	54	6	114	112	112	126	41	79
G[C>A]C	48	77	89	69	26	66	60	62	24	33	53	38	7	76	37	48	41	65	41	46	53	86	55	58	94	90	65	127	25	42	84	5	25	48	74	25	92	61	16	57	44	65	197	41	63	52	65	69	60	136	13	52	26	52	57	47	72	46	31	53	59	78	33	65	41	79	66	61	76	70	33	37	46	51	48	32	74	39	91	44	101	33	37	39	46	54	48	38	114	49	109	82	29	10	69	79	65	88	14	54
G[C>A]G	10	23	27	10	14	24	12	7	12	14	15	14	3	19	13	15	25	13	13	12	12	15	18	18	27	17	29	21	8	15	29	5	2	16	19	8	38	22	8	20	8	16	41	16	20	20	22	12	18	45	4	19	3	10	23	12	9	6	13	11	18	15	14	36	8	20	11	12	14	10	8	11	15	12	14	11	23	11	22	10	31	18	10	17	9	14	11	14	23	10	22	23	18	2	26	18	19	33	11	23
G[C>A]T	58	92	75	79	30	119	75	72	44	43	67	42	13	77	46	39	62	52	46	52	76	110	60	74	106	99	175	166	20	44	139	1	27	54	97	32	151	83	31	62	53	75	395	58	69	104	95	111	66	295	23	82	20	59	53	64	94	49	39	80	74	91	45	117	50	77	83	73	79	77	51	48	58	72	77	41	76	33	83	57	93	68	46	42	45	45	46	57	137	39	130	91	35	11	55	71	54	84	25	44
T[C>A]A	101	202	185	139	81	224	152	168	100	124	132	109	28	182	100	132	146	142	113	116	191	217	150	162	212	141	230	501	70	98	301	3	64	137	189	67	242	145	63	163	113	192	308	132	142	180	195	217	148	334	48	167	67	200	142	142	173	106	97	186	152	195	121	239	108	169	190	148	196	133	111	115	170	171	178	71	182	61	210	166	242	141	102	92	119	100	109	137	428	101	276	245	86	12	184	216	163	227	66	139
T[C>A]C	104	184	162	141	68	140	142	124	60	94	135	100	26	170	100	84	113	122	98	95	131	184	121	118	166	156	175	263	51	90	233	3	46	104	169	70	209	131	47	156	78	164	330	114	110	138	135	142	129	202	53	142	46	111	98	114	121	104	92	152	101	105	106	174	97	160	170	121	135	123	78	100	125	90	115	73	153	73	175	129	237	86	83	103	95	105	110	93	283	77	222	201	76	12	163	192	137	187	41	108
T[C>A]G	19	27	30	20	17	20	23	16	15	15	14	15	4	30	8	15	31	6	11	16	22	19	14	25	28	28	27	18	10	17	35	2	9	21	27	11	30	23	14	24	26	19	33	16	19	30	21	18	21	56	5	27	10	21	14	13	30	20	20	20	23	21	23	28	19	18	21	24	21	27	7	19	30	13	29	13	25	6	25	23	48	17	16	9	14	17	27	13	44	13	21	31	12	0	30	30	29	38	9	20
T[C>A]T	139	214	183	169	98	327	182	175	113	101	187	120	30	230	112	110	186	150	128	133	218	277	134	254	302	259	295	515	78	104	396	4	99	143	212	78	307	164	49	198	112	219	899	153	160	255	276	224	186	446	61	176	74	236	136	150	174	120	92	223	222	202	121	325	136	161	209	180	193	171	134	107	159	230	277	73	164	70	199	139	264	171	114	112	114	111	98	174	385	94	265	265	146	8	181	211	193	215	68	139
A[C>G]A	44	98	93	99	28	65	83	69	45	69	138	81	11	119	90	49	56	74	93	63	124	99	95	84	84	107	110	150	41	51	100	10	51	71	93	51	115	86	28	59	57	70	214	51	73	71	73	95	70	142	43	74	47	70	73	86	120	83	46	71	124	73	71	56	47	83	84	77	104	77	51	54	80	56	33	35	62	28	62	79	245	47	52	73	61	57	44	57	212	51	129	167	78	5	63	111	75	100	47	61
A[C>G]C	33	49	54	54	19	40	51	69	29	44	58	50	6	70	30	28	45	49	65	43	84	69	46	48	74	49	45	100	31	38	54	6	22	39	47	32	80	53	18	46	21	74	100	28	52	52	52	63	45	60	30	43	19	65	38	49	84	56	32	64	67	55	44	42	34	35	48	48	74	49	32	26	42	26	15	20	57	26	60	36	134	25	43	55	69	28	32	33	128	39	95	88	52	7	33	63	52	55	30	35
A[C>G]G	2	18	28	19	8	16	15	14	11	7	16	9	2	9	14	14	8	17	5	18	14	9	13	20	19	17	13	19	12	15	9	1	8	12	8	15	18	7	9	14	6	12	21	15	12	11	22	21	11	17	5	9	1	15	16	9	16	9	7	14	12	13	10	11	15	18	16	12	20	11	12	7	13	12	5	8	15	6	15	14	21	8	9	8	20	10	16	8	26	9	22	23	16	2	14	15	12	21	5	9
A[C>G]T	62	107	85	107	43	64	103	105	61	67	89	89	7	97	50	48	62	83	93	82	97	88	79	79	114	72	79	299	49	57	102	7	42	63	89	47	84	67	25	110	51	104	199	74	89	83	66	135	85	104	37	60	29	130	70	97	105	98	63	68	71	91	69	89	73	57	88	96	97	90	57	54	94	67	33	47	73	38	85	87	173	50	45	63	83	68	61	65	263	53	123	148	73	12	77	91	76	85	27	67
C[C>G]A	39	57	53	73	16	41	53	49	31	25	40	46	9	49	27	24	24	37	37	49	55	63	40	47	65	22	46	61	25	29	58	4	19	40	43	31	54	35	21	47	24	60	56	40	29	45	53	60	37	46	17	44	35	63	49	43	63	51	29	37	47	54	26	41	31	36	42	60	59	37	28	34	44	37	28	19	49	9	43	38	96	21	19	17	43	22	27	40	127	36	73	57	46	8	45	74	33	53	14	30
C[C>G]C	41	55	56	51	28	50	70	52	28	36	56	46	8	59	32	37	33	40	43	43	55	62	43	52	69	55	40	49	22	18	46	2	25	47	48	33	50	40	15	67	41	68	57	44	48	48	37	74	45	45	18	42	31	97	48	65	71	39	25	36	53	78	38	56	38	36	35	68	67	43	32	26	52	24	9	35	33	12	35	47	89	28	33	31	61	43	30	42	95	43	87	77	46	11	36	53	42	56	32	31
C[C>G]G	11	7	18	10	20	12	17	12	8	6	9	17	0	7	10	6	10	8	5	15	10	14	14	15	20	11	12	18	6	7	13	1	5	13	11	11	19	8	5	13	6	10	25	13	5	12	14	26	12	6	1	8	2	18	10	6	20	12	4	15	13	7	11	9	7	11	11	15	11	8	10	5	17	7	14	6	14	6	6	3	24	6	4	7	17	11	17	12	30	11	18	16	12	1	13	13	13	20	6	14
C[C>G]T	54	80	67	91	47	56	99	109	64	47	80	91	6	87	43	61	53	87	73	71	79	100	100	74	124	50	78	135	32	39	103	2	47	64	69	48	96	49	25	95	51	109	86	70	60	73	66	104	73	67	36	60	42	137	76	91	86	75	55	77	77	92	51	69	94	51	61	96	73	70	55	40	61	45	23	47	50	26	68	38	141	66	33	42	125	53	42	64	181	70	142	125	71	20	60	90	68	76	28	56
G[C>G]A	27	46	26	37	19	22	29	21	17	27	37	19	5	40	23	21	29	24	40	26	50	51	36	40	31	47	43	60	18	24	47	2	15	22	33	24	53	20	18	19	31	26	67	21	27	35	26	31	29	44	14	39	22	33	29	28	35	39	22	22	29	42	19	27	15	17	17	29	39	32	18	33	36	27	4	11	31	9	28	33	86	18	26	35	18	20	19	25	83	22	45	57	31	11	24	37	28	47	8	34
G[C>G]C	27	29	30	33	17	29	43	31	29	23	40	29	5	41	26	16	20	27	35	35	31	52	29	31	44	45	20	125	22	21	39	3	19	27	29	32	49	39	15	51	18	38	97	31	38	30	38	45	28	35	13	34	22	91	25	25	44	52	22	31	27	49	25	22	23	17	30	39	38	18	25	39	41	18	11	25	47	23	20	32	86	13	24	25	36	23	21	32	86	22	60	56	42	12	38	31	23	48	9	31
G[C>G]G	6	7	7	9	3	1	11	8	5	7	8	13	2	13	3	8	11	5	7	6	6	11	4	6	10	7	4	11	4	6	10	1	4	9	6	11	7	7	2	6	9	9	13	5	8	12	8	13	7	12	2	8	2	16	13	11	13	2	6	6	8	6	8	7	4	3	6	11	9	9	7	4	6	15	7	3	7	2	7	10	18	4	2	6	9	3	10	8	7	15	8	17	8	3	5	8	12	21	3	8
G[C>G]T	28	36	38	49	12	33	43	53	44	26	45	36	5	42	29	17	35	52	44	49	46	49	41	44	68	41	38	89	28	31	59	6	24	30	39	24	51	33	15	41	27	58	106	35	35	35	45	60	32	42	22	33	30	51	47	57	69	47	26	37	46	42	19	36	27	47	39	44	58	35	30	27	48	30	23	18	38	18	31	35	113	30	17	33	51	28	25	27	114	32	72	82	36	9	37	50	39	58	19	37
T[C>G]A	68	103	103	93	51	88	94	78	96	53	128	57	16	143	64	454	72	113	78	114	143	203	83	80	179	58	146	331	56	48	151	4	65	61	87	59	108	83	39	88	53	116	171	55	102	61	89	147	81	105	23	80	162	157	72	84	158	125	75	103	122	89	81	94	68	53	102	90	122	103	69	55	93	93	453	59	73	25	87	100	247	71	40	83	87	60	46	63	457	61	230	230	117	11	72	189	75	118	40	76
T[C>G]C	67	85	89	81	47	62	112	92	78	49	100	75	11	97	41	120	49	103	65	85	106	150	82	75	148	56	81	152	56	55	122	5	38	61	64	45	120	73	32	104	59	126	138	75	72	76	62	129	69	86	28	64	85	142	79	85	118	86	65	95	98	101	42	86	75	73	88	108	92	84	51	42	70	53	118	48	59	34	79	58	211	71	53	64	96	52	64	97	291	88	173	163	78	8	67	113	72	90	40	56
T[C>G]G	6	11	14	12	10	11	20	14	6	6	7	15	0	6	11	17	8	11	7	13	9	19	3	12	17	9	11	17	9	9	15	7	3	9	11	10	11	10	5	12	8	15	13	8	14	18	14	17	14	17	4	4	6	15	15	14	10	11	10	8	15	17	7	8	11	8	5	18	16	8	8	9	14	5	39	11	16	2	11	8	12	3	8	5	14	4	10	9	17	9	15	23	11	0	10	10	7	17	4	8
T[C>G]T	129	154	164	174	85	156	185	200	155	115	196	139	29	205	86	471	118	203	138	178	238	410	158	150	303	119	298	863	103	100	309	7	98	134	153	108	188	130	68	197	111	246	375	126	170	168	145	315	135	146	58	191	215	300	163	156	294	226	150	175	200	202	105	144	140	113	158	170	226	190	129	114	165	152	589	106	111	78	183	165	426	136	84	109	175	122	90	114	825	139	396	357	242	29	161	281	158	182	64	120
A[C>T]A	133	152	179	156	83	150	202	141	133	121	116	136	52	151	85	133	110	136	120	138	151	182	138	147	193	812	144	156	85	116	179	29	86	150	146	108	164	140	87	158	105	140	3392	114	138	154	153	165	159	162	72	129	89	158	145	145	178	136	107	166	122	162	123	166	132	137	119	201	158	143	102	111	192	107	123	81	157	65	128	118	222	109	83	114	152	129	119	135	250	125	216	253	165	52	163	170	158	212	68	113
A[C>T]C	68	91	126	72	49	77	117	93	51	74	52	67	20	96	52	75	57	71	71	79	90	95	78	84	87	259	82	116	53	52	114	15	62	70	80	65	95	61	38	71	74	80	888	54	99	88	77	82	77	85	25	83	41	91	69	72	79	82	67	89	49	107	65	88	57	60	76	115	75	89	56	72	89	52	47	54	79	42	78	79	114	70	43	66	90	59	85	68	140	53	111	130	65	21	88	86	97	101	25	74
A[C>T]G	151	149	197	201	148	147	260	116	183	104	132	139	98	248	157	136	182	121	104	165	198	203	152	248	161	1539	178	189	88	121	259	31	97	184	167	158	154	158	103	177	116	187	2990	99	129	228	146	233	146	178	66	218	90	129	128	109	199	163	136	155	117	189	112	228	119	164	144	254	232	203	116	100	184	120	268	120	186	61	203	198	203	130	99	121	105	159	107	175	339	171	234	243	244	102	170	211	225	225	69	90
A[C>T]T	80	123	142	100	55	106	138	125	79	83	100	103	26	140	77	106	87	129	87	107	129	120	96	132	120	256	102	160	59	101	154	19	84	123	109	104	144	82	69	138	90	106	1038	93	143	118	112	143	122	117	39	99	42	123	111	103	156	96	71	127	81	124	78	120	88	89	119	129	117	88	75	87	144	86	62	58	98	59	115	71	154	89	64	77	116	94	86	94	173	79	156	169	76	29	118	139	117	131	36	91
C[C>T]A	103	128	145	129	87	114	134	118	82	114	141	111	28	136	90	139	102	91	90	128	130	143	110	148	143	151	109	136	74	118	162	39	67	114	123	92	150	120	66	154	87	122	576	106	129	130	129	121	103	150	47	124	78	122	106	115	143	104	80	116	105	164	99	140	85	109	121	135	140	114	69	81	142	95	85	63	102	51	98	103	234	97	81	91	139	90	82	93	230	100	169	192	113	26	143	135	125	172	38	117
C[C>T]C	88	127	129	97	54	85	170	105	83	73	114	103	19	139	72	100	80	88	78	88	104	90	112	105	125	261	95	88	46	94	137	26	81	90	138	119	145	103	50	131	74	96	745	84	97	138	94	107	96	152	39	95	39	124	107	127	121	86	85	111	69	112	80	111	79	101	112	172	111	89	89	66	143	55	74	55	118	48	145	84	158	71	76	71	100	82	105	99	168	86	171	163	88	26	118	115	120	140	30	91
C[C>T]G	75	99	103	113	115	101	125	81	96	66	92	122	44	132	91	77	98	64	70	96	124	146	101	148	112	791	105	121	51	115	195	44	75	106	105	116	131	108	56	108	66	105	1756	54	123	171	90	135	83	110	32	134	50	78	93	71	137	112	89	89	71	149	80	144	62	104	75	121	139	124	62	66	106	63	156	63	72	39	115	96	136	76	51	86	68	70	70	103	207	93	146	142	136	43	104	116	150	147	46	59
C[C>T]T	122	129	190	151	85	127	169	113	103	102	118	137	40	148	91	151	106	99	93	144	117	151	141	147	168	273	137	164	87	100	174	36	126	134	146	107	154	131	53	187	96	116	701	86	142	143	125	149	120	173	54	101	60	143	145	136	138	113	123	164	103	186	117	137	95	117	153	155	127	136	103	116	171	80	96	77	135	70	167	123	189	111	109	94	148	89	116	147	250	101	208	217	114	36	139	150	140	232	43	117
G[C>T]A	94	136	150	120	62	91	117	110	86	78	99	104	12	142	80	90	97	75	92	111	109	123	117	109	110	530	122	108	64	97	137	17	49	110	137	86	146	121	49	114	102	94	2433	99	111	106	110	99	105	149	25	97	62	103	124	85	109	134	83	108	70	146	94	149	94	94	119	114	110	109	65	95	127	84	98	43	103	42	86	110	207	86	77	77	89	79	98	82	211	75	129	165	99	30	122	107	99	156	46	105
G[C>T]C	67	105	131	84	53	91	141	106	82	82	118	94	24	109	72	66	76	85	65	90	110	97	100	102	128	841	80	127	53	89	123	8	64	97	116	85	145	81	55	90	82	86	2439	96	105	95	91	100	101	134	34	80	42	123	96	90	105	73	72	89	65	146	104	128	80	97	84	135	92	94	64	81	110	42	74	50	99	54	101	97	147	84	81	77	76	81	100	97	144	75	131	155	94	17	105	98	93	145	32	96
G[C>T]G	96	94	124	137	116	115	160	122	136	83	102	97	72	158	108	122	126	58	64	114	111	159	125	165	123	1221	122	110	60	129	182	50	74	128	117	140	109	141	79	100	108	120	2648	71	105	174	111	137	109	115	40	142	66	106	85	74	131	115	87	113	84	156	104	206	76	134	96	144	174	112	73	52	121	76	248	86	105	68	150	126	137	99	56	73	71	121	83	140	271	120	178	183	182	76	111	152	169	151	48	75
G[C>T]T	60	101	122	86	56	93	121	107	94	61	86	100	25	103	72	80	64	79	67	86	125	106	88	111	115	521	97	157	54	69	116	15	63	105	107	83	136	79	57	127	74	86	1919	79	99	87	80	116	87	107	35	97	44	101	106	90	111	81	69	103	89	127	65	111	67	101	77	117	104	86	63	84	119	62	76	43	94	61	92	78	146	72	69	62	67	70	107	108	166	83	148	152	82	25	95	101	86	137	27	84
T[C>T]A	174	235	227	166	97	169	236	170	169	144	195	146	53	251	164	1187	145	154	146	281	254	303	163	188	249	246	277	494	181	136	277	35	134	153	204	124	235	149	74	205	122	225	1063	158	219	176	155	281	177	202	71	182	203	217	184	176	234	162	145	223	201	227	140	172	176	155	197	226	244	217	156	139	237	142	659	99	141	75	246	186	320	152	124	154	180	135	136	149	474	146	370	389	186	21	196	334	194	232	82	172
T[C>T]C	146	152	199	195	74	131	200	152	120	121	149	128	30	222	145	325	142	142	110	217	196	196	152	151	185	330	190	227	121	127	212	58	95	135	165	107	200	125	68	151	97	141	812	128	138	150	140	187	134	201	65	142	107	161	148	133	186	130	141	188	132	164	150	202	115	151	161	202	165	164	117	115	207	116	185	97	139	95	231	154	276	115	103	135	126	124	131	122	383	96	268	250	134	25	175	219	141	204	59	117
T[C>T]G	73	61	89	105	65	73	109	72	75	49	79	75	39	95	70	160	65	51	46	98	100	96	72	111	71	617	108	132	69	108	141	46	54	93	85	87	100	86	54	86	56	88	1336	54	83	129	65	101	65	77	31	106	56	62	70	54	84	56	59	80	65	109	55	130	67	77	63	110	109	111	56	32	93	58	204	53	78	43	96	87	109	63	34	53	50	56	50	78	166	81	112	120	115	38	84	112	105	140	31	59
T[C>T]T	143	197	200	142	91	150	210	164	154	135	160	149	46	231	136	765	140	131	101	209	195	224	119	169	191	292	224	422	127	105	267	28	117	127	161	140	213	142	72	171	106	147	1032	106	193	123	116	248	148	172	52	148	149	183	168	143	183	148	131	181	164	222	131	173	123	153	164	202	209	179	127	124	215	105	360	100	147	128	217	148	238	145	105	126	147	129	142	148	402	109	307	280	160	34	148	255	146	254	59	121
A[T>A]A	47	95	79	73	34	74	127	85	58	38	70	77	18	88	41	70	48	53	50	63	76	99	64	84	104	407	95	202	33	49	100	3	38	70	87	46	94	62	30	82	63	73	1082	69	79	67	73	110	63	92	18	81	26	72	84	74	99	70	80	85	77	129	59	90	77	95	66	120	88	77	67	65	93	50	33	36	81	97	89	69	106	53	61	41	82	49	66	76	269	58	122	101	100	9	70	71	77	114	28	55
A[T>A]C	16	41	68	41	23	24	40	51	46	26	32	30	6	37	24	49	25	42	28	30	31	45	38	39	55	263	34	62	17	38	57	1	23	25	32	27	31	31	11	44	25	43	657	35	49	36	32	36	38	47	8	37	19	34	39	26	50	25	35	46	46	42	23	33	18	41	37	38	36	40	28	27	43	39	40	25	30	52	42	30	49	41	27	28	27	18	24	36	68	29	66	69	36	7	38	42	44	49	8	26
A[T>A]G	38	72	75	59	25	49	87	71	47	41	61	73	14	43	36	65	31	43	42	34	59	62	71	58	88	78	57	95	19	36	79	4	38	48	70	39	67	40	20	64	48	55	148	43	54	49	58	88	40	76	25	54	23	65	70	51	77	42	36	56	43	70	37	53	36	59	46	85	64	66	25	33	67	50	22	35	77	48	45	31	87	44	31	30	54	32	54	54	108	62	106	75	44	9	49	50	53	65	23	48
A[T>A]T	58	113	121	56	43	74	131	120	111	61	81	95	14	89	70	67	65	67	61	86	96	90	50	133	137	381	87	254	49	51	121	8	75	74	109	65	98	78	32	87	79	85	1245	57	97	85	109	150	98	97	25	82	27	147	96	85	91	81	72	83	85	182	59	92	79	69	91	130	86	102	86	49	125	69	137	36	87	74	90	68	107	99	45	55	88	67	75	110	209	99	151	140	82	19	70	78	96	89	36	71
C[T>A]A	27	50	63	42	15	51	59	74	48	32	43	60	10	45	36	35	27	47	34	48	46	60	37	38	98	43	43	150	36	39	65	2	41	41	62	29	54	44	20	51	39	56	123	40	47	43	41	80	35	50	21	44	17	73	92	57	68	41	25	56	54	147	33	46	34	47	37	56	51	43	44	37	85	31	16	31	52	47	53	35	61	34	22	27	52	30	50	46	141	40	93	74	30	4	46	51	36	57	12	32
C[T>A]C	45	58	74	52	19	38	73	87	40	42	44	65	10	55	41	44	36	63	61	48	52	54	50	65	100	101	53	83	33	45	101	12	30	48	58	38	70	41	20	54	46	63	228	55	62	62	52	71	44	58	20	58	23	65	61	69	62	45	35	49	63	60	54	57	55	42	35	73	53	50	46	35	62	51	39	23	42	40	43	34	104	49	28	30	62	28	51	60	120	47	101	92	48	13	53	53	52	77	26	41
C[T>A]G	50	75	86	70	26	53	109	87	54	37	77	61	14	61	41	47	54	67	50	40	63	91	57	71	129	67	73	158	26	62	113	14	54	58	74	54	87	62	32	65	67	79	147	65	77	67	64	111	69	71	25	69	10	81	96	80	80	64	40	68	68	86	37	58	58	66	45	109	75	59	53	43	70	40	33	25	81	82	61	51	108	49	45	45	73	49	44	59	129	55	101	127	67	6	61	68	61	112	22	45
C[T>A]T	48	72	103	61	27	69	90	102	59	49	66	62	13	67	30	76	40	74	61	52	85	83	59	55	127	66	59	129	31	52	114	5	44	62	83	48	92	72	25	73	56	84	174	63	64	55	63	84	58	61	21	67	17	69	66	66	94	68	49	68	51	175	51	60	57	71	63	93	55	84	45	41	79	50	73	31	73	38	83	54	86	56	46	36	59	46	60	52	148	73	136	118	42	10	74	68	60	96	19	51
G[T>A]A	20	32	52	18	12	25	44	57	22	30	29	28	3	33	24	24	24	25	21	19	37	53	34	38	58	73	28	54	11	22	58	1	34	29	37	24	38	27	10	29	25	34	191	17	28	36	25	46	35	30	11	24	6	34	41	35	38	18	18	24	33	88	26	25	20	21	21	45	35	26	23	20	38	20	9	24	31	25	41	30	58	29	26	20	40	24	29	31	70	35	74	45	32	9	32	33	36	49	13	15
G[T>A]C	16	20	29	23	14	15	36	45	17	14	22	22	3	25	14	29	20	26	17	19	20	29	17	25	32	119	17	32	6	11	36	0	15	24	33	15	25	23	11	31	20	23	230	18	19	27	33	24	20	25	9	28	10	27	28	23	29	23	12	18	16	28	22	21	14	28	22	35	26	19	16	21	18	21	20	20	16	16	23	15	40	15	14	16	25	9	19	24	46	26	46	42	15	5	17	22	31	31	7	17
G[T>A]G	17	40	47	33	20	28	46	39	32	27	40	39	10	40	25	34	16	35	32	32	37	39	37	36	59	62	35	57	23	45	63	8	25	37	45	35	39	32	17	33	37	33	184	47	38	47	41	52	40	37	10	41	14	51	31	29	51	32	25	41	38	46	34	37	23	31	27	46	46	33	30	24	42	30	13	17	49	23	36	37	54	33	22	28	40	21	28	26	56	49	60	57	46	6	38	36	32	55	14	31
G[T>A]T	24	49	46	51	14	40	52	52	19	20	45	34	3	26	23	39	23	42	28	27	35	42	30	33	58	83	29	56	13	21	53	4	26	40	53	12	52	47	16	42	30	56	198	30	40	36	46	33	34	35	9	37	10	41	31	25	59	33	27	42	40	98	17	52	26	45	39	48	30	44	24	18	46	35	29	17	43	28	37	20	54	33	25	19	37	25	24	35	70	39	68	55	22	1	27	41	39	44	9	30
T[T>A]A	65	85	114	77	45	78	120	116	81	54	98	89	13	85	50	49	60	72	60	127	101	115	52	92	111	137	98	250	70	43	111	3	40	56	92	55	99	71	31	88	65	93	513	72	89	88	97	133	66	76	24	74	14	95	101	99	96	66	47	88	78	263	36	87	66	74	78	122	91	89	66	53	111	58	92	27	73	62	94	60	131	77	59	38	87	43	52	103	381	62	136	120	104	10	79	75	72	98	31	60
T[T>A]C	47	76	82	49	19	56	100	83	32	41	46	59	8	82	32	36	34	42	56	52	70	83	46	48	88	89	67	85	35	41	75	4	27	45	86	28	60	32	10	72	44	67	219	57	55	43	78	77	42	70	22	55	11	84	65	72	76	32	41	58	42	71	39	62	65	53	54	101	68	68	47	42	91	32	17	33	55	34	59	42	130	37	38	33	77	47	64	62	107	61	94	92	34	5	56	59	54	75	19	53
T[T>A]G	25	60	54	47	20	41	75	75	32	26	44	44	4	41	43	26	39	45	33	38	60	48	40	55	93	42	43	149	28	40	60	4	19	43	64	34	50	27	18	47	31	62	90	42	47	54	59	74	42	40	13	44	13	74	60	48	45	24	35	43	43	62	22	42	45	40	36	68	48	52	34	24	52	34	11	20	48	28	39	32	77	44	26	30	57	37	49	52	146	50	89	73	35	4	51	48	42	69	16	28
T[T>A]T	78	130	158	119	54	113	211	175	86	96	116	132	17	138	69	84	81	117	108	85	131	126	102	101	156	205	103	240	49	65	177	12	57	100	161	81	167	75	35	187	82	149	640	131	97	111	104	166	115	135	47	97	33	157	144	174	122	75	74	109	110	268	84	113	121	99	96	209	112	128	85	69	165	65	74	45	121	47	133	104	160	97	94	75	185	98	108	130	292	138	199	172	87	14	102	142	105	168	51	106
A[T>C]A	95	180	197	183	80	129	269	223	150	101	178	168	42	158	74	134	107	110	140	184	164	185	118	166	223	929	137	271	111	103	195	28	116	150	146	135	154	144	63	158	121	146	2252	132	159	150	126	195	118	137	59	129	122	247	200	170	188	166	136	190	135	217	118	140	159	114	125	259	158	108	124	106	169	86	148	94	159	110	141	115	240	122	106	100	170	115	138	175	424	134	234	269	335	49	133	157	148	167	44	116
A[T>C]C	27	50	73	72	28	40	73	80	65	26	45	49	11	43	29	41	30	46	39	78	62	66	43	63	52	237	58	81	44	45	56	11	49	30	48	67	67	38	26	48	43	58	549	36	74	51	51	72	49	40	12	57	31	91	50	51	51	52	37	73	45	92	44	56	50	39	41	72	59	52	44	40	51	38	52	28	38	28	41	41	57	32	25	31	51	43	45	66	121	47	71	81	62	19	45	47	41	61	17	53
A[T>C]G	65	116	145	115	72	96	190	159	110	63	93	129	24	94	57	91	84	70	100	130	103	115	98	135	143	585	91	111	55	95	116	21	102	108	99	111	103	89	49	126	94	121	1442	97	119	116	81	143	100	93	37	104	59	286	135	138	124	100	80	122	74	144	84	72	81	73	88	189	116	92	82	67	130	72	56	65	96	68	75	72	127	97	62	56	134	72	84	129	201	84	167	176	133	34	122	85	82	127	29	76
A[T>C]T	92	141	166	130	90	96	191	146	95	77	128	110	33	145	71	147	95	90	113	139	156	157	108	154	164	449	117	222	87	97	143	19	90	139	135	155	145	102	85	152	113	165	1111	114	133	122	125	151	131	100	49	105	119	197	143	136	166	142	99	141	121	172	98	106	124	98	108	186	138	111	106	76	151	90	101	97	127	97	110	74	190	94	84	96	151	82	91	139	246	105	203	240	167	28	116	145	137	129	48	95
C[T>C]A	48	70	116	87	35	74	158	117	65	49	62	97	18	80	52	42	48	60	73	96	78	98	66	83	106	575	84	89	57	60	111	24	47	68	72	86	97	66	26	73	69	79	1213	59	100	72	67	130	75	71	21	61	37	151	86	104	84	93	64	75	61	136	49	60	84	57	56	153	84	79	69	59	102	52	50	39	67	45	71	61	119	69	45	34	97	51	77	115	128	81	131	121	99	14	70	65	61	109	24	72
C[T>C]C	38	52	80	86	31	41	107	80	53	41	45	64	7	75	26	41	35	53	46	88	57	100	56	67	93	205	55	72	49	36	83	20	54	35	77	83	70	66	49	44	52	58	514	41	84	68	60	101	63	48	23	65	20	104	61	73	88	77	44	52	62	71	43	52	48	51	49	107	62	60	45	44	77	43	106	22	48	33	50	39	120	51	39	50	84	33	74	88	114	54	93	107	84	11	52	58	46	92	20	62
C[T>C]G	49	81	107	58	40	69	126	96	78	48	58	81	18	90	60	48	48	59	61	112	66	103	56	79	114	539	57	63	65	74	122	28	74	68	83	120	109	75	42	73	62	63	1342	72	114	74	74	105	74	48	27	70	36	132	80	96	81	74	49	62	75	106	53	60	81	51	35	126	73	89	65	58	87	55	103	37	63	45	59	51	140	58	55	46	81	38	74	110	163	59	104	126	104	19	75	66	55	96	20	69
C[T>C]T	60	68	105	82	35	57	168	119	56	44	69	100	12	71	47	62	48	69	58	145	89	120	48	95	109	369	76	187	69	82	114	23	94	57	71	99	86	71	19	82	71	90	880	78	87	66	79	113	85	79	29	55	26	145	92	104	92	104	69	82	83	141	65	78	56	72	64	162	83	88	62	60	96	59	248	36	69	50	78	53	118	82	44	56	101	39	76	107	180	73	126	135	115	16	60	83	65	88	27	80
G[T>C]A	45	85	81	89	53	58	119	99	74	41	72	82	17	73	61	49	50	65	65	87	87	90	72	95	100	1434	60	98	62	59	98	23	42	64	86	75	73	65	35	77	58	77	3167	52	81	83	59	114	61	55	24	50	32	88	67	78	85	96	44	93	66	123	41	46	79	47	59	114	67	69	59	32	67	50	52	53	60	52	70	52	122	73	45	47	86	54	49	88	181	81	93	134	132	21	60	70	69	82	22	66
G[T>C]C	21	43	51	59	24	27	50	46	33	22	37	23	9	36	23	32	19	26	35	76	31	58	40	30	54	340	42	57	40	36	52	14	19	40	31	39	41	43	18	33	38	54	788	26	30	38	30	56	31	27	9	40	13	57	39	45	53	57	33	41	51	51	25	20	29	29	29	47	32	25	37	19	45	26	53	29	29	21	39	33	71	25	19	25	33	24	22	40	86	24	50	76	58	15	26	36	48	39	13	23
G[T>C]G	31	63	63	60	41	37	75	77	55	41	40	55	14	65	32	51	39	39	55	74	50	79	47	66	64	786	45	68	41	76	90	25	31	53	53	52	67	70	34	57	44	66	1575	40	56	60	45	87	51	60	20	68	17	83	51	56	60	61	28	65	49	67	34	35	46	34	35	80	59	52	50	36	49	32	38	33	45	38	40	30	98	52	25	33	71	37	38	74	118	50	75	90	75	13	43	46	54	56	11	43
G[T>C]T	48	87	70	61	49	43	72	75	52	53	66	67	20	71	55	61	46	53	65	100	61	93	61	93	96	865	59	106	59	45	75	18	43	75	55	53	66	67	30	64	54	82	1939	49	66	67	60	91	68	58	24	84	40	87	60	84	105	107	60	89	53	103	43	65	65	51	63	76	62	55	47	56	66	59	60	28	58	51	77	55	93	50	47	48	76	49	36	81	154	52	88	144	135	25	59	62	73	67	24	56
T[T>C]A	59	101	131	111	55	59	183	134	79	67	91	117	15	90	60	61	72	65	96	93	101	129	106	114	157	1175	67	183	52	72	125	12	66	81	102	75	111	82	41	116	79	99	2862	64	104	90	88	145	84	85	31	89	44	168	135	118	106	93	59	93	102	150	63	92	73	86	82	187	112	89	78	52	113	43	68	59	89	70	87	69	184	87	62	66	112	63	69	112	234	101	165	155	133	13	79	91	76	111	25	90
T[T>C]C	38	83	74	111	38	39	84	69	34	34	56	49	11	80	34	34	36	58	54	80	75	111	82	73	103	418	63	123	50	52	93	15	40	42	70	65	65	81	22	50	34	73	1138	48	81	80	42	91	50	55	18	63	32	104	50	55	100	77	44	78	65	69	42	67	44	40	36	79	68	66	44	47	66	54	72	29	41	31	50	40	182	52	31	40	62	38	50	77	137	47	89	111	115	12	39	56	56	61	30	39
T[T>C]G	29	64	68	74	22	53	69	57	45	29	46	53	4	62	29	33	36	36	40	75	52	87	52	54	83	498	47	77	41	63	83	28	40	41	47	72	52	59	22	49	24	48	1240	52	80	76	52	52	52	53	24	47	27	107	52	70	55	54	39	38	49	66	34	39	36	30	38	73	49	49	37	32	67	34	35	31	48	25	46	52	113	52	28	45	65	40	38	61	109	42	83	67	72	15	48	41	44	72	18	45
T[T>C]T	58	98	133	120	55	71	137	115	84	47	84	87	32	104	67	98	68	67	82	111	90	144	107	98	136	956	80	223	61	74	112	17	65	75	94	111	107	90	35	86	64	106	2262	79	109	91	81	125	90	86	30	99	62	141	96	113	122	89	56	97	78	138	65	93	67	78	70	129	108	79	80	51	94	77	127	58	67	91	79	75	171	79	63	55	108	52	71	97	213	90	138	187	151	24	69	87	77	96	33	70
A[T>G]A	30	40	45	39	30	23	58	48	31	19	36	36	11	47	29	28	24	27	38	64	53	57	38	38	46	41	28	282	44	19	49	1	20	30	35	21	54	28	13	47	34	56	91	33	35	41	41	65	30	37	17	53	26	63	37	69	34	33	28	48	39	60	17	48	35	29	38	59	43	34	24	13	39	30	19	27	47	43	36	42	91	25	30	35	61	22	30	26	220	32	58	83	74	4	27	43	35	67	17	34
A[T>G]C	28	47	35	24	20	18	42	66	22	27	30	38	4	31	18	13	17	19	23	24	33	19	28	21	46	44	20	69	22	17	33	2	17	24	32	21	44	16	12	56	24	47	92	49	19	17	20	40	23	30	8	15	10	36	41	47	19	28	18	38	25	31	21	19	33	23	30	44	40	19	19	23	27	12	19	17	30	21	26	22	40	25	25	16	60	29	14	29	55	33	50	61	27	3	31	25	28	31	13	28
A[T>G]G	20	57	35	37	30	37	67	54	27	33	39	42	5	30	25	25	24	24	28	54	46	39	41	37	73	49	29	74	39	35	63	6	22	39	38	22	43	27	13	67	22	59	75	39	45	47	39	58	30	32	15	30	13	61	57	53	55	37	22	40	31	41	37	28	40	33	38	64	48	31	32	33	38	27	22	22	42	20	39	31	57	37	24	31	49	25	24	42	74	36	54	61	41	4	36	57	32	57	16	30
A[T>G]T	77	99	96	70	39	65	127	147	73	83	83	84	6	64	50	20	54	50	70	66	79	60	61	59	97	111	56	143	43	38	81	3	37	72	83	52	82	49	24	149	64	120	245	96	69	64	68	119	68	76	43	51	20	125	98	120	61	67	60	84	51	124	55	75	94	61	82	125	77	75	66	38	78	41	124	38	53	27	65	56	80	66	54	39	157	45	62	88	156	108	116	108	61	6	77	100	75	84	27	79
C[T>G]A	15	18	25	18	9	14	26	28	22	9	19	20	6	19	8	12	12	22	22	43	18	22	22	14	25	26	14	81	21	12	28	3	15	12	19	10	15	23	6	27	13	27	49	26	14	19	25	32	11	25	2	17	10	29	18	18	34	24	16	24	14	55	16	21	21	13	10	26	15	15	16	11	19	15	22	15	13	13	10	18	38	19	9	17	37	8	18	19	82	18	29	41	21	5	15	25	19	22	6	15
C[T>G]C	14	35	37	30	14	28	45	43	17	11	29	37	4	22	15	22	16	15	28	47	37	37	23	34	37	66	27	54	15	19	26	4	16	24	16	20	31	16	15	49	24	50	136	34	24	33	27	41	25	26	7	22	8	47	40	44	39	31	25	39	27	47	20	31	32	25	25	45	37	18	21	18	35	12	47	18	35	66	26	26	55	36	25	19	43	20	19	36	48	31	47	50	34	3	18	42	26	35	7	27
C[T>G]G	22	28	36	41	23	34	44	35	29	19	39	46	2	21	12	24	27	40	40	51	25	32	29	45	51	72	26	63	29	23	42	3	17	32	36	24	30	33	6	45	27	36	171	26	27	45	30	58	36	36	10	30	13	61	33	31	45	45	32	40	48	46	24	33	41	31	21	44	40	28	21	11	24	35	45	23	27	27	35	18	78	25	19	16	50	23	14	43	89	36	50	66	43	4	37	28	31	40	17	36
C[T>G]T	44	53	71	52	39	49	92	93	41	33	59	87	17	46	38	39	36	51	56	112	57	47	41	95	96	96	45	81	51	29	77	7	40	40	51	38	52	34	18	72	53	68	282	56	53	62	48	90	70	56	19	37	23	98	77	88	55	60	35	54	43	99	26	63	48	37	48	85	62	50	62	31	51	47	458	42	31	40	37	42	110	61	20	35	108	30	33	87	148	72	87	100	47	6	46	58	51	54	18	40
G[T>G]A	8	20	14	15	7	22	15	19	12	10	14	11	0	14	10	8	8	9	14	18	19	15	8	21	17	14	19	66	7	14	16	3	6	12	18	8	21	14	6	14	15	23	27	14	19	17	21	19	4	9	0	7	10	11	16	14	23	18	14	13	22	24	10	14	11	8	12	13	22	13	12	10	12	11	7	6	15	14	8	17	29	8	6	11	21	8	3	9	40	8	20	23	11	2	13	10	16	17	8	12
G[T>G]C	8	17	7	19	9	8	8	20	5	9	22	10	3	10	6	2	7	5	12	13	10	9	18	6	20	19	10	24	7	15	18	7	5	13	14	6	15	11	2	12	7	29	47	8	9	11	13	17	6	5	2	17	4	15	12	12	20	13	7	7	15	8	8	13	14	7	10	6	20	11	12	7	5	9	12	13	5	16	8	7	18	8	8	7	15	7	5	10	24	11	10	23	15	0	14	11	14	11	2	4
G[T>G]G	13	30	29	30	18	28	31	35	33	22	20	24	13	24	12	33	21	21	21	31	29	21	14	24	37	45	30	61	19	24	35	8	19	32	27	14	28	29	14	29	21	34	47	22	27	29	31	41	14	27	3	20	8	28	27	22	29	12	24	25	28	32	18	26	19	16	27	27	26	18	15	17	17	24	13	11	30	16	16	25	47	26	18	18	37	21	19	23	57	29	40	45	27	8	30	26	27	36	6	19
G[T>G]T	22	25	17	28	15	18	35	38	31	11	25	27	4	19	8	27	23	16	26	28	30	29	25	36	39	71	25	51	12	18	32	1	10	37	28	13	21	23	7	47	28	38	188	23	18	25	35	32	22	19	9	22	7	37	25	26	39	30	19	26	25	37	9	36	25	23	22	35	31	15	22	5	23	27	124	17	18	17	22	13	57	22	13	15	33	18	14	22	69	30	36	46	45	4	34	36	21	30	7	20
T[T>G]A	34	53	39	45	27	34	55	59	50	35	54	43	5	52	28	24	41	36	45	59	52	50	60	37	55	41	30	270	41	33	79	2	11	45	38	35	57	28	19	64	24	76	68	41	35	42	40	77	34	35	20	44	23	75	57	64	43	47	41	64	40	80	25	43	46	22	56	57	58	41	33	23	44	38	16	23	35	39	44	31	78	44	29	26	83	27	31	54	366	37	75	78	33	8	39	43	34	41	18	39
T[T>G]C	51	56	49	43	29	35	76	72	26	42	51	53	8	55	22	18	28	41	53	36	54	53	36	46	51	69	29	66	18	31	46	14	25	42	56	39	59	29	23	97	31	85	91	58	43	54	38	66	37	34	20	39	6	64	61	64	64	37	26	54	40	71	30	44	63	46	43	73	73	53	32	20	50	23	28	35	35	21	59	35	63	43	28	26	85	28	40	49	96	56	64	84	40	0	41	58	40	48	19	33
T[T>G]G	41	50	48	57	19	31	67	70	34	40	58	44	11	47	28	24	24	43	32	49	52	58	44	45	70	45	44	116	26	27	68	8	19	33	51	28	53	43	17	76	35	82	131	43	41	39	45	66	36	43	20	31	9	59	50	64	60	53	36	35	45	73	34	44	38	40	43	67	50	46	43	34	35	32	29	25	51	25	43	29	99	39	32	34	56	32	31	47	129	53	80	85	40	4	41	57	35	44	18	35
T[T>G]T	89	138	125	107	84	94	230	208	91	90	134	131	28	143	63	62	96	87	114	124	125	123	117	106	131	198	69	275	59	54	131	9	68	84	100	77	125	76	38	201	91	193	521	125	106	113	95	210	125	91	33	78	40	193	130	187	121	113	85	128	96	202	78	123	119	86	115	227	152	106	103	74	98	52	263	64	89	44	99	74	169	110	87	59	201	80	76	138	393	138	182	188	115	15	102	118	103	87	43	103
