HMF000729A	HMF003339A	HMF003793A	HMF002335A	HMF002436A	HMF001333A	HMF001338A	HMF003517A	HMF001602A	HMF003015A	HMF001910A	HMF002474A	HMF001611A	HMF003616A	HMF003232A	HMF001855A	HMF003415A	HMF003686A	HMF000655A	HMF000925A	HMF002371A	HMF003406A	HMF001474A	HMF003589A	HMF002821A	HMF002784A	HMF001180A	HMF000387A	HMF002393A	HMF003405A	HMF002478A	HMF002651A	HMF001624A	HMF001787A	HMF001020A	HMF000649A	HMF002266A	HMF003026A	HMF003436A	HMF000329A	HMF001167A	HMF001701A	HMF000570A	HMF000913A	HMF000043A	HMF002085A	HMF003799A	HMF003044A	HMF003157A	HMF001331A	HMF000921A	HMF003433A	HMF003488A	HMF001070A	HMF002830A	HMF001837A	HMF001322A	HMF001799A	HMF003504A	HMF002438A	HMF001593A	HMF002343A	HMF001062A	HMF000224A	HMF001888A	HMF003795A	HMF001235A	HMF001194A	HMF000672A	HMF002152A	HMF001434A	HMF000294A	HMF000842A	HMF003773A	HMF002509A	HMF002973A	HMF000788A	HMF004322A
A[C>A]A	717	130	193	182	70	85	110	124	53	43	202	43	147	133	81	99	45	109	163	139	130	126	108	163	124	126	384	162	82	165	163	108	155	72	120	179	140	140	301	124	97	86	107	147	130	116	51	112	110	159	145	83	66	148	154	90	118	96	277	55	176	135	69	94	96	470	140	109	246	95	126	109	111	96	708	163	87	78
A[C>A]C	2471	88	151	154	36	55	106	87	34	32	159	31	108	81	51	62	34	94	120	125	128	107	93	78	102	93	386	148	65	140	105	90	116	67	81	127	109	106	256	84	75	86	83	124	107	101	43	72	62	146	110	76	54	124	121	80	100	68	273	32	144	80	45	67	83	482	92	88	208	62	91	83	88	54	4028	182	69	50
A[C>A]G	133	14	27	19	7	14	13	8	3	4	14	6	19	21	6	14	6	9	15	21	13	14	17	13	12	16	42	18	9	24	18	15	12	8	13	25	21	13	26	15	15	14	8	17	14	5	4	11	11	20	19	10	9	20	19	10	6	5	27	6	17	12	1	11	9	55	10	17	19	8	15	15	12	10	147	19	11	6
A[C>A]T	14388	110	157	140	37	63	99	83	32	31	176	37	111	101	65	51	25	99	82	122	139	132	110	64	103	108	343	147	57	125	103	94	148	53	76	129	114	122	304	89	110	81	93	151	90	87	27	99	73	129	133	82	72	122	125	68	62	62	314	50	162	98	45	90	72	570	122	70	259	65	104	74	82	62	23732	168	60	48
C[C>A]A	3277	88	135	146	54	64	81	68	40	19	135	15	77	74	49	64	28	66	112	112	92	95	81	107	99	112	329	107	68	103	79	90	92	50	64	130	76	83	481	72	72	53	80	100	90	78	32	81	78	109	90	115	75	107	117	57	86	59	198	27	125	91	57	65	52	391	77	62	197	42	93	88	95	45	4376	153	56	63
C[C>A]C	2700	68	113	115	41	40	61	59	20	19	141	13	63	74	40	43	18	86	92	115	76	92	83	124	78	89	370	92	36	114	92	76	86	36	45	108	80	65	513	70	44	58	55	108	84	83	27	77	56	112	104	133	59	102	124	69	58	62	204	31	130	66	61	45	46	456	79	68	172	53	98	60	82	34	5892	167	50	49
C[C>A]G	613	12	9	17	5	6	7	13	2	6	28	2	7	11	6	3	2	8	15	15	10	8	6	33	14	21	51	10	14	16	9	9	13	6	9	20	9	9	92	8	13	11	13	6	9	14	4	6	7	15	13	29	13	11	17	11	11	11	16	4	9	7	6	10	5	47	8	9	21	7	8	11	6	6	870	15	7	13
C[C>A]T	35413	103	127	134	58	44	67	73	21	20	262	19	91	80	42	47	26	79	112	102	94	106	72	261	90	91	617	109	54	119	94	90	94	48	63	104	82	95	1427	68	79	45	62	94	65	56	25	77	80	112	100	249	61	105	108	59	75	64	246	25	127	72	102	58	48	481	104	56	277	47	90	74	61	53	65008	160	53	65
G[C>A]A	995	63	71	91	75	36	47	35	18	14	65	17	37	28	35	39	38	42	57	63	61	56	41	48	60	62	138	54	58	66	49	48	55	35	38	82	59	51	141	70	48	40	52	45	52	40	43	50	30	60	63	47	37	57	72	30	76	51	107	29	76	64	49	28	31	210	52	52	109	27	44	41	55	35	1395	61	28	40
G[C>A]C	3222	58	79	56	44	27	46	41	21	13	74	11	33	51	35	29	21	37	59	50	52	39	58	35	52	48	189	50	34	65	35	44	52	33	31	58	46	46	193	34	46	32	40	58	37	31	26	45	31	71	42	57	35	65	52	34	49	36	90	15	68	42	46	22	32	236	32	40	134	19	43	27	36	23	7469	75	34	26
G[C>A]G	338	7	6	14	5	10	5	8	3	5	12	2	5	9	6	7	1	8	8	9	9	6	4	3	11	5	26	12	10	9	6	5	8	3	7	19	6	11	25	9	7	7	8	7	8	7	6	9	3	10	8	9	7	7	8	7	9	5	13	4	6	8	4	4	3	27	5	9	18	9	8	5	11	4	560	14	4	4
G[C>A]T	18999	64	86	69	43	29	34	35	15	17	90	21	46	37	33	39	25	35	59	54	60	57	48	76	51	60	201	51	37	56	50	45	36	25	38	60	34	63	294	51	43	35	54	48	44	48	22	46	31	78	47	78	28	57	60	37	70	24	120	19	77	41	29	32	23	242	52	35	217	24	54	40	37	34	38074	84	29	38
T[C>A]A	1221	101	86	98	52	48	62	77	27	32	70	37	74	77	43	61	29	53	103	73	83	57	72	49	76	65	193	90	50	110	70	73	70	48	73	104	73	63	168	76	64	51	79	71	63	78	38	73	34	71	94	68	65	82	82	61	86	46	138	28	104	72	40	36	43	268	58	66	142	44	52	67	67	52	1283	106	46	48
T[C>A]C	4801	59	102	79	48	33	46	62	13	26	76	19	57	73	32	41	31	56	100	82	64	61	57	56	62	63	426	91	54	94	53	72	62	43	46	104	62	69	189	52	36	58	63	72	57	69	42	58	63	75	66	90	54	100	73	61	92	61	178	32	89	61	36	39	43	288	71	46	270	52	59	62	67	38	9063	116	53	46
T[C>A]G	88	14	13	9	7	7	7	7	5	5	3	3	7	7	8	8	3	8	18	11	16	5	8	11	6	11	29	8	13	10	12	11	7	11	5	5	11	11	10	5	17	5	12	11	5	11	8	5	2	8	9	10	9	9	16	9	8	11	16	7	2	10	7	9	4	28	10	8	8	6	9	8	4	6	104	12	6	4
T[C>A]T	44956	119	116	137	93	60	71	69	30	35	169	50	92	75	52	54	26	60	114	108	108	72	92	122	107	80	476	97	82	125	109	82	98	45	78	132	82	92	476	85	110	60	69	84	93	74	44	91	63	86	127	131	62	96	123	70	124	80	182	32	117	112	78	67	63	439	94	100	384	58	86	99	86	51	67112	140	43	91
A[C>G]A	520	77	68	83	25	38	54	53	28	15	76	55	55	70	73	27	24	51	76	76	54	41	53	53	36	57	128	68	40	81	56	61	78	35	100	87	70	45	166	64	75	37	50	64	59	51	15	53	43	64	56	77	60	68	64	37	35	56	114	31	72	66	42	55	50	163	63	47	103	42	56	34	42	48	528	89	38	42
A[C>G]C	193	59	39	46	17	18	24	26	16	11	33	46	20	26	65	17	16	30	38	41	27	32	27	15	22	32	74	28	18	38	38	31	36	18	82	43	33	27	69	28	52	34	30	33	29	21	11	36	28	38	35	17	31	38	42	26	47	30	46	11	45	34	26	11	17	99	30	31	68	24	31	23	32	23	160	42	31	24
A[C>G]G	15	7	13	15	2	4	8	9	1	2	10	3	9	13	6	5	1	7	7	9	10	8	5	2	5	7	19	16	2	10	11	5	10	2	7	11	8	11	14	10	13	3	5	16	14	8	4	6	4	14	12	4	9	6	7	3	5	11	20	3	16	7	12	8	12	19	13	13	11	7	7	9	9	5	14	13	3	8
A[C>G]T	211	175	80	77	22	41	47	48	37	18	77	135	65	89	175	25	24	53	68	88	80	54	67	28	35	43	138	56	34	95	78	97	57	34	179	75	59	63	133	31	104	34	36	70	48	83	11	61	46	74	68	52	49	88	84	37	69	49	124	26	108	36	26	51	43	190	56	50	135	49	63	38	65	73	205	72	40	51
C[C>G]A	27	54	43	39	6	19	22	15	13	14	17	29	19	31	27	12	14	21	38	31	43	16	16	10	20	15	59	32	13	36	34	23	28	21	45	35	23	29	46	14	35	24	22	28	23	24	12	21	25	39	22	25	39	31	26	18	19	12	55	11	31	26	14	16	13	96	22	14	61	18	21	18	33	17	37	51	15	39
C[C>G]C	35	40	31	40	10	17	19	17	6	11	26	26	32	27	21	22	19	14	30	37	26	23	23	21	17	23	51	30	17	21	29	22	26	9	45	49	25	19	50	21	26	16	16	23	23	29	13	27	18	38	39	33	31	21	33	11	29	13	57	10	29	12	14	16	24	96	20	22	64	19	22	17	22	14	44	45	15	33
C[C>G]G	15	9	7	9	3	3	5	5	1	2	12	2	7	9	2	1	2	3	4	3	1	5	8	5	5	4	9	5	5	5	3	6	8	1	7	9	5	2	8	4	8	6	3	4	3	5	2	6	10	5	10	7	3	3	6	4	4	4	13	4	7	5	4	5	4	19	8	11	9	3	4	5	8	4	7	9	2	3
C[C>G]T	50	91	55	52	11	19	44	24	29	19	30	52	42	42	62	28	25	39	56	37	47	33	24	26	31	47	79	38	29	47	47	44	49	19	81	68	34	36	69	23	49	35	22	47	31	47	25	47	23	53	42	38	54	57	53	16	36	33	96	20	46	48	20	22	30	139	35	23	89	25	34	28	46	34	39	54	24	49
G[C>G]A	455	23	31	29	9	13	23	11	7	5	18	19	21	10	19	7	5	12	17	11	18	21	20	13	10	16	36	17	11	20	17	15	27	19	41	25	19	12	40	11	22	13	19	16	10	16	10	16	8	20	17	18	24	22	16	9	19	19	47	9	15	27	29	10	11	59	17	22	25	19	14	15	20	14	393	27	9	23
G[C>G]C	243	79	24	28	22	8	28	14	12	11	35	95	12	23	49	20	17	15	27	18	33	9	18	14	27	13	63	14	16	21	14	16	14	8	90	26	18	17	64	21	47	15	16	22	16	19	10	17	14	20	17	27	22	32	20	8	34	17	45	10	23	10	18	4	13	54	16	17	66	12	12	1	21	27	271	25	11	18
G[C>G]G	9	7	2	3	1	4	6	2	3	2	8	4	4	6	6	7	1	1	9	2	3	3	1	5	6	3	16	5	0	5	4	2	5	3	7	5	3	2	13	2	12	2	4	4	6	6	2	7	6	4	8	5	7	2	6	4	6	6	7	2	4	3	8	3	3	12	3	3	3	1	3	0	2	4	15	7	7	1
G[C>G]T	299	58	30	32	20	15	32	15	13	6	32	53	17	22	47	26	11	12	31	31	29	27	28	11	23	24	58	22	29	33	30	26	24	14	66	44	34	24	67	25	51	24	16	35	14	19	6	28	29	37	22	12	26	33	39	14	31	17	45	13	38	16	25	16	16	80	24	27	64	22	23	25	23	25	235	45	22	30
T[C>G]A	39	106	54	87	20	24	30	20	23	12	40	109	38	49	95	38	15	53	83	42	50	41	62	34	52	46	81	57	36	64	80	63	56	22	196	100	45	39	92	28	63	35	30	36	45	50	20	72	37	60	54	56	51	55	82	20	31	42	100	26	66	32	36	26	22	124	33	27	109	41	46	37	41	45	47	60	34	97
T[C>G]C	46	80	52	84	21	28	35	23	13	16	40	48	31	37	56	30	11	30	53	40	45	34	42	30	39	47	113	37	23	62	45	50	44	18	120	71	34	31	67	27	41	37	31	43	36	48	20	48	28	43	36	52	43	50	62	16	37	37	83	22	72	32	17	22	24	107	39	28	116	29	42	29	42	38	48	59	27	56
T[C>G]G	3	9	5	8	6	5	3	5	0	5	6	7	5	2	10	5	3	2	10	5	6	3	1	6	7	3	7	6	0	3	5	5	11	3	16	7	8	6	12	4	14	8	5	8	6	6	2	5	2	6	5	15	4	5	6	1	5	3	10	2	5	4	3	6	4	16	3	5	9	6	4	2	2	6	7	8	3	7
T[C>G]T	117	348	122	180	40	43	94	66	54	40	119	221	87	122	309	66	33	88	139	106	106	83	136	101	101	108	197	86	58	136	122	138	103	36	443	180	97	76	233	78	190	66	70	98	81	120	25	142	73	108	92	100	93	118	153	42	76	70	238	57	147	57	42	47	68	308	81	60	283	86	126	91	105	107	124	118	69	147
A[C>T]A	9131	150	224	202	54	153	159	172	40	69	388	65	209	160	90	142	94	177	197	220	178	177	121	884	131	171	5869	197	147	228	172	146	180	100	139	224	174	168	2531	191	156	114	188	174	160	160	77	169	165	174	193	4074	108	197	226	118	145	190	308	76	202	183	90	151	137	409	169	164	8367	138	165	191	169	116	10483	237	142	94
A[C>T]C	17807	79	108	90	39	71	60	66	22	37	94	24	83	76	35	67	51	83	87	129	78	94	71	172	59	64	21542	92	63	112	63	58	82	39	58	105	82	61	642	84	91	49	78	76	65	72	48	67	67	60	94	20873	56	96	95	50	90	87	100	42	95	76	70	60	61	165	53	55	31098	80	69	77	94	50	24399	88	66	46
A[C>T]G	60113	331	645	1010	137	893	929	1313	144	253	244	174	1394	1130	191	828	210	681	1588	674	793	1092	887	6427	230	1029	1674	915	456	1352	1075	904	1236	464	348	1012	872	1010	16441	1161	484	245	1383	933	893	1094	207	1431	1045	791	768	1934	113	1177	1177	161	263	1101	1387	220	1203	1074	90	835	752	1191	850	672	1240	376	1086	1099	843	261	64122	974	1163	92
A[C>T]T	17436	103	172	126	39	98	100	117	27	62	135	27	144	95	55	82	56	121	116	175	117	133	79	177	112	112	16053	142	82	170	108	91	135	54	97	144	120	102	579	115	117	77	111	99	88	105	39	74	80	95	141	10754	64	142	125	78	152	108	222	58	159	100	93	78	56	322	119	101	28619	86	98	75	100	66	23770	146	94	70
C[C>T]A	2578	123	153	97	45	87	83	137	28	61	88	37	143	84	51	83	55	151	134	223	86	145	68	159	75	98	4209	127	91	232	110	104	96	51	90	115	87	57	579	80	150	71	137	84	104	92	64	71	63	73	111	3239	61	164	113	65	87	148	173	62	150	97	67	80	80	195	88	77	5464	64	80	87	141	92	3346	119	142	71
C[C>T]C	13686	103	145	114	70	99	70	154	33	87	115	37	176	75	40	86	46	191	126	262	82	156	70	210	77	84	22792	103	63	320	116	87	94	47	101	117	90	71	769	102	162	70	125	68	80	98	47	97	85	66	94	21213	49	212	99	82	137	189	201	78	174	104	107	74	64	151	67	64	26436	93	67	87	195	86	17304	122	180	45
C[C>T]G	25335	143	264	341	66	317	322	448	66	115	153	85	438	360	120	341	74	217	537	253	279	423	333	2904	121	316	1079	307	159	445	384	288	428	151	166	369	291	343	10873	406	248	113	478	335	329	355	85	513	338	280	280	1211	64	389	364	74	154	364	494	106	331	368	58	297	259	423	259	303	785	143	365	337	297	117	30043	304	380	56
C[C>T]T	12978	120	196	149	58	98	102	193	53	69	163	48	162	108	66	95	55	144	147	286	122	153	92	235	105	127	15696	127	106	240	158	106	123	61	108	175	143	114	762	130	175	79	146	113	113	114	51	102	120	118	141	10579	87	195	158	121	123	175	234	91	166	125	122	109	100	313	99	67	21765	92	119	121	172	83	15357	193	140	108
G[C>T]A	12473	85	106	80	42	72	74	98	29	49	168	54	76	69	55	68	48	66	114	115	84	95	54	444	70	79	5732	77	63	99	92	53	81	43	94	116	67	60	1507	72	111	54	92	55	68	73	79	76	59	68	86	4877	69	85	103	59	78	83	117	57	71	68	58	64	49	162	63	74	7822	73	64	59	81	73	15463	107	54	67
G[C>T]C	36627	153	119	93	41	71	70	95	35	56	366	121	75	77	59	80	41	73	108	134	77	72	81	630	109	72	21794	63	61	110	95	81	93	60	115	120	98	52	1848	83	184	36	135	62	68	79	55	57	79	79	101	20590	49	76	86	73	120	74	129	85	97	78	53	62	71	163	68	58	28792	84	56	66	96	115	50046	140	76	34
G[C>T]G	82979	452	327	490	106	449	455	666	117	140	1015	414	692	554	216	440	120	306	762	339	437	556	469	5289	147	467	2381	443	238	620	531	440	611	235	287	484	399	501	12983	593	394	124	698	441	451	512	139	707	527	432	391	1922	99	565	606	94	189	556	724	149	558	522	77	385	391	666	411	374	2294	222	502	507	437	291	98960	530	573	80
G[C>T]T	26752	116	120	98	42	78	79	123	36	52	264	99	97	88	47	70	48	85	103	159	104	82	51	404	112	102	15527	92	70	110	106	68	115	56	130	131	91	58	1242	90	174	49	121	84	90	75	40	88	81	84	132	12450	41	118	105	91	112	94	144	77	92	95	48	83	70	211	73	64	20732	72	87	69	85	90	34593	130	67	50
T[C>T]A	3958	115	151	110	54	73	88	113	26	59	121	64	150	102	60	73	83	131	120	172	103	139	102	193	75	75	5424	138	79	207	101	119	115	44	138	124	75	65	674	73	94	70	99	79	89	100	100	95	58	82	103	3715	84	132	154	58	112	131	190	58	157	78	44	69	58	198	73	90	7115	73	77	89	162	102	4862	103	129	145
T[C>T]C	20630	117	136	105	57	69	70	138	30	60	177	31	122	85	68	75	77	111	121	179	86	106	60	278	87	90	28960	93	86	210	121	123	101	51	120	123	69	71	844	83	93	76	110	73	106	97	103	92	67	57	105	26435	76	122	124	56	110	130	168	63	140	67	62	62	82	195	71	91	35561	69	70	79	142	75	25060	101	133	101
T[C>T]G	21022	164	191	292	46	250	307	363	60	113	96	96	410	336	102	278	89	186	443	215	257	355	272	1977	87	276	939	273	152	388	302	286	398	129	139	319	258	330	6259	368	184	85	433	280	273	321	85	373	289	253	238	795	56	365	314	58	102	315	389	71	296	308	40	253	247	406	231	220	774	141	314	289	234	101	20713	290	363	50
T[C>T]T	21071	158	158	139	58	97	112	168	35	80	262	66	171	136	67	99	73	128	133	195	156	157	104	291	100	116	23033	122	96	213	142	93	121	65	132	123	119	78	943	127	103	78	110	133	110	123	90	117	87	86	136	16775	78	134	181	80	122	121	239	54	136	100	76	85	68	267	100	108	32371	82	106	105	134	116	23403	129	122	129
A[T>A]A	912	77	103	114	32	43	67	51	30	50	191	46	81	84	36	36	30	62	69	66	96	66	78	203	87	80	522	80	55	83	78	86	68	34	76	80	90	69	627	54	69	38	57	85	68	79	32	79	56	67	68	67	63	73	90	59	97	40	144	44	104	68	35	40	45	192	73	49	196	48	81	85	78	62	964	79	44	48
A[T>A]C	599	51	64	57	25	12	31	35	21	20	162	21	50	39	28	28	21	37	36	46	50	36	40	117	53	31	254	43	39	44	37	44	39	33	44	49	37	42	524	33	54	29	21	49	32	34	21	45	16	54	40	62	49	37	49	36	42	36	100	13	48	41	22	23	27	160	45	24	215	33	44	22	38	25	933	58	22	29
A[T>A]G	150	48	65	68	31	23	46	44	23	25	59	23	48	51	40	29	24	45	64	73	55	65	57	38	56	64	182	59	29	66	63	57	45	29	47	69	60	46	142	41	51	25	47	62	55	59	21	47	32	56	67	37	49	74	68	32	63	36	115	21	68	42	30	35	37	198	58	30	107	35	58	39	55	23	161	86	36	27
A[T>A]T	4754	81	108	99	21	47	57	66	29	39	479	31	79	77	71	65	30	69	95	92	72	70	90	494	90	78	638	87	65	89	92	86	115	54	86	93	69	74	1097	69	67	49	60	96	73	81	37	72	46	99	89	174	43	101	102	49	91	61	182	44	112	71	42	49	58	303	80	57	245	56	78	77	71	52	5564	132	53	38
C[T>A]A	112	43	63	76	18	24	42	39	21	9	48	11	40	51	26	18	10	30	36	42	49	46	31	38	47	43	143	56	26	57	57	62	46	22	44	66	45	43	162	32	28	36	35	47	45	50	17	38	33	52	63	34	34	52	54	31	69	30	97	10	58	31	37	29	32	208	42	33	98	25	38	33	42	22	102	75	32	23
C[T>A]C	688	38	103	82	32	24	54	37	15	21	97	18	58	52	39	39	16	58	46	79	67	56	48	85	51	51	187	66	39	62	68	75	59	36	32	75	54	44	266	41	49	49	26	63	50	51	14	46	34	98	70	66	58	93	83	46	36	38	133	22	78	52	33	29	26	288	56	37	119	35	57	40	47	25	1332	108	25	43
C[T>A]G	150	68	71	91	26	20	56	45	14	9	57	14	50	50	33	29	18	57	51	65	49	56	60	37	50	58	145	52	30	55	57	48	45	33	26	77	63	44	135	47	53	52	32	51	45	38	13	50	30	67	56	45	64	79	79	35	66	40	128	15	87	36	28	37	38	238	41	25	99	40	50	53	53	24	170	92	30	34
C[T>A]T	909	94	117	140	38	45	99	72	22	25	79	28	88	93	34	38	17	62	98	101	99	93	88	47	76	65	199	108	51	114	82	91	122	52	55	113	82	84	218	78	58	70	59	106	80	82	26	64	62	118	91	58	69	115	122	66	80	49	245	23	188	67	47	60	49	443	70	56	114	40	110	80	74	40	1049	172	41	54
G[T>A]A	139	23	33	44	9	15	27	26	9	14	47	5	30	20	22	17	7	15	22	29	29	25	33	48	46	28	115	43	24	34	30	25	28	12	26	48	30	28	144	20	22	16	15	36	19	29	9	17	17	47	28	16	33	28	19	20	45	19	52	6	36	21	14	11	9	127	25	16	82	19	33	17	24	16	156	38	8	16
G[T>A]C	633	22	31	31	15	19	16	15	19	10	67	7	25	18	16	12	4	17	18	30	17	18	14	71	28	19	129	20	13	31	14	21	34	8	16	28	19	14	225	17	14	26	20	27	27	15	13	24	13	32	26	22	15	26	23	12	36	14	52	6	39	17	9	21	14	125	20	17	138	7	16	13	19	16	1238	29	15	15
G[T>A]G	128	32	48	47	14	16	29	24	10	12	68	10	33	35	20	18	13	26	25	36	37	29	25	63	24	23	119	39	20	46	35	42	34	14	22	36	19	34	198	27	43	29	25	36	28	24	12	34	20	43	47	40	33	44	35	24	57	21	68	16	47	23	15	21	21	150	28	26	97	16	27	26	27	16	186	49	13	21
G[T>A]T	763	57	84	79	10	30	43	31	23	19	83	14	51	47	40	35	10	50	70	59	43	59	35	59	45	61	161	54	32	67	55	57	70	33	34	59	53	57	204	48	57	42	42	64	52	52	14	43	45	84	70	53	47	53	68	38	55	30	144	21	88	37	20	47	21	234	53	34	112	26	49	42	36	16	1051	112	22	27
T[T>A]A	491	73	67	80	34	42	56	52	22	30	189	29	74	51	35	37	26	47	90	80	89	53	76	151	76	79	344	51	53	87	74	84	56	44	67	69	67	59	451	53	67	44	64	74	56	76	18	67	38	71	56	98	61	57	91	43	87	34	131	32	86	58	41	30	50	217	53	50	156	35	64	65	46	56	537	99	40	41
T[T>A]C	676	37	77	69	17	30	29	39	18	12	74	19	33	50	29	20	7	32	56	67	65	35	40	40	42	48	149	38	24	56	47	42	49	24	47	50	45	43	156	40	42	39	24	49	41	46	19	42	26	60	56	34	60	45	63	36	35	33	128	13	56	25	19	34	30	218	44	37	126	24	42	30	30	31	1035	76	25	24
T[T>A]G	117	30	46	56	18	14	28	33	11	11	48	21	29	27	22	22	11	29	38	45	22	33	45	21	23	28	91	42	23	65	39	39	39	25	29	37	30	32	98	37	35	18	21	43	30	44	17	22	21	37	35	30	33	41	41	22	32	29	91	10	46	36	18	23	16	170	27	24	70	18	25	36	26	19	91	60	27	26
T[T>A]T	1662	100	142	151	32	53	113	95	36	33	225	29	108	110	62	78	29	94	148	122	137	129	82	208	95	115	368	128	53	145	118	110	129	57	112	129	113	123	553	114	92	77	67	161	111	100	38	100	91	146	112	131	94	119	164	79	91	87	291	39	206	75	43	79	61	567	92	69	188	66	120	112	107	59	2032	206	66	62
A[T>C]A	5805	451	200	212	67	109	127	143	126	96	612	204	161	142	169	107	50	123	314	146	206	110	132	367	166	138	793	368	134	199	201	256	157	82	254	188	153	119	1159	113	189	123	125	172	153	178	61	165	113	161	192	254	96	160	258	98	219	140	247	110	226	136	65	100	124	533	130	163	734	131	143	136	152	149	10398	206	148	87
A[T>C]C	3329	300	75	83	22	46	48	41	52	34	177	90	64	66	86	38	15	60	194	72	63	68	53	78	75	47	294	228	44	77	60	138	82	36	125	91	66	52	283	51	132	52	38	70	57	66	17	56	45	78	73	80	35	58	109	38	90	52	133	49	69	40	15	42	39	339	64	110	389	58	51	54	57	66	5897	89	67	49
A[T>C]G	2987	255	141	138	40	78	70	94	75	72	286	134	121	86	118	76	20	103	162	96	119	79	109	199	89	104	398	131	75	135	105	118	102	58	152	144	96	81	547	93	127	101	88	132	99	96	35	93	84	129	121	104	55	83	153	58	124	82	211	71	125	93	30	60	79	347	87	137	258	94	109	79	115	89	5452	142	83	59
A[T>C]T	2379	376	205	260	62	113	117	137	124	97	243	198	177	183	179	119	66	114	311	195	204	150	138	174	132	162	486	261	127	210	200	215	180	84	263	207	139	157	547	159	215	123	107	191	138	169	51	168	112	196	161	146	84	162	219	83	168	145	334	110	176	118	52	108	127	512	155	178	439	137	171	118	151	156	5612	220	121	88
C[T>C]A	1492	141	73	69	29	35	38	36	46	34	217	58	57	43	81	36	16	43	96	56	47	40	58	149	47	53	288	92	35	62	61	84	55	31	102	71	51	40	465	42	86	50	45	57	56	47	21	66	31	44	60	76	63	47	57	33	65	43	81	40	50	40	29	23	33	165	33	35	161	45	39	46	57	36	2545	64	44	50
C[T>C]C	3066	315	95	96	18	37	64	58	54	41	192	88	82	58	112	54	23	51	132	83	56	69	52	94	72	72	271	147	50	85	74	122	91	32	141	85	61	71	326	52	151	63	57	83	72	75	13	70	44	65	68	113	59	92	102	38	112	76	167	57	94	69	30	48	36	365	59	62	319	39	73	61	72	71	4823	120	77	92
C[T>C]G	2044	126	86	79	25	36	36	41	36	32	319	60	63	54	81	32	27	47	66	71	60	29	38	216	44	48	313	66	33	74	59	56	58	22	76	72	39	44	548	51	97	41	45	43	40	43	16	54	30	61	66	71	66	54	75	31	43	38	103	35	45	42	29	27	33	167	42	46	128	31	56	50	56	50	3065	60	37	59
C[T>C]T	1579	172	117	109	26	46	62	61	45	43	250	73	75	72	108	60	21	48	110	101	87	56	71	172	60	66	260	119	75	90	88	90	76	51	137	105	64	66	454	52	132	67	59	70	63	75	14	88	45	83	77	88	67	64	99	43	58	72	114	43	82	62	42	55	51	239	79	79	200	63	61	51	70	74	3135	105	58	80
G[T>C]A	12259	366	76	64	33	45	43	44	60	62	673	143	61	50	91	54	31	43	238	59	73	30	76	370	71	46	712	278	60	77	52	144	64	45	144	87	47	38	1187	36	116	59	47	48	66	69	27	60	42	51	63	186	68	81	97	47	144	53	112	49	77	52	58	44	37	360	47	122	591	52	45	67	56	93	20113	88	52	44
G[T>C]C	8520	307	49	58	22	25	38	38	72	28	274	390	50	37	83	33	12	32	192	42	50	29	30	136	46	45	338	186	39	47	49	103	55	24	156	74	41	40	425	44	133	48	28	47	43	34	20	48	28	50	48	109	39	49	113	19	104	26	79	41	46	42	31	20	31	308	38	104	493	41	40	41	45	97	14092	60	34	43
G[T>C]G	6630	274	66	59	34	30	57	36	44	31	506	75	53	53	62	50	17	36	152	74	66	46	59	311	44	50	404	162	47	59	85	54	64	28	97	84	40	43	747	41	102	43	48	47	54	45	20	51	37	65	57	159	46	63	99	16	76	57	94	31	50	43	21	24	43	274	41	110	379	44	46	53	32	63	12268	84	35	53
G[T>C]T	8055	285	119	135	37	52	78	70	58	47	472	100	88	77	120	59	39	69	226	87	95	77	95	202	79	65	494	212	78	106	76	117	80	49	145	113	54	76	729	65	126	68	53	84	76	83	46	79	55	89	95	150	68	88	124	46	92	63	149	48	99	70	47	57	54	301	71	110	451	79	75	76	81	86	16710	96	66	61
T[T>C]A	4805	202	81	107	30	57	60	65	67	54	486	96	81	56	96	50	17	61	123	75	82	48	83	297	63	68	590	136	64	92	97	108	73	34	177	87	59	56	846	45	131	73	51	74	79	90	26	76	57	73	83	124	101	71	123	37	94	55	112	44	90	70	48	47	51	218	65	61	224	61	65	58	62	80	7245	73	62	67
T[T>C]C	5601	310	110	89	31	49	70	58	72	46	419	238	70	73	158	36	24	54	167	94	66	54	67	207	85	68	325	168	61	84	78	151	86	44	223	92	58	59	551	51	222	76	53	78	73	59	16	60	55	71	85	104	105	67	118	51	95	63	134	52	96	47	37	56	49	348	72	83	320	51	66	64	61	104	7610	89	88	80
T[T>C]G	3180	115	47	67	19	28	40	38	33	41	277	73	51	46	75	26	19	37	80	51	47	41	51	188	43	34	299	44	31	69	73	44	40	31	72	67	48	40	523	35	115	46	43	42	47	52	10	49	43	44	59	87	51	42	57	19	41	32	76	49	46	33	28	32	31	145	28	55	111	26	35	44	39	49	4504	58	30	45
T[T>C]T	4246	212	127	180	47	73	83	90	83	77	824	136	141	119	173	72	35	83	172	116	133	68	117	668	104	88	613	140	85	133	155	138	121	59	205	140	94	99	1469	89	189	102	85	115	99	130	26	140	110	103	128	191	97	113	157	48	102	94	214	68	124	85	53	86	88	302	89	112	239	84	104	91	120	89	7817	163	84	89
A[T>G]A	74	39	42	52	18	28	33	34	19	22	37	30	42	51	32	23	15	31	42	43	75	33	47	34	33	29	81	20	55	51	35	45	34	23	36	45	42	26	84	37	32	24	21	43	34	45	15	31	25	35	37	21	23	51	50	17	46	17	56	15	74	30	22	12	27	94	28	25	64	28	40	31	34	35	115	38	32	19
A[T>G]C	608	26	14	22	6	9	9	11	16	14	22	15	19	7	12	11	4	7	23	15	27	13	9	15	11	10	41	11	20	11	17	17	13	9	21	16	17	12	35	12	15	18	9	16	17	12	9	21	11	13	9	8	15	13	16	5	24	18	15	8	29	15	5	6	19	37	14	13	32	11	14	11	12	15	1346	15	10	6
A[T>G]G	256	20	34	42	9	23	22	23	14	15	23	19	33	22	20	25	8	17	45	33	36	29	23	24	15	29	74	31	27	42	26	31	31	22	25	43	35	21	59	27	23	21	28	31	25	34	8	32	22	29	37	30	36	37	58	12	21	23	44	12	38	40	11	21	17	81	31	25	40	28	37	19	27	21	394	43	14	28
A[T>G]T	2699	49	38	55	15	21	31	29	16	14	54	31	28	28	28	21	7	27	44	35	38	26	40	35	23	31	73	39	31	38	56	26	23	9	41	55	34	35	100	14	31	15	31	33	26	38	14	25	34	32	33	32	24	47	48	19	50	26	57	18	46	22	15	15	33	62	18	28	83	24	21	29	32	29	6006	54	24	38
C[T>G]A	81	18	17	17	11	10	9	8	11	8	15	12	18	12	12	9	4	2	17	15	15	9	14	8	7	18	49	14	22	17	18	11	12	8	13	22	19	9	34	8	11	12	11	18	18	11	2	15	7	11	13	6	10	15	15	4	13	11	21	6	15	9	7	5	7	37	11	5	15	21	9	6	9	11	132	11	6	17
C[T>G]C	392	22	17	33	14	8	15	15	12	7	43	21	25	11	16	16	8	21	16	20	17	11	19	24	17	15	52	18	17	25	25	14	13	10	15	22	17	12	101	14	20	13	10	11	15	15	3	8	9	14	17	24	20	19	23	8	20	10	22	5	12	12	15	18	18	48	12	9	29	18	14	12	12	15	804	24	13	21
C[T>G]G	238	24	37	43	15	24	17	29	11	10	40	16	21	23	11	11	7	23	32	34	24	19	20	16	19	23	77	19	25	37	35	19	24	18	17	23	31	32	100	24	21	22	19	23	27	20	7	21	20	32	28	28	29	37	31	16	26	8	50	3	48	14	12	13	15	79	20	21	41	12	31	14	27	17	407	44	14	30
C[T>G]T	1511	39	41	34	6	21	27	18	11	16	51	19	25	23	17	14	13	24	20	34	16	29	19	32	27	25	64	31	45	36	25	30	16	13	36	46	36	16	135	19	27	20	26	24	29	29	10	28	22	18	27	33	33	21	40	13	67	19	51	13	25	33	10	15	24	81	19	21	35	31	20	19	23	18	3568	38	13	118
G[T>G]A	125	12	17	18	6	7	12	7	10	3	15	14	10	6	9	5	6	7	13	18	12	9	10	10	12	10	19	9	18	9	8	15	12	3	18	16	12	8	26	9	15	6	11	13	12	8	5	7	6	11	7	6	12	9	9	8	16	8	12	5	19	9	6	9	10	22	9	7	21	13	7	11	8	18	176	10	6	9
G[T>G]C	714	13	8	9	3	8	11	3	5	4	17	13	13	6	3	9	4	9	12	7	11	5	3	6	8	5	26	5	13	14	5	10	5	7	8	5	4	7	37	6	6	7	6	5	5	10	1	8	5	7	12	12	10	6	12	3	14	4	10	3	7	8	7	4	6	20	9	10	30	11	7	4	9	10	1187	10	5	4
G[T>G]G	418	26	42	35	12	17	22	15	14	11	38	13	23	32	14	12	8	19	20	21	26	19	18	25	20	18	50	12	19	27	33	16	25	12	37	25	20	13	74	20	36	25	13	16	21	20	8	9	13	30	34	15	28	33	24	13	33	16	45	13	32	19	12	23	17	86	15	18	45	14	18	18	23	21	532	40	16	27
G[T>G]T	1614	19	26	21	12	12	17	15	18	9	97	60	20	15	14	17	3	12	21	19	19	25	17	81	21	11	63	13	39	27	12	17	8	14	37	33	12	17	189	15	44	18	15	28	19	19	7	13	15	24	23	22	25	18	31	4	35	12	35	10	18	14	7	14	11	48	16	13	75	15	9	12	15	24	2991	27	12	50
T[T>G]A	89	52	40	35	9	20	27	30	20	11	17	48	22	30	27	22	10	18	28	35	38	22	29	16	19	17	56	30	62	35	37	32	22	15	48	35	23	21	63	18	37	27	19	26	24	40	13	22	24	32	23	24	36	38	33	13	29	16	41	10	45	23	18	20	15	64	26	22	38	21	18	22	31	31	83	37	21	19
T[T>G]C	655	27	21	22	6	10	13	22	13	7	19	16	15	26	12	17	7	19	17	16	31	19	21	14	14	11	42	16	20	23	18	18	22	11	24	31	21	12	54	10	18	21	16	26	17	21	10	15	9	20	17	20	26	24	42	14	19	18	33	3	28	19	6	7	11	43	10	17	33	21	13	7	17	14	1228	26	9	17
T[T>G]G	144	33	35	45	16	20	35	31	17	19	73	19	33	30	16	20	9	29	40	39	28	22	37	56	19	27	74	32	33	41	36	24	30	17	38	39	31	28	120	26	28	20	20	30	23	29	9	19	29	33	36	32	37	48	40	11	27	29	70	12	34	17	12	21	14	100	23	15	56	15	21	19	22	18	225	37	14	30
T[T>G]T	3703	105	66	90	17	45	57	44	37	32	214	77	64	62	68	36	12	39	86	79	88	55	93	228	46	59	188	56	70	78	73	65	39	29	92	78	59	58	429	49	91	58	49	65	44	65	20	67	49	64	76	69	47	78	98	29	65	36	107	24	107	56	27	37	44	150	57	66	144	48	54	40	35	75	6290	78	38	75
