HMF002684A	HMF001639A	HMF000714B	HMF000256A	HMF002377A	HMF001009A	HMF000330A	HMF001976A	HMF001044B	HMF002185A	HMF003068A	HMF000714A	HMF000662A	HMF001702A	HMF001343B	HMF003674A	HMF002210A	HMF001882A	HMF001829A	HMF002979A	HMF003211A	HMF001553A	HMF003068B	HMF000359A	HMF003723A	HMF000712A	HMF002112A	HMF002172A	HMF002742A	HMF001600A	HMF000012A	HMF001044A	HMF000706A	HMF002131A	HMF001377A	HMF000276A	HMF000715A	HMF003480A	HMF002018A	HMF002872A	HMF003702A	HMF001082A	HMF000416A	HMF000647A	HMF002726A	HMF003017A	HMF001362B	HMF002827A	HMF000301A	HMF000932A	HMF000368B	HMF000795A	HMF002453A	HMF000977B	HMF000571B	HMF000831A	HMF001732A	HMF001511A	HMF002023B	HMF000139A	HMF001199A	HMF000534A	HMF002289A	HMF001749A	HMF001045B	HMF002669A	HMF000310A	HMF002993A	HMF002570A	HMF000405A	HMF002633A	HMF000894A	HMF001068A	HMF002083A	HMF001647A	HMF000977A	HMF003120A	HMF001362A	HMF000185A	HMF003485A	HMF001045A	HMF001715A	HMF003295A	HMF002023A	HMF003122A	HMF002034A	HMF002230A	HMF001999B	HMF002522A	HMF003179A	HMF002708A	HMF001122A	HMF000517A	HMF001332A	HMF002945A	HMF000576A	HMF002417A	HMF001038A	HMF000263A	HMF001999A	HMF002166A	HMF001675A	HMF000827A	HMF001878A	HMF003673A	HMF001915A	HMF003469A	HMF001402A	HMF000373A	HMF002176A	HMF000661A	HMF001343A	HMF001032A	HMF001826A	HMF001262A	HMF001511B	HMF002149A	HMF002304A	HMF002102A	HMF000252A	HMF000124A	HMF001568A	HMF001929A	HMF001923A	HMF000951A	HMF000345A	HMF001291A	HMF002571A	HMF001166A	HMF001854A	HMF001192A	HMF001818A	HMF000099A	HMF003466A	HMF003679A	HMF003163A	HMF002162A	HMF003201A	HMF001810A	HMF000928A	HMF001712A	HMF002452A	HMF002415A	HMF002303A	HMF001524A	HMF000056A	HMF001988A	HMF001918A	HMF002278A	HMF000305A	HMF000110A	HMF000532A	HMF001772A	HMF000013A	HMF004339A	HMF004176A	HMF004237A	HMF003295B	HMF003896A	HMF004014A	HMF004056A	HMF004365A	HMF004079A	HMF004111A
A[C>A]A	38	76	99	82	137	162	115	58	201	132	79	93	196	111	176	116	128	59	64	124	221	52	74	36	92	27	52	54	209	36	36	229	70	104	174	99	136	25	179	142	6	70	107	43	116	111	124	45	58	83	54	101	62	596	49	66	287	369	114	110	64	14	99	43	91	123	144	5524	61	87	52	19	131	77	48	792	99	166	68	70	81	64	154	113	97	63	34	90	122	94	104	55	185	89	89	39	113	90	26	65	933	196	172	53	167	1278	19	77	322	96	79	213	198	168	80	365	83	135	63	61	64	114	152	168	141	84	1057	59	79	147	70	39	35	368	225	47	91	38	161	103	61	59	102	34	95	263	123	109	40	156	209	86	65	43	140	538	59	153	60	60	148	55	41	31
A[C>A]C	27	50	72	63	108	89	86	38	164	67	44	65	148	82	132	83	141	45	35	94	159	52	44	23	69	16	27	41	176	25	22	183	59	80	153	85	130	29	106	133	10	62	63	40	120	78	266	20	37	50	37	50	44	836	19	57	222	297	61	60	48	10	72	36	58	109	106	2272	47	85	44	18	96	49	49	1073	80	230	57	37	59	31	90	56	70	61	21	52	94	88	79	41	150	56	61	28	74	85	18	42	388	116	130	25	138	334	20	28	236	93	59	170	153	71	27	437	40	100	64	37	26	80	112	119	106	53	823	20	59	104	56	20	33	149	197	45	55	17	130	65	37	37	64	34	101	222	95	71	16	129	124	67	37	25	192	456	43	93	22	47	104	38	35	16
A[C>A]G	8	12	20	15	14	9	8	4	13	16	11	17	20	13	18	19	23	3	6	15	23	10	8	7	15	5	6	11	21	2	7	18	4	15	21	18	13	8	20	28	4	5	14	3	11	13	28	4	11	10	10	11	3	217	9	9	37	45	11	12	17	1	16	7	11	25	15	548	10	12	10	1	7	4	2	294	14	48	6	4	10	6	9	10	7	7	3	9	28	11	16	6	29	12	9	5	14	6	1	11	88	11	21	4	15	75	4	7	37	15	9	27	26	16	7	39	10	15	15	5	9	8	14	14	17	9	115	11	9	14	8	4	5	18	39	9	17	3	24	13	6	7	7	8	5	29	7	40	6	17	25	10	9	5	21	60	10	8	7	10	10	5	7	3
A[C>A]T	35	52	61	80	113	94	92	27	160	87	35	66	167	86	140	81	131	43	34	106	203	47	34	41	85	11	37	43	176	20	22	196	59	85	147	77	106	26	139	175	13	42	65	48	80	64	132	24	40	47	50	63	19	418	32	34	264	360	78	69	35	6	103	25	45	93	100	2649	44	75	54	14	91	33	39	569	61	147	38	39	53	33	115	81	63	49	24	36	94	99	73	31	175	47	50	19	70	58	12	31	515	108	136	25	146	699	10	43	252	60	69	171	196	89	34	387	67	91	63	37	32	91	109	116	154	61	1002	42	45	118	45	21	34	169	249	43	54	12	110	78	35	55	63	34	92	250	88	63	23	128	155	49	64	25	138	431	43	123	36	39	111	33	25	20
C[C>A]A	42	37	66	76	107	124	86	35	116	115	66	67	166	61	137	81	122	46	31	86	196	38	70	28	60	25	26	25	121	24	25	136	50	65	155	70	82	22	135	119	6	47	76	31	86	64	126	35	35	70	43	76	40	487	25	35	213	305	65	67	53	12	92	52	56	58	108	1971	30	86	62	21	76	65	53	595	80	142	35	44	53	37	97	66	86	32	29	53	93	94	64	28	156	37	37	26	62	71	7	41	824	223	124	18	139	732	14	69	222	57	58	170	109	173	65	339	47	93	72	19	54	71	97	94	88	53	773	50	38	127	54	16	45	228	198	37	68	40	111	90	42	62	72	23	100	232	75	89	40	120	145	37	43	30	157	473	30	103	31	24	131	34	23	19
C[C>A]C	21	30	48	70	85	58	70	16	110	46	38	56	104	50	101	87	104	40	22	78	145	27	40	26	67	11	34	22	135	25	21	128	49	59	156	56	92	27	99	154	1	35	39	23	94	45	106	18	29	63	41	50	23	899	19	30	197	274	46	39	26	10	58	30	47	72	71	1219	35	79	36	16	68	38	31	1114	49	114	22	35	42	40	73	47	39	26	8	42	74	77	59	27	125	34	28	16	60	50	6	37	451	88	117	9	84	467	6	30	173	54	44	129	105	62	23	283	31	83	48	28	20	54	92	92	89	32	599	28	34	93	35	17	24	155	180	35	48	13	102	41	28	40	56	29	87	226	73	45	11	124	150	42	48	16	91	462	28	76	15	19	69	27	17	16
C[C>A]G	5	8	3	13	15	12	6	4	11	11	15	9	21	7	16	9	21	12	2	10	20	8	16	7	16	3	1	2	17	2	4	9	4	9	20	21	16	0	18	24	1	5	14	5	11	11	23	1	9	14	16	12	5	539	8	7	30	27	14	11	10	8	10	6	9	17	16	198	8	13	9	1	12	8	11	716	22	33	8	8	12	9	11	15	11	7	4	6	25	15	7	5	26	4	8	3	12	7	1	4	126	48	12	8	13	125	3	10	22	4	5	14	12	28	13	26	10	13	8	4	8	11	12	15	12	10	93	3	7	17	4	2	6	20	22	4	9	4	18	13	6	13	7	3	17	27	7	20	6	19	22	6	8	4	19	72	9	10	3	11	18	5	2	3
C[C>A]T	31	28	68	71	95	123	72	24	119	83	46	62	176	82	112	77	127	41	15	68	232	27	50	29	51	10	22	26	115	25	41	144	37	65	229	73	97	20	145	149	7	41	67	35	146	50	136	35	39	70	33	58	31	521	23	43	229	278	53	48	42	18	84	48	56	67	73	1333	31	82	37	35	66	39	38	662	103	159	30	51	59	30	112	57	66	36	21	49	83	101	56	22	144	40	28	23	40	69	10	42	1004	151	140	18	191	1398	5	47	207	74	46	147	137	105	56	283	35	94	48	19	32	62	86	153	99	44	706	28	34	92	41	16	48	233	215	51	49	18	108	67	29	42	44	25	90	328	76	61	27	124	139	29	48	21	174	492	26	111	29	30	93	13	23	21
G[C>A]A	23	30	49	37	97	125	71	36	94	268	62	53	102	47	107	71	83	33	17	51	142	28	59	14	42	19	28	27	103	18	16	120	28	70	129	74	59	11	171	88	5	41	93	27	85	44	170	32	34	59	21	127	40	265	26	28	132	186	49	37	40	2	47	25	41	79	68	1547	23	49	30	9	51	58	48	367	92	213	28	40	40	22	72	48	58	15	15	26	65	71	52	40	207	49	36	30	59	71	13	22	345	199	77	20	129	446	6	153	261	42	56	142	114	263	116	370	40	92	23	18	87	80	77	118	73	58	851	29	30	101	46	20	29	125	128	30	56	33	78	43	40	31	43	20	74	207	51	87	16	64	109	26	25	27	179	498	22	74	34	19	137	20	12	18
G[C>A]C	12	29	32	27	60	58	53	20	63	47	29	30	86	39	75	57	70	23	28	45	91	16	29	20	35	2	13	17	86	13	10	66	31	42	130	40	56	12	71	78	7	17	31	26	67	45	250	15	26	36	15	34	32	745	10	26	119	151	26	28	21	6	44	18	25	39	56	712	23	48	32	9	39	25	14	909	61	256	18	29	24	19	51	29	27	33	15	33	56	46	38	18	114	18	25	7	35	32	14	29	156	65	61	5	97	105	10	40	113	35	33	92	66	64	36	541	18	52	34	24	24	48	45	54	57	29	418	12	33	52	24	7	25	98	120	19	43	16	67	30	22	20	39	18	59	171	43	49	8	78	83	37	24	19	188	313	28	55	16	17	53	19	12	19
G[C>A]G	9	5	7	5	12	15	12	4	11	13	5	5	10	8	13	9	15	6	5	8	11	5	5	4	8	5	8	4	5	3	1	13	6	12	15	12	6	6	10	12	1	7	9	10	8	6	18	2	3	9	6	10	6	132	3	14	14	30	10	10	8	2	11	11	9	15	10	162	5	3	10	6	10	7	5	159	14	18	5	12	10	3	9	10	10	4	2	9	15	9	9	2	21	11	6	3	0	3	1	9	40	19	19	6	9	22	3	11	34	4	6	13	6	23	8	30	7	7	7	7	12	8	12	21	13	5	54	7	6	15	4	5	4	9	19	4	13	5	12	9	2	4	6	2	8	21	2	31	2	11	13	5	9	1	12	58	6	11	4	3	14	0	6	5
G[C>A]T	17	18	43	38	72	109	60	21	88	152	24	41	94	45	89	61	96	24	19	55	144	25	27	17	31	11	20	21	104	21	18	106	30	44	135	49	52	11	105	96	4	34	63	20	48	40	70	20	16	40	27	86	21	401	9	24	122	181	40	39	20	11	49	23	31	50	58	996	17	39	30	14	50	47	24	542	68	88	27	21	30	27	54	45	56	15	20	32	65	50	41	21	173	26	31	28	35	53	6	25	162	127	83	13	106	205	12	87	205	50	40	112	91	174	74	242	19	70	27	16	47	56	53	96	83	44	585	29	25	61	16	8	23	87	132	41	35	17	65	43	21	34	31	15	54	159	43	48	10	87	93	26	20	20	113	433	33	59	22	15	86	12	14	15
T[C>A]A	19	60	77	62	111	122	74	37	143	146	47	67	124	89	126	205	85	52	42	86	203	37	48	38	73	11	28	30	146	26	20	160	65	71	126	124	88	25	139	104	12	52	57	45	93	93	135	31	44	67	28	93	111	388	24	39	167	229	79	54	35	7	86	36	61	80	79	2333	33	50	41	24	94	63	64	487	95	158	33	42	66	29	83	79	61	36	14	399	91	89	56	25	207	42	50	36	85	109	16	359	963	130	125	23	146	776	11	112	272	64	71	140	137	200	55	244	49	86	40	38	49	86	96	134	94	74	928	22	33	108	46	17	21	481	160	59	33	18	95	63	37	43	37	27	96	214	62	186	11	127	177	53	35	16	112	482	31	90	39	32	131	51	19	19
T[C>A]C	19	33	51	54	81	69	65	56	132	72	50	59	115	65	116	128	113	42	46	69	152	35	48	33	50	6	36	21	120	22	18	141	50	67	124	81	82	30	120	79	10	48	59	45	80	98	148	20	35	59	31	65	58	998	10	46	125	242	36	59	27	4	78	27	42	90	78	1434	32	58	52	11	83	42	42	1285	68	122	26	43	45	34	73	39	50	42	16	189	88	83	64	20	163	46	45	22	50	58	28	169	1230	95	89	15	108	915	8	61	181	51	62	142	122	108	33	301	54	70	32	36	32	83	82	114	73	39	592	25	37	77	42	14	17	145	122	28	39	11	99	39	22	37	63	16	78	178	51	109	11	140	134	38	34	23	126	396	40	76	22	25	88	34	25	13
T[C>A]G	8	4	14	3	18	11	9	7	13	12	9	12	11	8	13	10	18	2	11	11	23	6	8	4	11	1	5	9	11	4	3	16	4	9	20	14	9	5	16	6	1	3	8	3	13	9	18	1	2	13	6	21	12	218	1	6	18	16	4	11	6	5	7	8	5	15	10	246	6	6	9	2	9	2	10	291	19	21	10	9	9	2	5	6	8	5	5	30	19	11	10	7	25	1	5	2	15	12	2	23	105	18	15	4	18	81	0	4	40	3	5	13	7	32	4	18	10	13	5	8	4	11	21	18	6	7	73	8	3	14	6	3	5	22	22	5	15	3	15	7	5	6	8	5	11	18	12	32	2	18	30	4	5	5	18	50	4	8	6	6	12	5	3	3
T[C>A]T	16	41	83	63	167	199	109	50	168	264	90	94	182	133	127	139	129	64	49	106	324	52	83	38	76	14	25	41	181	27	64	179	54	105	202	155	134	21	232	116	9	97	80	63	120	98	136	48	58	66	36	184	96	567	23	58	231	282	98	96	34	10	111	47	49	121	119	2966	53	77	40	27	151	95	83	728	127	163	27	66	67	43	114	102	86	73	27	244	101	104	105	33	267	54	53	38	88	148	14	217	1303	218	146	17	227	1132	9	144	442	90	88	163	191	355	89	314	60	92	64	52	68	123	106	200	103	105	1327	32	58	154	77	21	36	372	203	70	55	50	139	89	32	68	63	51	97	269	95	185	18	123	239	67	67	33	208	636	43	127	58	50	219	46	33	35
A[C>G]A	16	25	47	57	71	55	45	23	61	53	45	46	93	37	86	90	53	43	18	43	168	31	42	21	80	10	18	15	66	20	19	72	26	51	76	66	46	8	53	56	6	62	44	20	36	36	73	11	33	57	26	29	26	230	24	23	137	199	42	26	33	9	89	31	54	67	74	411	31	41	15	11	43	25	35	274	30	117	23	24	53	23	58	33	53	24	15	67	98	66	35	24	88	26	23	51	25	45	7	49	293	83	70	8	74	153	14	29	129	38	34	100	98	33	28	191	39	58	25	18	18	49	78	77	69	29	415	26	30	74	38	13	31	94	129	24	39	10	83	31	22	37	99	18	37	150	45	42	11	75	116	30	34	8	57	329	38	61	26	28	74	21	17	39
A[C>G]C	11	9	34	32	57	26	28	11	31	26	32	33	55	20	57	55	49	28	9	34	88	17	30	9	37	2	6	10	48	7	11	39	18	33	41	40	25	5	27	36	4	19	16	12	20	20	35	11	14	43	13	13	14	197	1	10	85	124	14	23	19	2	51	18	34	40	25	310	18	20	7	3	24	18	24	259	29	60	7	23	34	13	41	12	25	17	7	25	52	40	14	15	57	13	17	23	16	15	7	22	173	35	60	9	49	86	8	13	86	24	13	60	57	15	9	120	17	26	13	6	7	25	44	47	30	22	228	12	13	50	14	4	11	103	64	16	19	10	53	24	13	15	59	6	28	64	26	23	4	61	62	20	13	4	37	214	8	44	28	24	42	10	9	20
A[C>G]G	4	4	5	5	14	9	10	1	20	15	6	5	17	8	14	30	9	4	3	5	19	11	5	5	7	6	2	3	8	0	1	25	0	4	15	44	6	0	9	10	0	6	7	3	15	3	87	3	8	18	23	12	5	612	2	5	16	62	5	4	13	2	21	1	6	43	8	128	7	10	4	4	6	3	5	800	20	92	7	5	6	2	9	6	8	3	3	7	19	14	7	10	13	7	4	6	6	7	1	4	115	17	22	3	10	69	1	8	17	5	5	21	13	26	4	48	25	7	4	4	7	16	22	17	11	3	121	5	2	11	7	4	1	11	15	5	9	7	27	12	6	10	9	3	3	33	7	27	2	13	17	5	6	4	9	85	6	7	6	12	20	4	3	8
A[C>G]T	14	26	36	58	68	42	53	19	67	48	38	36	66	35	97	70	43	36	19	38	184	16	39	24	69	12	17	13	113	25	21	72	33	42	88	71	45	11	46	107	3	36	36	18	53	42	78	8	46	50	27	18	19	180	13	21	160	205	33	27	34	9	105	24	69	66	58	323	30	33	23	15	33	26	27	239	41	102	16	16	62	24	51	25	34	22	10	69	95	69	34	14	83	24	30	35	30	37	8	66	383	58	97	11	90	193	8	22	100	37	22	102	102	29	11	205	36	52	25	10	8	54	65	105	68	44	426	20	33	71	28	7	25	318	142	25	30	7	116	42	14	27	51	19	34	136	38	42	13	115	106	30	21	8	44	309	26	53	39	27	55	35	12	13
C[C>G]A	3	16	18	26	42	62	33	11	52	21	24	19	53	23	50	61	44	20	11	21	139	15	23	8	54	7	17	9	21	9	13	63	18	28	35	41	32	4	33	36	0	15	15	11	23	19	54	6	16	35	8	10	18	536	10	18	69	144	20	21	20	5	68	16	37	39	25	275	15	33	18	5	32	16	25	698	14	69	14	15	37	15	38	24	28	19	5	68	59	38	25	13	49	17	20	11	26	9	4	65	168	36	52	6	39	198	6	18	48	16	18	72	41	23	7	131	20	25	12	12	16	32	34	49	30	29	192	5	19	43	18	5	15	86	58	13	23	8	54	30	14	14	31	7	39	90	27	31	6	43	85	27	11	6	22	264	20	42	12	16	32	10	10	11
C[C>G]C	11	14	26	29	51	33	33	11	43	14	24	27	33	18	51	41	45	18	12	23	81	7	21	9	46	5	9	7	34	7	15	53	17	30	58	36	37	10	36	30	3	15	15	14	26	31	45	13	4	46	17	10	7	962	5	11	88	129	19	24	14	5	63	15	25	35	29	308	30	20	12	3	31	13	19	1241	16	63	12	10	24	12	32	20	24	12	9	25	34	42	15	9	37	14	14	17	26	9	7	21	238	34	43	10	51	222	6	12	55	21	17	61	49	22	10	131	17	18	8	3	11	23	41	30	26	15	174	12	13	36	20	13	15	85	50	11	28	4	56	30	5	18	42	7	46	78	29	19	4	40	61	14	7	8	29	316	16	33	8	12	45	4	14	8
C[C>G]G	5	3	5	3	12	6	7	3	9	9	9	6	8	5	10	18	8	7	3	3	13	9	9	2	4	1	0	3	6	1	3	11	1	9	10	36	11	2	8	13	0	3	6	5	2	3	37	2	5	11	6	5	3	884	1	2	23	45	6	4	10	1	11	4	6	25	6	80	6	8	6	1	8	2	9	1120	20	56	5	2	5	3	10	5	9	3	3	10	16	9	2	6	16	5	5	10	5	2	0	12	192	10	10	6	7	90	0	4	8	5	3	13	13	13	3	38	7	9	3	1	6	11	12	8	2	7	98	1	1	5	2	4	11	10	14	3	9	4	20	6	12	1	7	4	7	25	5	10	2	16	12	8	2	0	9	59	3	10	0	17	15	2	0	4
C[C>G]T	18	28	21	40	60	54	40	16	64	26	38	35	66	30	76	72	45	43	15	26	136	13	34	13	69	6	8	14	50	14	17	81	27	33	70	58	58	8	49	62	4	25	26	14	38	37	50	15	18	39	19	26	27	568	17	16	103	138	28	26	21	10	78	16	68	55	24	367	30	36	16	7	40	21	28	728	22	55	14	18	66	24	64	41	24	24	12	61	58	45	44	14	64	34	27	17	42	23	7	58	328	51	98	8	74	420	4	30	84	36	30	90	80	27	10	151	37	43	15	19	14	41	62	72	37	31	248	18	24	49	26	7	19	184	107	21	30	11	88	35	14	17	40	9	51	130	42	46	3	83	115	24	23	8	44	386	20	65	13	20	59	20	22	3
G[C>G]A	0	7	16	18	20	37	30	15	37	20	9	22	52	29	42	32	47	15	4	13	56	12	10	6	27	3	7	11	16	5	9	45	12	17	36	28	13	6	25	23	1	14	23	9	16	8	35	11	16	17	10	14	7	254	8	3	56	73	11	11	12	2	45	12	18	32	18	171	5	17	8	4	13	22	13	336	11	66	8	10	23	13	28	18	13	23	4	27	27	36	10	4	30	8	12	6	15	13	3	30	80	22	31	3	30	62	2	18	30	16	12	48	25	2	11	91	12	24	9	8	21	21	27	23	50	26	122	9	12	23	9	6	15	32	35	16	12	6	47	16	10	13	32	5	12	50	19	22	5	33	45	14	8	2	27	258	15	30	5	15	37	7	10	8
G[C>G]C	6	13	10	26	28	26	17	9	30	15	25	11	30	21	35	34	24	14	12	16	71	8	27	8	25	3	9	7	36	7	11	38	17	18	110	45	17	2	18	30	2	24	20	8	36	14	120	7	24	25	10	11	12	414	6	8	74	74	16	24	15	3	48	17	24	16	37	247	11	14	8	5	29	11	19	531	38	141	7	23	23	15	26	16	12	16	3	18	43	27	23	7	31	16	18	30	15	10	3	10	172	14	68	3	64	120	5	10	49	25	9	41	44	9	4	170	15	19	15	5	9	24	23	29	26	14	120	8	6	27	18	4	14	128	60	11	20	3	44	22	9	10	24	4	22	89	21	15	2	47	54	17	20	4	160	173	7	27	29	10	31	16	9	8
G[C>G]G	1	1	3	1	6	8	7	0	14	7	8	2	10	3	6	16	13	2	0	2	7	6	9	1	8	3	3	4	6	1	1	11	2	6	7	15	8	2	3	5	2	3	1	1	7	3	18	0	3	8	4	8	0	228	0	4	12	35	4	3	1	2	3	3	3	14	4	71	1	2	3	0	6	6	7	288	12	30	1	7	3	2	6	1	6	3	4	5	7	9	5	4	4	1	0	1	2	0	1	5	93	5	6	1	3	55	0	6	5	4	0	9	9	6	4	35	3	9	3	2	2	3	6	8	12	2	53	1	5	3	2	4	1	7	8	4	9	3	12	3	3	5	7	1	6	15	3	8	0	7	7	2	1	2	6	43	4	9	0	14	8	3	1	2
G[C>G]T	13	13	19	37	40	35	16	17	39	29	25	17	79	16	52	44	41	18	8	21	89	15	25	8	34	6	8	9	32	4	6	41	26	25	67	30	34	9	19	34	4	14	29	13	27	23	89	8	17	40	14	19	17	271	11	13	89	108	15	19	20	1	44	20	42	35	33	231	13	20	11	6	27	19	18	370	24	115	6	11	42	18	45	18	25	18	10	36	40	38	26	18	52	11	19	22	9	15	2	29	185	33	53	12	36	122	5	12	61	15	15	62	37	8	15	172	15	25	10	10	15	26	26	53	46	18	189	14	8	34	12	2	19	85	60	14	19	6	67	23	6	15	27	9	29	92	27	37	4	47	64	20	16	7	48	241	14	52	11	18	43	14	7	6
T[C>G]A	13	40	67	75	113	82	42	14	129	45	67	80	160	40	147	968	90	63	15	47	463	21	64	19	96	3	15	22	49	17	19	130	33	71	104	202	71	11	91	70	3	53	27	29	76	55	314	16	120	74	35	13	508	510	21	32	152	176	42	30	19	5	232	25	87	54	37	327	25	38	19	10	37	24	80	647	62	327	6	24	84	21	47	34	54	20	11	2516	117	122	29	19	138	32	31	54	32	25	9	2303	352	96	138	13	160	179	15	23	76	47	31	165	168	41	20	178	48	71	18	18	13	96	62	98	46	27	214	31	24	59	24	10	27	188	121	26	24	8	123	31	23	41	43	14	47	218	22	609	4	97	176	34	18	24	57	411	33	54	58	22	85	22	20	13
T[C>G]C	9	21	38	55	89	43	34	17	104	30	48	48	116	31	100	205	60	43	17	45	294	15	50	18	74	7	14	15	32	19	21	107	24	57	79	87	55	10	44	54	6	25	20	19	53	48	102	12	32	66	14	12	96	825	17	17	106	172	26	25	27	5	126	18	64	61	32	425	30	31	19	8	44	18	49	1134	23	110	14	32	63	17	51	25	49	23	7	494	75	61	37	19	89	36	24	21	28	18	14	452	528	56	113	13	75	431	12	26	74	40	21	120	104	30	19	164	36	52	20	21	10	72	68	63	50	33	220	24	24	71	26	13	20	112	91	23	34	7	81	29	25	30	40	13	44	149	48	120	6	76	143	25	12	14	37	293	31	56	23	21	67	22	19	13
T[C>G]G	4	4	8	3	5	6	3	2	10	5	8	6	8	3	12	34	17	8	2	7	37	5	8	2	9	2	1	0	6	3	2	16	2	1	8	23	1	0	4	8	1	2	8	2	5	3	41	2	16	11	14	5	29	639	1	3	14	37	4	3	8	3	15	4	8	22	4	80	4	5	4	2	5	4	3	790	21	61	5	5	9	2	5	2	7	1	4	112	9	9	5	5	10	3	2	11	5	2	1	97	97	7	12	3	15	54	3	5	8	3	1	14	10	8	2	32	5	5	4	3	2	5	9	9	12	2	63	4	1	4	2	1	2	15	11	2	5	3	13	5	5	6	4	5	7	18	4	29	1	9	13	3	4	2	6	38	4	6	1	14	15	1	1	0
T[C>G]T	24	55	85	118	167	117	98	29	206	82	116	150	300	63	239	1046	136	124	34	93	717	32	110	41	148	14	38	48	189	25	46	218	72	125	225	308	116	26	132	153	15	76	55	45	151	121	334	38	198	141	55	39	568	592	46	64	270	328	62	56	46	10	331	48	176	135	49	629	63	77	37	23	86	49	120	749	72	354	24	61	178	34	89	70	111	64	8	2658	190	175	57	43	201	72	74	96	70	68	22	2442	985	147	262	14	317	582	30	34	115	91	47	279	264	78	24	374	103	121	46	23	18	169	127	244	75	49	403	61	53	101	56	20	44	623	252	64	79	15	200	72	45	87	53	32	109	338	67	708	15	299	301	72	56	43	113	632	49	100	103	46	149	73	59	16
A[C>T]A	68	88	100	107	219	120	102	62	193	146	505	101	203	112	208	199	162	63	59	118	241	67	500	68	159	44	63	63	187	51	85	223	71	148	182	124	138	49	208	177	22	103	111	92	145	100	134	49	96	114	68	77	54	284	73	104	278	350	89	134	85	28	228	91	140	151	104	19198	93	87	69	45	107	65	85	369	115	203	91	74	145	78	125	98	131	121	43	127	163	142	102	68	189	97	86	77	117	120	47	108	686	188	164	42	144	1139	38	78	379	113	99	235	166	77	46	328	84	131	115	65	75	105	151	119	171	92	937	74	100	173	94	47	74	159	187	75	95	50	167	107	58	131	141	54	94	244	124	147	69	182	217	83	75	46	123	609	139	122	44	72	187	50	75	37
A[C>T]C	29	46	52	55	91	57	51	32	72	111	279	52	88	54	86	69	94	28	28	58	84	45	272	23	67	25	34	44	91	15	43	81	35	53	95	58	70	21	68	73	6	42	71	47	82	45	69	16	48	73	35	48	41	181	34	43	126	189	55	64	59	14	97	74	52	53	67	21002	54	40	26	12	74	32	40	243	56	100	32	37	55	37	43	59	57	54	25	49	82	69	55	21	87	49	49	23	61	52	27	39	8939	82	76	13	62	4704	16	58	159	34	57	109	58	46	22	181	51	69	51	26	28	52	88	57	55	34	337	33	52	72	40	23	24	86	69	49	47	19	73	55	16	45	66	24	78	86	57	75	22	70	104	35	28	22	42	499	50	45	22	35	86	27	36	10
A[C>T]G	109	120	141	122	240	173	79	84	82	148	121	160	228	88	182	292	156	127	96	74	376	142	118	62	193	58	137	121	124	37	93	92	51	172	182	226	110	113	272	151	28	148	184	114	281	92	256	61	146	116	145	169	195	462	92	101	262	232	145	81	228	42	373	158	180	247	162	5029	144	81	55	36	78	148	101	565	325	342	121	55	180	141	243	149	194	114	108	167	209	166	81	117	428	105	64	59	65	136	60	139	520	306	277	91	115	403	62	140	657	206	109	181	164	204	94	216	218	159	182	44	130	164	215	112	175	103	438	98	101	167	74	101	138	109	122	113	154	104	159	163	89	212	266	141	79	176	116	394	104	176	297	100	99	117	93	243	143	246	110	115	179	54	70	68
A[C>T]T	45	52	88	76	120	89	81	39	129	133	88	76	137	74	125	135	136	40	34	94	164	42	92	38	143	25	38	48	165	31	42	160	72	55	130	94	115	33	130	127	19	62	52	65	101	54	106	19	61	63	62	56	54	185	41	70	246	327	83	78	71	24	152	68	90	127	75	35089	67	95	36	32	84	38	62	265	83	181	46	62	93	52	114	77	76	58	32	74	92	99	70	36	154	47	56	28	88	60	25	62	3454	122	117	30	113	3347	19	64	257	69	63	152	102	47	39	314	61	90	66	38	31	86	96	94	117	44	865	48	75	115	48	27	35	117	133	59	48	21	132	83	33	71	93	37	86	163	88	95	30	143	143	70	57	34	79	866	68	111	24	38	137	28	39	16
C[C>T]A	45	69	70	79	168	103	53	43	120	268	396	79	127	56	134	162	116	82	42	56	219	35	392	44	107	18	43	45	101	25	56	135	36	82	121	106	72	40	119	85	13	50	61	55	108	81	217	28	73	110	33	65	65	255	31	78	148	285	39	84	81	26	188	89	77	90	78	10317	62	40	39	9	80	47	63	343	87	274	37	52	80	45	78	51	104	57	29	198	124	88	66	38	116	36	59	28	71	77	27	175	22136	132	133	25	118	13120	34	38	213	57	68	154	102	69	32	267	61	83	65	34	28	71	118	102	52	37	319	49	77	125	56	27	44	101	121	56	78	35	111	78	20	66	87	35	65	140	70	150	32	112	166	47	48	21	163	414	55	78	22	36	107	30	36	21
C[C>T]C	38	40	58	58	123	56	81	42	84	329	330	55	101	47	107	113	88	45	46	56	131	27	335	25	67	24	42	47	95	25	38	100	30	57	186	75	62	38	72	67	8	54	60	48	107	51	861	26	69	92	35	46	68	305	22	57	158	217	45	66	52	16	120	46	60	78	74	15710	46	42	29	16	59	34	53	405	136	807	45	30	65	36	53	53	60	46	20	54	93	66	53	26	121	41	43	34	64	56	24	43	29015	96	104	20	242	22364	37	57	166	45	52	129	93	57	28	303	58	74	67	31	33	42	102	71	75	29	288	37	63	89	28	29	75	86	90	44	45	18	69	45	35	49	107	31	60	280	52	90	15	86	117	31	31	26	653	637	51	52	29	36	103	35	24	18
C[C>T]G	54	79	95	52	148	96	62	40	73	154	76	101	146	68	97	166	100	51	46	52	222	76	79	39	94	37	61	52	77	31	57	81	28	92	133	124	65	66	155	91	12	76	92	68	148	37	167	38	64	73	76	113	93	857	40	65	189	194	83	69	139	22	223	139	104	162	88	2298	83	43	26	26	74	79	82	1033	258	261	83	58	116	76	106	85	122	61	54	131	113	127	53	67	240	62	32	39	52	69	39	113	4014	175	140	53	81	2845	41	72	364	105	61	102	113	128	78	172	137	92	92	25	73	82	125	79	118	71	295	59	63	99	44	44	65	77	80	66	61	56	89	96	48	109	128	68	52	112	71	326	44	75	164	54	70	62	77	187	76	109	51	80	121	38	39	35
C[C>T]T	58	56	82	99	172	90	88	50	135	322	156	72	207	78	154	150	141	48	46	95	243	45	149	51	113	28	54	64	207	37	69	148	85	77	204	95	108	36	162	126	16	59	88	53	149	86	632	29	66	89	50	69	71	260	44	102	272	337	74	81	71	34	203	72	90	115	86	21362	84	94	63	27	89	54	62	329	139	669	43	49	98	46	112	78	87	68	31	142	118	117	87	53	163	69	73	42	94	67	33	130	24268	137	154	22	237	19650	29	72	240	78	97	169	129	68	38	446	72	96	75	41	43	95	116	119	99	47	710	60	90	119	54	50	63	137	163	64	58	26	135	87	36	76	92	35	102	250	96	131	32	139	198	71	54	35	511	874	70	120	36	42	136	38	48	21
G[C>T]A	31	41	71	67	116	96	55	48	112	67	283	69	101	62	97	141	92	51	39	49	151	44	269	34	71	19	40	44	90	23	50	131	51	76	109	78	63	43	84	64	9	39	78	39	81	64	125	32	46	74	36	47	67	194	23	54	148	219	47	59	48	23	117	57	56	74	67	5812	59	32	30	15	74	47	50	246	81	173	33	26	61	50	85	35	56	48	17	105	98	86	60	31	98	47	43	44	67	49	24	87	475	106	110	15	109	412	16	55	232	63	52	112	113	54	29	415	53	59	71	32	35	72	86	76	76	64	271	45	58	105	30	20	39	98	96	43	33	24	85	68	19	51	85	26	68	132	65	88	26	80	161	35	35	27	113	455	35	88	32	38	90	33	34	23
G[C>T]C	32	46	47	57	115	98	42	37	72	83	307	49	69	56	106	81	106	46	43	52	137	21	295	24	65	11	42	48	87	15	26	93	32	71	93	77	68	46	64	70	4	43	58	40	88	41	128	16	36	65	36	41	43	194	20	36	135	150	49	60	41	16	106	50	46	75	64	8862	50	41	30	11	77	40	53	277	90	178	30	40	47	41	54	49	58	56	24	53	73	90	41	27	96	34	30	28	64	57	21	38	5346	81	114	28	86	2685	27	90	182	47	35	115	96	49	22	227	64	63	63	29	38	62	74	70	63	62	287	22	53	94	39	25	34	85	128	39	50	14	69	60	24	28	115	21	54	147	62	86	14	80	126	37	39	28	93	568	47	56	31	36	67	23	29	26
G[C>T]G	67	96	104	78	218	118	53	54	84	132	104	110	187	77	162	170	143	101	83	41	357	99	107	37	109	40	85	89	73	28	82	92	47	137	153	187	80	80	196	135	18	95	119	91	212	56	208	42	84	98	78	136	108	317	40	82	307	199	99	81	168	32	277	127	108	182	123	2300	114	48	39	40	70	126	110	419	266	286	91	54	117	107	165	99	144	115	107	121	141	122	72	98	389	79	31	70	42	87	39	100	555	236	263	65	92	202	50	76	485	152	58	170	145	178	79	195	171	123	140	23	78	118	144	89	155	96	385	53	86	170	55	86	82	140	183	73	104	59	122	104	63	138	206	86	71	165	90	296	59	90	249	52	67	71	78	259	102	153	106	97	129	39	43	52
G[C>T]T	35	40	64	41	102	57	54	43	112	118	81	60	121	59	109	123	126	52	31	63	139	29	69	29	71	18	43	42	135	18	31	120	43	62	87	75	71	24	69	93	11	50	61	46	79	60	98	18	50	71	48	53	66	165	25	51	169	210	54	65	53	14	104	56	52	90	96	16828	45	71	38	16	74	58	40	212	65	168	27	47	52	33	67	49	74	46	34	81	81	101	58	31	107	44	41	27	60	52	23	63	4011	98	112	15	65	2032	27	70	211	54	58	122	92	81	25	284	48	47	65	28	45	66	83	90	95	47	432	34	50	92	55	31	36	99	139	61	40	15	98	52	42	45	77	26	68	129	49	107	24	101	124	45	44	18	78	658	43	69	34	30	88	17	23	17
T[C>T]A	38	112	111	132	335	153	73	57	303	791	502	146	394	72	210	1107	178	92	61	79	383	32	457	43	149	27	65	85	162	37	90	290	53	151	214	327	135	47	254	118	19	69	68	73	214	115	410	36	185	118	52	46	654	215	78	152	222	315	85	113	78	8	402	95	111	114	79	15177	81	53	40	17	133	45	106	291	118	424	28	61	111	39	84	75	136	80	22	3893	208	154	79	40	192	73	68	61	157	97	28	3569	45076	213	270	29	206	15885	36	46	219	101	69	249	219	82	31	288	83	106	48	56	35	125	152	141	73	50	348	97	80	173	74	62	56	210	189	72	56	21	163	58	56	131	88	53	96	256	59	1319	17	162	312	83	80	79	112	496	62	86	51	57	170	61	58	23
T[C>T]C	43	75	102	101	229	92	107	52	199	1737	496	118	225	63	191	289	162	87	59	92	278	42	485	47	133	17	52	73	137	38	65	210	59	110	149	152	95	56	202	103	21	77	59	69	161	100	175	37	113	100	49	42	151	244	46	125	180	300	80	131	62	18	302	75	72	95	76	27435	77	39	35	21	109	43	70	314	98	213	50	56	78	54	88	76	105	72	23	758	139	97	82	38	151	79	64	43	112	104	42	689	89721	173	189	27	172	47647	30	74	193	72	88	231	175	88	39	277	81	94	67	50	42	93	158	113	67	48	377	58	66	147	70	48	46	152	183	62	62	19	123	55	35	97	155	42	87	206	56	346	23	138	213	60	66	66	107	928	61	82	39	53	150	58	47	31
T[C>T]G	55	48	84	46	121	74	43	38	62	262	88	66	107	55	77	238	70	38	41	39	175	53	87	23	75	26	41	46	66	19	49	68	24	75	85	123	47	33	114	57	19	75	84	63	128	45	122	33	53	46	50	80	131	329	28	58	112	143	56	62	117	18	180	83	74	120	63	4890	64	39	27	19	60	48	47	425	166	178	57	41	77	51	90	55	83	46	39	413	89	79	33	46	184	50	20	41	34	51	24	352	17595	129	118	26	70	8136	41	52	254	54	43	85	88	124	46	124	104	52	60	15	49	82	91	43	85	45	210	42	58	75	22	50	45	65	68	45	61	37	71	64	27	69	110	71	44	75	59	365	31	73	126	28	46	50	54	128	45	93	50	53	80	33	37	30
T[C>T]T	46	109	117	98	323	128	103	43	266	769	245	126	359	105	218	669	171	101	54	107	359	43	236	45	171	15	44	88	212	48	97	298	62	151	203	229	145	52	301	139	17	71	67	75	206	125	233	28	152	116	62	53	316	197	75	145	309	350	68	148	54	21	398	88	84	127	103	27395	93	82	58	31	146	63	96	266	114	286	42	77	84	49	96	65	135	80	25	1949	193	122	99	48	202	76	74	57	148	112	39	1773	38676	206	240	30	232	22749	35	92	256	130	99	270	219	120	40	341	88	127	93	60	35	113	157	143	116	41	602	97	98	171	75	53	41	311	226	67	54	16	184	64	51	121	95	66	82	260	98	769	30	178	257	101	70	73	152	952	74	102	36	56	179	69	46	25
A[T>A]A	19	49	45	44	86	81	45	23	83	55	38	41	131	62	88	99	97	42	31	78	122	27	30	18	95	16	26	47	122	23	29	107	48	48	80	35	70	25	62	102	12	33	35	37	63	82	62	17	20	50	44	39	34	203	17	32	205	150	47	62	21	7	63	33	69	57	70	742	56	54	27	18	44	30	26	245	33	70	27	42	72	31	68	48	41	53	21	33	63	60	48	31	95	35	53	9	46	66	21	26	1767	81	88	15	48	1556	11	29	161	77	44	99	110	39	24	141	45	58	50	24	25	65	66	110	192	60	285	27	74	67	42	22	40	499	144	49	35	14	107	57	30	26	37	18	100	85	56	56	11	104	92	56	39	30	54	254	33	71	13	28	67	23	23	18
A[T>A]C	26	18	25	22	65	37	33	22	48	26	18	26	59	26	59	48	62	17	23	32	106	26	19	10	42	2	21	24	60	5	18	47	19	41	76	39	35	17	40	63	3	25	19	22	35	33	75	11	26	32	20	17	21	236	16	25	109	105	20	25	22	10	51	22	29	37	76	154	28	36	17	6	28	26	16	299	31	75	43	21	29	33	42	19	23	18	11	23	55	30	21	12	80	29	16	10	30	29	24	18	400	52	91	25	46	235	17	19	119	37	23	69	58	23	18	194	23	40	36	18	9	32	38	52	79	23	270	14	29	45	15	22	19	57	78	17	21	6	49	27	27	23	28	31	44	89	31	35	18	49	49	11	28	14	54	146	27	46	9	15	71	8	16	8
A[T>A]G	24	42	36	33	73	55	48	19	50	33	23	46	102	42	102	55	89	27	23	53	103	29	27	18	67	8	19	39	60	16	17	66	36	60	59	48	68	13	60	88	6	35	33	29	56	37	37	9	21	37	31	26	17	316	22	24	149	166	35	33	32	8	66	28	46	51	61	312	26	46	31	7	34	37	25	423	27	54	33	20	46	30	65	39	49	34	20	21	55	50	41	25	88	29	26	20	47	32	15	19	531	73	97	17	37	409	13	22	142	43	16	117	102	27	21	149	31	63	42	22	17	50	63	70	164	25	241	24	40	59	22	21	29	133	142	32	33	7	76	48	27	23	39	15	56	77	39	43	12	80	95	37	24	16	48	183	35	72	12	16	58	22	19	6
A[T>A]T	19	56	55	43	103	87	61	33	100	90	37	56	150	74	104	92	119	29	27	85	186	35	35	17	91	13	26	43	144	22	24	122	42	69	105	67	70	14	102	114	10	57	37	36	75	74	75	30	34	61	34	51	39	215	26	61	283	222	62	79	27	8	82	61	45	65	85	1044	62	74	25	27	65	41	41	305	51	109	35	31	47	43	69	66	71	57	22	50	88	80	70	38	136	39	45	23	55	62	22	43	3575	91	127	25	79	2154	18	32	255	74	38	133	119	105	28	205	50	65	75	23	23	66	78	105	193	54	492	13	51	85	26	19	36	237	175	104	37	10	97	62	21	36	60	45	115	185	81	87	18	91	146	74	46	26	76	329	54	75	24	43	107	26	14	15
C[T>A]A	17	17	18	28	44	78	37	9	50	23	12	32	77	33	56	56	65	16	6	49	92	13	10	14	35	5	8	18	62	16	11	58	23	30	127	33	42	7	37	80	3	20	28	19	50	51	115	8	16	18	17	21	16	226	8	21	128	153	21	29	17	7	51	21	30	26	37	311	23	47	20	5	36	26	12	287	31	123	18	17	33	17	53	26	31	34	8	26	30	34	27	15	60	23	24	5	24	32	8	24	358	42	64	8	124	363	3	27	92	25	18	77	66	15	18	223	16	44	19	12	10	30	56	54	127	41	260	9	41	44	31	5	16	137	120	32	20	5	77	26	16	16	16	12	61	141	54	17	6	57	61	40	23	11	127	270	30	56	4	15	64	13	17	5
C[T>A]C	20	29	43	34	58	50	66	18	65	33	23	40	117	47	122	52	75	24	18	73	102	19	23	23	44	16	9	16	75	10	17	91	24	33	156	38	57	10	61	89	2	29	38	24	56	42	122	12	29	37	18	25	17	481	8	24	151	232	25	36	29	5	46	38	22	42	47	203	30	56	27	13	45	23	24	642	43	112	17	25	25	22	56	24	45	24	21	33	45	51	26	22	103	33	29	14	41	33	7	28	386	75	85	8	124	311	8	15	135	38	31	153	90	25	16	256	19	64	32	14	13	44	67	83	111	39	358	16	27	65	22	12	28	71	119	18	21	11	70	39	14	20	24	17	58	226	64	30	9	75	79	28	20	7	149	247	22	60	12	26	104	13	14	8
C[T>A]G	20	30	35	48	56	54	55	14	83	27	29	31	103	48	90	54	87	25	13	54	137	16	27	17	68	5	21	19	74	13	11	96	27	42	160	41	47	13	63	78	3	22	39	26	56	42	143	14	25	45	17	8	17	523	17	29	144	216	30	48	34	7	63	22	28	29	46	382	32	64	32	22	41	19	16	658	33	171	18	23	35	19	58	32	36	23	20	24	56	41	48	19	78	31	37	6	43	17	7	20	231	67	101	19	110	246	4	19	111	35	28	129	92	21	10	245	21	50	35	24	11	51	64	77	106	35	265	20	26	67	38	15	22	141	185	55	41	6	76	33	16	22	26	22	109	160	42	35	16	89	94	43	34	17	185	273	25	66	13	13	90	18	19	12
C[T>A]T	16	31	50	81	105	79	91	21	135	55	35	50	169	44	196	81	132	40	12	74	200	31	32	19	101	10	10	22	109	16	16	152	37	55	259	72	107	16	89	184	4	44	55	26	93	67	209	23	33	51	46	29	16	504	9	28	278	248	45	46	40	12	84	37	48	50	76	433	41	94	21	18	47	30	27	660	59	229	22	22	45	31	88	42	59	36	22	71	64	74	42	36	165	41	29	13	48	37	6	60	1126	91	151	11	193	854	6	22	156	44	29	249	136	38	19	290	24	90	45	10	17	76	79	123	155	59	541	20	26	107	31	16	34	128	237	36	45	8	91	52	21	30	39	32	101	369	64	59	7	128	117	46	41	21	242	448	25	95	7	15	251	21	27	7
G[T>A]A	12	14	16	15	27	40	23	10	52	24	15	19	60	27	40	26	53	15	10	29	57	9	18	9	37	2	11	9	48	9	14	68	27	36	30	22	40	5	23	37	2	14	15	10	28	23	29	2	14	11	10	23	4	197	10	12	93	105	22	21	8	1	29	11	14	29	20	672	18	31	12	8	16	12	8	229	17	37	12	18	19	13	37	19	22	13	4	15	30	18	23	13	46	13	20	10	21	12	1	12	349	30	50	6	36	377	2	13	48	22	18	58	31	21	10	114	10	30	18	11	7	17	31	36	76	25	186	11	19	40	17	6	7	98	70	16	10	1	47	12	9	11	17	16	41	58	23	25	7	57	40	19	11	8	24	178	18	35	4	16	45	11	7	5
G[T>A]C	10	12	13	21	29	16	20	5	40	15	20	12	42	15	49	17	35	12	6	34	56	7	21	12	17	4	5	8	37	7	13	54	12	28	40	21	21	7	32	39	3	12	15	16	26	20	31	3	7	20	12	18	6	287	8	6	60	88	17	14	12	1	16	18	19	15	22	295	16	22	10	6	13	11	6	394	13	33	15	8	21	15	18	14	18	11	5	22	18	26	19	14	36	10	14	6	14	17	6	20	145	41	38	7	28	113	8	3	62	32	7	64	38	11	5	112	9	46	16	4	5	23	33	33	46	18	203	1	13	30	11	7	7	40	46	9	16	6	31	19	13	9	16	14	33	66	18	15	4	27	31	13	11	6	20	115	16	19	9	6	39	6	10	2
G[T>A]G	8	15	23	28	49	19	39	7	55	24	16	25	50	34	62	37	52	18	11	31	64	11	15	14	41	9	12	8	43	7	7	60	15	16	69	28	38	11	37	43	5	18	20	17	38	26	33	5	13	29	20	13	3	406	6	17	84	122	26	34	22	7	41	21	30	26	27	859	16	33	18	9	23	20	15	536	20	42	15	17	30	14	35	29	35	19	6	19	35	40	25	11	51	16	17	11	22	14	6	17	245	52	54	12	29	248	8	18	75	30	17	80	50	19	10	117	13	37	14	8	7	32	42	44	75	23	177	12	15	36	13	9	11	56	79	13	21	4	58	20	17	14	22	11	39	81	28	25	5	58	58	12	15	10	38	158	17	38	9	21	59	16	18	4
G[T>A]T	20	27	47	29	62	61	49	13	68	35	16	46	105	37	86	39	72	26	12	53	122	21	15	6	40	4	12	14	57	8	12	84	22	41	80	33	53	10	64	103	6	21	24	19	35	44	51	10	25	26	18	21	13	441	7	17	144	148	41	26	25	5	56	19	34	41	53	435	21	47	26	7	31	18	16	590	25	73	17	18	34	14	54	39	37	21	17	19	47	55	33	19	86	23	14	18	37	24	5	15	635	50	88	17	59	382	9	18	98	34	20	126	81	27	16	148	26	57	24	12	13	37	58	57	97	35	375	11	21	74	20	8	24	60	136	28	30	7	66	32	22	28	31	12	37	149	42	32	3	66	65	26	32	8	39	244	21	54	9	15	91	12	7	12
T[T>A]A	14	31	28	39	78	117	59	27	102	74	39	36	123	47	130	84	94	32	9	54	170	28	36	31	72	22	23	20	87	16	12	106	41	49	95	75	64	16	61	85	4	39	35	25	65	64	77	24	19	40	33	46	33	278	13	36	203	247	50	42	39	5	71	43	66	53	51	528	42	42	29	21	47	31	43	343	65	97	12	27	64	24	74	45	54	36	14	47	65	49	45	35	98	34	42	22	40	55	6	40	1375	82	116	20	59	974	7	41	147	60	51	143	98	84	13	232	38	46	37	25	14	47	58	104	142	55	430	10	46	73	27	11	24	351	129	57	39	13	93	56	21	22	47	35	89	148	62	85	8	81	121	53	44	14	60	321	36	72	13	36	73	16	22	13
T[T>A]C	8	24	12	31	49	39	40	12	70	23	12	17	71	30	110	51	50	21	9	52	89	32	11	14	29	5	9	8	42	8	9	83	26	48	80	31	32	12	44	61	4	21	19	19	30	26	28	8	14	30	20	9	12	398	9	10	104	170	29	33	14	2	43	20	22	30	35	323	19	32	26	9	27	17	15	526	19	30	24	17	19	12	35	28	23	25	7	24	35	38	25	21	55	21	19	14	30	29	4	18	805	69	77	11	63	789	10	14	125	36	14	126	59	12	11	175	15	37	22	10	13	42	59	76	64	23	295	15	21	45	24	11	16	67	78	16	16	4	64	26	16	17	31	21	41	106	34	42	5	52	71	24	19	9	53	163	25	40	7	20	64	18	11	7
T[T>A]G	12	23	23	18	35	39	41	6	52	22	13	23	66	32	77	31	57	17	7	22	92	13	11	14	27	6	19	16	48	16	9	53	23	32	62	21	37	4	36	68	4	19	26	12	28	29	26	12	21	42	17	16	6	372	12	13	104	110	24	36	26	6	34	16	27	27	33	365	16	25	13	9	19	17	19	464	20	37	15	21	28	15	37	31	26	17	8	16	28	27	20	13	66	12	29	9	35	25	6	12	532	53	63	3	30	486	9	15	64	24	30	77	48	21	7	105	15	29	22	9	9	22	33	48	73	23	166	14	21	48	17	9	9	133	76	28	23	3	54	22	9	16	16	11	57	99	26	26	10	44	67	34	13	6	33	171	11	37	8	17	51	7	13	5
T[T>A]T	18	41	76	74	124	101	87	25	122	116	45	65	179	74	174	132	150	36	24	104	230	35	40	32	95	15	26	28	131	25	23	156	55	76	169	89	95	15	119	188	10	34	42	40	83	97	108	18	38	63	44	47	35	674	12	42	278	296	49	62	54	10	103	38	76	80	97	1732	47	106	31	19	56	52	31	859	72	125	37	36	60	34	112	49	59	56	34	69	83	71	62	36	155	31	47	25	65	52	13	52	6746	106	165	18	105	4829	6	35	255	67	46	221	155	62	32	255	49	98	62	27	22	83	106	133	160	58	752	15	50	117	53	22	33	213	240	79	37	12	131	55	25	52	52	42	106	267	87	86	12	162	117	60	41	25	83	443	40	122	19	33	164	31	30	12
A[T>C]A	57	91	85	74	136	96	92	73	161	83	103	94	210	124	150	171	131	109	55	135	223	54	99	59	239	34	58	63	134	43	53	185	88	125	96	121	111	43	123	147	32	113	106	76	92	126	119	33	81	109	70	83	57	1144	47	77	312	266	91	98	74	23	176	117	160	146	81	1026	127	76	87	36	113	97	79	1459	103	214	63	72	160	66	117	98	123	93	42	75	194	111	100	47	157	92	71	60	99	116	38	69	1002	120	210	41	112	329	34	82	230	124	81	166	206	86	55	234	85	79	110	44	56	124	119	193	290	85	385	72	104	130	108	53	79	320	200	79	126	43	189	133	49	60	94	55	117	198	108	115	42	169	230	80	58	50	95	659	78	123	43	60	158	60	58	32
A[T>C]C	35	24	36	35	61	45	44	19	71	29	26	37	89	51	86	72	62	22	14	40	120	19	26	13	69	13	14	23	66	16	18	88	21	44	59	46	37	10	61	91	6	30	32	21	42	36	62	10	31	58	23	37	18	725	17	22	165	127	34	21	42	9	82	32	43	59	30	171	28	37	13	10	32	46	28	952	59	91	19	24	46	17	62	34	43	40	17	34	53	26	29	19	90	25	19	20	30	21	10	24	239	41	79	12	52	111	7	28	108	27	16	100	94	30	16	122	31	48	33	12	24	43	46	77	117	38	309	24	27	73	27	20	26	76	80	19	32	9	95	56	25	24	35	20	30	140	34	36	11	80	69	17	37	14	42	373	31	64	15	20	83	16	18	17
A[T>C]G	54	54	55	69	96	43	56	37	88	53	40	60	135	56	84	101	83	49	32	71	157	24	39	40	120	24	28	31	76	34	28	95	40	81	77	77	64	17	91	103	10	67	66	36	63	72	71	18	55	82	50	44	29	1164	36	51	193	179	57	69	48	12	119	65	102	92	51	459	71	59	48	24	71	38	48	1470	61	183	34	23	102	34	89	50	62	60	20	47	104	67	68	39	104	68	35	41	59	58	23	41	601	73	117	33	59	247	24	37	136	64	47	95	134	59	35	155	48	50	74	20	36	70	92	90	168	40	257	57	43	95	54	31	54	110	134	38	88	15	96	89	26	34	53	22	61	128	47	65	20	99	125	51	38	26	59	382	45	96	24	37	124	23	41	20
A[T>C]T	76	68	87	97	136	81	87	45	163	86	83	106	213	78	168	174	157	68	33	122	203	48	82	38	168	28	34	60	125	40	40	207	64	110	97	103	117	36	143	150	25	85	85	63	81	105	89	25	70	102	63	87	48	1294	48	81	306	262	100	86	96	19	149	88	120	166	89	552	105	83	46	22	89	65	76	1715	104	170	54	70	127	46	109	98	106	66	41	75	142	90	105	59	175	90	66	68	96	87	23	60	1122	103	165	29	86	493	26	60	266	103	52	196	234	60	39	231	81	82	83	57	54	106	128	152	233	82	458	52	70	140	73	53	66	274	170	65	95	21	148	114	31	71	79	38	94	208	104	105	33	174	245	61	58	27	75	697	67	118	37	46	192	46	61	18
C[T>C]A	27	19	27	45	77	54	51	16	66	32	36	28	101	42	103	86	54	33	14	37	147	28	37	18	81	16	14	25	38	14	25	76	30	55	101	61	35	4	52	58	5	37	37	17	36	41	59	13	26	69	25	32	27	581	14	14	147	220	34	42	35	5	69	38	55	57	53	379	48	37	17	8	27	37	32	767	49	123	14	21	61	19	64	26	31	46	5	20	84	34	34	17	79	18	19	22	23	19	3	17	693	66	105	16	45	387	14	27	97	59	29	121	93	21	16	262	21	35	47	17	26	46	57	83	145	49	162	15	35	97	28	21	33	100	99	25	37	12	77	40	14	33	33	14	48	128	41	37	3	66	87	20	33	12	60	327	38	68	12	24	119	13	21	11
C[T>C]C	23	28	60	62	102	55	61	18	108	40	41	55	128	37	215	110	93	52	9	54	245	28	47	14	101	12	22	19	38	5	20	131	18	70	158	66	61	9	88	147	6	35	41	26	60	39	91	19	41	95	32	31	22	504	9	28	313	270	33	23	52	9	100	42	66	50	32	346	39	64	16	16	38	37	51	636	37	122	14	24	68	21	86	37	61	38	17	51	78	62	37	31	171	17	21	50	19	33	10	37	282	79	164	15	85	191	8	21	140	47	26	282	173	27	17	263	35	59	41	13	26	63	81	127	143	68	496	16	20	130	17	16	29	85	188	23	31	7	111	53	12	22	81	24	40	309	48	51	10	86	128	23	30	23	86	528	37	94	25	20	226	9	21	15
C[T>C]G	25	29	37	34	69	38	46	25	89	31	44	31	108	33	192	76	103	51	12	54	171	30	47	14	102	14	19	17	44	13	33	99	23	53	118	66	38	9	59	80	5	31	26	18	39	46	57	10	26	80	25	33	13	781	16	20	190	224	29	36	44	9	75	65	58	44	42	327	56	32	27	13	31	36	42	998	46	152	17	26	61	18	49	34	35	28	16	39	76	53	25	14	100	30	27	22	25	30	7	32	285	63	125	14	62	243	16	30	97	31	19	257	98	32	28	235	33	42	50	9	35	48	64	91	104	37	163	20	25	104	26	22	27	71	115	24	49	6	65	36	22	28	34	17	33	160	36	47	12	73	93	25	34	6	59	269	36	57	18	25	203	10	19	15
C[T>C]T	23	24	43	49	88	70	76	25	121	92	45	43	125	35	350	95	92	52	14	54	219	25	45	10	98	22	17	24	49	17	44	153	21	48	142	75	46	20	83	135	3	41	53	25	75	47	98	14	34	158	28	37	25	776	15	29	233	221	47	27	55	6	95	71	63	80	57	929	43	36	22	9	50	42	43	1018	52	166	26	28	64	29	75	46	59	45	25	109	58	64	44	27	113	37	20	24	47	29	10	88	2155	79	152	9	69	1649	7	25	138	45	24	498	119	29	28	267	35	38	40	20	31	55	60	146	130	75	310	16	37	98	26	18	26	141	119	35	39	16	101	57	17	33	37	35	30	252	56	47	7	111	95	27	41	29	106	478	42	79	26	22	695	17	15	11
G[T>C]A	23	29	39	46	91	76	42	29	66	40	43	32	111	46	98	139	99	55	25	63	184	29	47	21	121	11	23	17	34	13	32	81	28	60	69	71	42	19	54	88	7	57	48	41	44	50	55	16	31	62	31	38	24	607	9	26	247	190	42	46	41	8	95	57	67	62	36	967	49	41	33	11	38	54	58	795	42	80	26	25	62	35	73	39	79	47	18	56	71	68	47	14	96	33	39	35	39	25	9	41	386	52	123	20	38	206	15	64	115	53	34	119	117	27	21	170	35	50	48	18	39	60	67	91	188	55	164	17	56	97	44	21	28	135	90	45	49	19	102	60	20	27	53	21	58	157	29	43	15	55	113	21	43	26	50	619	51	77	15	35	87	22	16	19
G[T>C]C	14	17	33	27	57	28	33	18	50	26	32	30	76	26	105	67	56	39	8	29	160	16	33	12	77	17	12	8	29	7	26	61	21	35	113	49	35	3	68	81	5	21	33	19	38	40	89	8	15	54	24	19	14	342	16	14	202	127	18	19	28	10	82	35	51	32	29	561	32	28	6	5	30	18	50	442	34	99	16	18	52	18	56	14	52	28	11	32	62	43	18	17	94	18	19	43	20	22	6	28	188	38	109	16	79	100	9	39	80	34	13	125	101	19	22	134	11	45	38	6	17	39	66	62	96	33	213	16	16	77	20	13	30	55	101	16	27	11	70	28	14	15	64	11	23	210	30	37	8	48	71	20	36	11	116	432	20	64	14	20	95	8	16	10
G[T>C]G	24	22	37	41	76	38	39	12	58	37	38	49	92	36	105	86	81	50	11	48	164	24	40	11	87	9	17	25	29	12	24	73	23	54	77	71	42	7	68	80	3	42	35	26	36	46	30	10	23	64	18	33	13	661	16	28	209	134	31	37	47	7	91	42	64	37	57	1045	43	26	23	15	25	34	49	881	44	99	12	25	63	17	64	29	52	23	14	36	64	48	32	31	93	20	24	25	26	27	6	25	331	53	137	9	31	182	12	41	81	44	25	126	142	19	15	113	28	41	37	15	28	47	68	71	132	40	151	14	33	81	20	20	28	72	105	24	42	18	66	56	14	23	42	13	22	131	38	59	13	53	98	20	34	11	28	362	32	67	18	19	73	9	13	16
G[T>C]T	33	31	53	44	110	55	51	37	68	78	39	56	115	54	126	160	122	40	20	53	169	21	43	20	111	18	39	34	51	18	33	79	41	71	93	67	51	21	97	98	7	61	60	43	43	68	61	17	35	83	26	43	26	891	20	41	231	141	40	59	40	20	136	56	81	64	49	1327	60	47	27	11	46	44	54	1161	45	119	22	31	82	31	82	49	72	66	22	66	96	82	47	18	103	42	39	34	60	42	18	51	5390	63	119	21	61	1059	22	62	134	56	37	154	142	26	21	129	39	55	59	25	29	77	75	101	159	58	200	24	46	91	42	36	38	139	113	48	55	20	84	60	35	41	64	26	59	159	46	90	13	104	144	32	39	26	39	774	53	86	26	42	128	22	37	13
T[T>C]A	24	26	28	44	99	90	50	23	98	49	42	35	143	51	153	140	110	58	17	66	217	19	42	22	103	13	26	22	42	15	26	103	37	55	104	62	46	18	87	103	7	52	38	26	32	35	72	18	34	85	27	35	26	682	21	31	234	302	44	35	41	3	111	77	59	74	43	967	54	26	39	16	52	62	42	853	38	139	30	32	62	24	79	52	48	56	29	49	109	58	45	28	119	35	30	33	42	47	11	39	2211	107	153	6	49	1193	25	67	131	72	31	170	131	33	24	284	38	61	62	24	35	60	77	148	187	59	203	18	59	91	42	17	33	204	113	32	40	12	108	59	29	47	56	26	47	169	46	53	9	79	100	21	54	24	54	372	34	87	21	30	119	15	19	13
T[T>C]C	17	25	44	63	105	79	49	25	100	49	42	48	151	32	199	90	86	58	8	46	321	27	39	17	95	16	21	13	53	20	28	132	32	57	156	81	51	9	80	105	3	47	33	22	60	49	47	13	24	77	31	26	18	404	10	20	310	240	42	28	49	10	120	63	56	55	49	480	37	40	19	14	38	36	44	516	45	102	24	16	53	22	94	43	59	37	20	38	83	73	35	37	154	23	12	78	24	26	11	29	778	100	218	17	86	639	9	28	143	30	25	239	129	35	21	232	26	65	44	15	38	45	101	129	169	65	410	16	33	183	30	14	39	109	150	23	44	11	107	44	25	45	101	35	21	285	34	65	11	80	91	24	53	19	77	402	39	92	34	33	153	10	10	22
T[T>C]G	17	25	33	34	55	38	32	12	40	38	23	34	107	35	111	58	63	35	7	25	131	13	19	18	67	12	8	9	38	9	18	54	10	46	78	54	48	12	38	68	4	29	30	24	35	27	39	16	23	67	20	21	18	595	12	23	184	147	29	28	35	8	61	36	49	35	34	419	39	26	21	6	31	32	20	739	52	105	20	16	49	20	50	24	40	33	18	24	56	39	23	19	94	13	15	25	25	26	9	15	1045	62	108	9	43	653	14	27	64	27	26	129	80	26	16	139	16	28	38	12	27	33	54	100	122	33	109	18	21	78	17	9	16	80	90	19	33	7	67	40	11	23	35	15	19	132	26	60	5	49	59	22	19	7	27	208	30	53	16	11	95	11	16	16
T[T>C]T	25	46	58	55	136	100	57	34	103	67	71	55	215	76	183	122	148	69	25	78	234	37	63	24	134	25	28	36	85	28	39	122	47	76	128	80	81	14	79	158	12	77	73	41	70	61	97	35	46	91	41	38	38	998	22	54	305	216	40	49	65	13	122	88	93	82	70	1073	72	41	32	19	55	69	54	1219	59	159	36	42	89	36	82	45	79	60	26	67	114	84	62	34	147	43	37	49	56	63	16	60	2198	111	189	20	68	2236	27	84	181	77	58	233	159	69	25	207	59	68	56	31	69	78	87	148	196	86	316	36	54	122	48	26	52	226	160	50	63	22	132	77	34	50	61	35	46	218	52	73	11	112	119	28	51	39	62	657	70	91	29	42	190	21	38	24
A[T>G]A	4	32	13	20	27	17	20	19	44	32	12	14	32	36	36	31	17	19	12	35	68	13	11	14	59	2	18	13	101	9	14	43	19	14	47	30	23	7	16	63	0	18	15	18	43	40	20	5	21	28	26	13	13	270	9	13	91	53	23	20	12	3	83	22	51	22	36	264	24	18	14	4	20	19	13	351	17	43	9	26	41	17	17	25	20	18	5	16	31	22	18	10	40	22	21	21	21	90	4	14	617	26	39	5	43	292	3	12	58	36	14	46	41	15	7	68	16	20	35	10	7	25	28	79	57	21	135	11	31	25	19	8	18	307	74	17	21	7	61	23	4	8	10	8	31	35	36	32	3	101	46	29	48	16	22	130	21	19	8	5	44	8	8	7
A[T>G]C	3	13	8	6	14	10	10	7	16	10	5	5	20	11	44	11	12	6	6	11	30	7	5	8	12	3	7	5	15	9	4	20	7	12	13	16	7	2	8	19	2	4	3	5	19	16	19	3	7	14	7	2	5	149	2	3	45	40	3	12	5	1	12	9	7	12	8	94	5	9	5	3	14	8	13	199	10	30	6	11	9	11	16	7	5	15	1	15	11	11	4	5	14	6	9	9	8	16	0	14	278	12	24	1	9	111	3	3	24	17	4	47	21	8	4	51	11	6	8	2	1	12	9	23	8	5	63	3	8	8	6	7	6	54	22	6	4	1	22	5	3	2	9	3	10	16	4	15	0	28	22	10	17	2	15	51	14	17	4	7	72	1	1	7
A[T>G]G	10	10	24	17	47	25	34	9	31	24	15	23	52	11	43	44	30	16	4	19	46	9	15	11	34	5	5	8	40	7	9	41	17	22	44	21	27	6	26	38	3	16	13	7	26	19	32	5	10	27	14	15	7	322	12	15	67	98	19	13	13	1	42	13	37	43	28	545	20	27	8	12	15	24	7	442	20	70	12	14	39	12	32	19	26	14	4	22	40	32	29	6	46	9	11	15	12	10	4	15	402	27	53	8	28	215	7	8	68	23	15	51	33	14	10	107	21	23	13	6	8	27	26	44	78	18	205	8	16	28	14	12	9	55	44	12	19	5	47	21	9	16	9	9	22	67	29	20	8	30	32	12	20	4	33	164	12	35	7	9	59	14	13	5
A[T>G]T	7	10	14	11	30	27	27	10	45	33	33	13	49	20	160	30	31	26	15	18	78	4	25	4	29	7	9	15	33	9	24	71	13	16	56	45	23	11	26	46	3	19	17	13	25	18	30	11	37	77	8	20	10	192	6	8	68	95	15	20	20	5	34	30	19	38	15	283	18	22	12	4	19	18	17	257	23	60	12	10	20	19	35	20	15	13	2	34	40	17	27	16	50	18	15	14	17	17	5	30	647	33	48	7	33	251	6	18	68	19	18	235	34	11	12	98	18	11	20	11	5	21	42	88	45	13	213	7	21	33	14	3	17	119	37	16	24	9	30	21	4	12	21	26	21	93	27	20	2	40	39	30	22	10	13	122	23	39	12	13	399	15	14	10
C[T>G]A	4	5	12	12	18	39	9	6	20	20	8	9	23	11	27	21	22	11	4	9	32	4	8	5	24	5	12	9	25	4	13	30	14	11	22	26	22	2	15	21	2	9	6	6	6	15	15	4	4	14	9	5	4	331	4	7	44	58	12	9	10	1	26	12	21	27	17	133	8	5	8	2	15	10	12	475	11	23	4	9	13	5	9	13	13	13	4	8	15	14	10	10	15	4	12	6	12	7	0	6	184	16	26	1	21	131	4	9	22	16	7	32	16	13	6	68	10	10	7	7	10	16	14	26	37	7	79	7	7	14	6	2	8	72	25	8	8	2	28	10	3	9	5	14	19	21	14	15	1	20	25	10	14	7	18	147	7	9	4	4	38	7	5	2
C[T>G]C	4	13	9	10	15	13	15	12	33	15	15	4	42	13	90	22	26	14	7	18	35	10	17	9	12	3	11	7	16	4	9	44	8	14	40	15	20	4	22	29	1	16	16	7	15	16	22	1	8	34	10	6	2	477	6	15	49	70	9	15	10	3	24	16	15	20	13	162	12	10	8	1	15	14	14	662	11	40	8	9	15	8	20	11	13	12	7	24	18	19	12	6	25	13	9	3	12	7	4	18	273	17	51	3	13	206	2	12	46	12	10	98	23	8	4	67	7	14	16	5	7	21	19	50	31	11	91	4	9	24	18	4	7	36	36	9	11	3	24	11	3	12	15	7	21	53	11	18	3	19	33	9	6	4	22	112	13	23	6	2	178	6	5	2
C[T>G]G	4	11	23	14	44	16	16	11	49	21	14	21	62	14	73	34	44	20	5	24	55	10	15	6	34	4	11	8	36	12	8	80	17	21	77	40	31	3	27	45	3	22	15	14	28	27	34	5	15	40	11	19	11	724	3	14	76	124	24	17	14	2	35	12	30	36	27	811	20	27	17	3	23	9	16	952	24	54	13	12	34	16	26	26	16	5	13	20	27	29	19	12	41	15	13	11	20	9	3	18	277	39	53	3	34	317	7	20	42	18	15	99	25	18	9	128	8	28	18	6	11	29	34	48	65	16	215	5	15	30	22	4	10	59	70	10	21	11	30	23	7	11	17	9	34	56	18	20	4	54	56	20	22	7	38	260	14	27	5	16	124	4	12	5
C[T>G]T	11	15	16	26	64	40	60	22	142	117	28	26	73	27	814	40	17	38	11	17	182	12	24	13	39	11	13	17	31	9	19	237	8	14	249	67	29	3	41	89	2	29	23	10	63	31	68	5	84	424	14	22	16	602	11	16	82	100	19	18	57	1	44	100	27	33	15	563	16	24	19	5	39	17	30	791	24	110	6	16	26	15	35	22	19	13	6	152	29	29	29	13	86	17	20	27	28	20	2	129	844	57	183	6	40	710	9	24	91	14	25	1094	50	22	10	80	12	19	20	2	8	51	42	232	38	18	475	9	12	97	24	5	17	96	63	29	20	11	44	32	10	34	13	60	37	318	26	23	10	132	60	24	33	11	48	225	23	35	12	11	2256	6	19	8
G[T>G]A	6	12	7	4	16	28	6	8	13	16	7	4	10	16	17	25	14	8	4	12	21	3	9	3	17	2	0	3	22	4	7	20	6	12	18	15	8	3	8	27	4	11	7	7	7	11	15	2	4	7	6	11	4	230	3	4	29	38	6	6	7	1	11	9	12	15	7	116	6	6	6	4	14	10	3	321	10	21	1	8	13	4	12	5	7	7	2	9	10	7	7	6	12	4	7	2	9	20	3	6	151	13	10	3	13	74	4	11	18	13	2	25	12	7	5	36	6	10	4	3	7	14	11	27	26	10	55	5	4	10	7	0	7	35	26	10	4	2	24	7	1	7	3	2	10	28	9	10	4	16	23	15	8	4	17	90	6	13	4	4	29	5	6	0
G[T>G]C	8	5	5	9	15	5	7	5	12	10	4	6	9	7	33	10	12	7	5	12	16	4	4	3	14	2	5	4	3	1	3	11	10	4	25	13	8	1	12	13	0	3	4	5	11	8	35	3	1	15	4	3	0	172	4	2	31	23	8	12	6	0	15	6	5	6	7	77	10	3	1	2	4	9	12	245	4	45	5	10	4	2	8	6	6	8	3	10	10	10	3	3	18	3	5	3	4	6	5	11	102	12	13	2	13	69	1	0	22	8	5	30	14	4	2	38	2	7	5	2	3	7	9	14	7	4	48	5	5	13	6	2	2	32	20	3	11	1	15	7	1	4	3	3	11	28	4	8	2	19	15	8	6	3	25	54	7	9	1	8	59	2	3	1
G[T>G]G	13	13	22	19	33	15	27	12	48	22	16	26	40	23	42	35	46	15	5	25	44	17	19	6	33	6	9	6	25	9	7	63	9	23	41	22	30	4	33	45	11	13	21	17	32	16	38	6	13	23	15	22	12	484	11	8	74	117	16	16	6	1	31	22	30	31	20	743	18	20	8	5	20	16	22	634	10	58	17	8	34	3	35	18	18	20	7	16	18	16	19	13	41	20	6	7	19	21	5	13	423	25	32	9	25	263	5	10	51	16	9	56	21	17	8	114	16	17	16	6	8	33	30	37	56	16	205	5	8	28	14	4	13	29	52	12	17	3	44	15	8	19	16	14	16	60	19	17	10	49	57	13	13	5	30	188	10	35	8	14	70	5	13	6
G[T>G]T	5	6	13	16	42	32	25	7	47	52	17	15	40	18	237	27	23	24	6	20	103	8	19	15	20	8	12	6	23	8	10	75	7	19	74	30	25	3	22	35	3	18	7	7	31	18	38	6	34	116	3	18	6	285	7	10	64	59	14	10	11	4	23	26	19	39	16	320	10	17	7	4	25	15	23	379	18	53	5	12	17	12	32	15	17	9	4	45	26	24	19	5	44	10	12	14	10	10	4	39	781	26	89	5	31	453	3	6	49	12	7	309	34	18	16	72	14	19	10	4	13	21	25	69	26	15	234	11	11	43	11	9	16	44	23	22	4	10	31	14	4	20	13	10	18	118	22	28	1	34	40	14	10	6	26	134	11	35	9	7	591	8	7	5
T[T>G]A	6	28	13	15	28	73	21	17	45	29	23	17	48	18	42	49	35	12	10	22	80	5	21	12	52	8	9	11	62	11	15	52	18	17	55	37	30	6	22	59	3	18	18	10	31	31	43	7	15	41	18	13	11	563	3	20	76	96	21	14	19	2	85	12	64	40	20	285	22	14	14	9	35	20	15	706	23	74	7	15	56	13	33	23	17	19	7	24	25	33	20	11	37	17	23	18	19	30	3	22	806	23	45	2	40	493	8	15	54	27	11	48	45	9	3	91	20	10	21	9	6	21	31	64	46	26	139	7	12	24	16	9	21	249	69	23	17	8	54	17	8	11	16	4	39	60	25	23	3	67	48	21	28	16	20	172	16	35	9	12	57	10	10	8
T[T>G]C	9	8	15	10	34	16	22	15	30	27	16	12	32	17	62	29	19	9	7	21	51	4	15	9	24	6	8	3	24	4	9	35	11	13	23	27	15	3	18	26	5	10	14	7	14	12	29	3	17	19	12	19	9	521	8	10	56	43	16	16	13	1	26	17	21	28	21	253	10	8	12	7	11	23	4	631	17	48	14	12	16	11	20	14	15	9	6	15	28	13	14	14	35	11	11	9	14	14	4	15	725	28	40	5	13	560	8	5	38	20	9	73	32	8	7	54	10	10	16	7	2	19	30	30	29	11	80	5	12	20	13	9	7	62	37	15	15	3	22	16	5	6	12	6	17	42	17	21	4	32	31	17	17	8	13	96	13	21	7	7	124	15	11	1
T[T>G]G	11	15	29	26	37	30	34	5	63	31	11	25	87	16	64	50	46	27	11	27	80	14	13	11	54	5	7	8	41	6	10	73	9	27	77	48	22	1	33	61	0	14	19	17	29	28	51	9	20	45	17	14	13	599	6	13	90	157	13	25	17	10	41	19	33	39	28	643	18	29	12	12	30	23	23	793	21	82	13	13	35	17	34	12	27	13	12	13	26	37	23	8	46	6	12	9	22	15	5	9	479	63	57	5	43	405	7	20	84	22	19	88	32	15	6	176	17	22	17	11	18	30	38	67	80	29	205	6	21	30	15	5	11	103	55	10	27	6	51	29	9	21	18	12	24	92	24	24	3	40	54	17	25	11	41	222	20	35	4	12	85	13	14	1
T[T>G]T	21	28	40	36	112	77	57	23	120	115	52	35	89	37	357	64	84	33	22	43	179	31	54	21	76	16	24	21	106	19	37	144	30	41	168	73	50	19	58	108	9	35	34	29	78	54	72	20	61	113	21	40	19	778	13	32	159	165	34	41	34	8	81	56	66	95	29	728	21	32	22	20	63	44	44	1010	55	121	19	38	65	43	62	37	52	40	14	96	66	50	52	30	104	46	62	38	43	33	9	85	2247	84	144	30	77	1548	9	27	153	36	34	539	95	57	29	191	38	34	27	27	21	72	66	166	79	40	406	19	23	67	33	14	30	292	114	45	33	18	87	44	23	24	35	39	74	194	44	75	11	99	116	57	35	19	68	293	43	70	21	33	914	20	23	13
