HMF001201A	HMF000969A	HMF000108A	HMF000361A	HMF000394A	HMF001716A	HMF003452A	HMF000917A	HMF002344A	HMF003054A	HMF000691A	HMF002844A	HMF001080A	HMF001151A	HMF003751A	HMF003434A	HMF002465A	HMF000819A	HMF000244A	HMF001692A	HMF000060A	HMF002704A	HMF003083A	HMF002041A	HMF002211B	HMF003534A	HMF003110A	HMF002890A	HMF001687A	HMF000764A	HMF002553A	HMF002485A	HMF003021A	HMF003667A	HMF000140A	HMF002924A	HMF002305A	HMF002732B	HMF002895A	HMF003275A	HMF002711A	HMF001436A	HMF002069A	HMF000236A	HMF002597A	HMF000999A	HMF000634A	HMF001488A	HMF000531A	HMF002854A	HMF003655A	HMF002206A	HMF003160A	HMF003280A	HMF001523A	HMF000591A	HMF003499A	HMF002889A	HMF000129A	HMF000352A	HMF002613A	HMF002163B	HMF002728A	HMF002594A	HMF001283A	HMF000227A	HMF000378A	HMF003575A	HMF000849A	HMF001435A	HMF000513A	HMF001668B	HMF001399A	HMF003770A	HMF003791A	HMF003186A	HMF003356A	HMF002069B	HMF000282A	HMF001719A	HMF002163A	HMF002211A	HMF003467A	HMF000414A	HMF002812A	HMF000877A	HMF002912A	HMF002089A	HMF001233A	HMF002115A	HMF001054A	HMF003185A	HMF001363A	HMF002367A	HMF001514A	HMF002737A	HMF002732A	HMF003463A	HMF000324A	HMF003524A	HMF002446A	HMF002609A	HMF000711A	HMF000188A	HMF000754A	HMF003571A	HMF000385A	HMF000061C	HMF000172A	HMF001719B	HMF002840A	HMF003308A	HMF000319B	HMF001286A	HMF003280B	HMF000516B	HMF001887A	HMF002132A	HMF001638A	HMF000678A	HMF001286B	HMF000061B	HMF003223A	HMF003865A	HMF004117A	HMF003925A	HMF004385A	HMF003958A	HMF003863A	HMF003939A	HMF004337A	HMF003891A	HMF004084A	HMF004375A	HMF004257A	HMF003901B	HMF003996A	HMF004106A	HMF003884A	HMF004200A
A[C>A]A	279	198	504	67	106	126	37	108	1391	303	257	178	215	104	301	269	131	185	45	285	310	135	245	176	348	536	188	293	146	194	168	96	150	102	176	285	75	132	87	372	323	71	366	621	394	352	101	307	218	468	317	248	240	143	224	80	240	369	157	254	83	107	189	428	157	213	211	212	78	124	303	101	287	92	361	270	342	355	100	193	114	373	145	201	139	95	134	254	606	185	1282	95	132	80	302	95	154	81	86	217	302	271	193	169	166	100	80	127	798	239	69	155	217	207	216	239	160	349	539	4428	235	131	132	112	182	289	140	122	279	152	235	77	576	143	203	59	251	389	122	54
A[C>A]C	118	106	269	40	80	133	27	41	468	390	126	105	160	79	926	144	141	141	32	312	218	84	424	91	182	360	164	144	108	150	111	64	151	100	151	201	69	70	78	212	305	47	305	551	241	219	81	151	148	212	195	137	148	73	158	286	173	269	90	170	69	240	165	521	173	107	309	186	35	136	189	79	161	59	167	238	223	298	84	211	236	202	61	147	88	273	58	145	534	111	272	69	79	49	303	68	106	47	50	576	329	189	151	169	120	55	61	125	182	237	71	156	115	192	341	452	127	261	383	620	237	129	86	102	190	68	177	99	259	157	625	43	140	213	170	28	237	238	114	80
A[C>A]G	67	38	59	5	9	25	5	11	60	53	34	37	26	12	76	49	18	26	11	52	60	17	83	19	39	78	39	23	19	21	24	15	39	25	31	46	13	28	38	52	28	17	43	133	69	70	19	51	44	53	41	37	28	39	37	15	47	54	14	28	20	18	41	76	31	56	17	22	10	15	32	12	68	16	58	36	57	38	14	33	20	42	13	22	13	11	13	47	56	25	78	17	22	13	53	25	37	7	42	33	57	115	21	35	48	16	17	31	60	38	15	177	42	68	44	129	26	24	61	185	105	35	31	19	139	22	27	15	38	18	55	10	93	19	39	12	35	110	20	11
A[C>A]T	134	121	385	53	103	106	23	62	814	302	146	94	112	50	345	177	91	153	20	230	185	102	272	119	193	373	180	141	112	111	120	49	106	93	115	178	49	70	75	195	237	57	270	403	258	236	78	194	197	288	185	177	143	86	152	63	171	315	86	209	60	105	120	236	96	123	130	171	42	65	183	97	202	61	229	244	242	270	70	121	103	228	69	132	83	76	85	165	452	115	528	76	76	51	187	81	100	41	47	235	208	186	162	130	130	65	45	106	368	141	48	129	129	128	191	234	136	344	451	2130	163	107	81	59	131	123	89	96	167	114	247	40	256	102	110	49	149	244	87	40
C[C>A]A	159	127	372	94	311	148	36	86	884	330	226	157	157	48	428	265	132	123	31	204	353	118	274	144	277	531	159	167	187	134	136	68	168	94	132	234	66	122	90	325	347	60	314	757	442	341	99	311	198	578	270	204	198	114	202	114	189	262	121	167	62	135	193	495	199	195	177	455	88	204	216	67	252	50	469	234	308	296	63	194	129	316	101	161	84	135	87	241	537	119	815	118	95	65	384	66	152	50	59	243	273	245	139	157	181	60	47	118	507	228	70	183	166	180	282	302	109	539	390	2716	234	121	129	97	317	202	181	89	253	93	316	48	320	166	201	53	279	535	120	32
C[C>A]C	120	112	209	97	486	173	15	51	246	205	175	117	118	51	337	175	127	99	17	158	273	73	227	71	149	432	123	163	92	135	87	41	195	95	125	144	50	106	79	228	316	36	211	660	327	231	73	164	151	648	169	140	142	106	149	70	119	254	68	155	38	119	127	420	169	120	99	774	41	297	133	38	222	35	189	214	221	203	43	100	116	174	69	72	67	132	54	176	370	79	260	60	75	40	292	67	132	34	46	169	252	189	106	99	135	39	44	103	159	125	57	150	119	190	243	203	90	806	289	473	224	108	92	115	296	93	210	76	184	81	286	32	122	130	180	30	206	409	80	33
C[C>A]G	38	32	63	12	76	36	3	16	84	57	45	46	23	10	96	70	18	24	7	46	85	20	81	35	37	85	42	26	22	17	22	12	54	19	31	32	18	33	53	42	41	8	53	170	116	99	35	62	49	114	53	37	34	29	51	18	43	36	22	29	13	31	34	120	44	60	28	128	7	21	32	15	93	9	71	28	90	55	16	41	33	42	11	16	7	19	7	57	65	32	76	15	21	12	97	22	43	14	15	38	55	87	18	30	42	12	19	41	74	53	18	99	35	47	40	83	26	145	47	241	55	42	49	33	102	41	25	18	47	20	62	12	80	31	55	11	47	143	14	5
C[C>A]T	139	117	299	153	1399	332	20	65	606	350	205	123	136	39	414	190	339	100	32	209	280	139	295	129	292	404	193	176	173	157	139	84	369	75	189	247	61	103	56	239	544	52	314	796	393	290	67	284	202	1652	249	213	173	100	202	136	184	282	123	165	63	291	173	545	264	147	255	1909	58	995	182	71	262	30	429	217	268	316	47	156	287	346	71	112	89	325	67	206	658	78	592	78	63	40	400	53	129	63	46	269	241	190	124	169	177	56	62	115	401	199	60	166	138	233	514	356	103	2174	321	1869	271	113	126	190	897	144	471	106	189	107	359	54	231	173	212	78	442	352	111	27
G[C>A]A	143	136	413	50	87	90	37	73	771	354	205	106	126	49	300	165	113	140	29	182	216	86	281	199	279	304	131	121	202	96	115	56	163	64	143	149	60	70	69	271	413	65	385	393	329	280	66	263	137	305	326	96	186	68	161	96	136	187	101	125	54	156	122	416	141	140	274	161	96	85	252	101	165	48	351	163	254	319	58	184	153	305	70	201	145	76	74	172	468	83	729	70	69	83	174	87	132	66	56	269	355	178	113	108	143	63	67	164	442	238	51	142	130	269	172	441	118	216	306	2597	397	164	123	81	127	201	187	68	277	198	214	42	432	140	162	29	258	294	125	27
G[C>A]C	84	71	179	30	99	84	11	47	320	490	86	65	78	34	507	111	143	74	24	233	164	43	355	58	130	248	114	82	74	131	102	44	261	98	151	96	30	49	51	169	362	33	255	563	289	227	43	112	127	208	136	100	143	64	100	199	87	162	61	128	30	250	140	812	150	91	214	274	38	184	117	50	142	35	147	132	126	188	32	120	255	136	52	82	37	216	29	86	369	76	189	44	56	29	215	39	105	39	34	310	389	132	69	90	100	38	33	149	168	154	99	174	102	320	356	604	147	571	250	400	467	152	69	88	223	67	289	54	312	184	459	30	119	438	143	27	275	209	76	22
G[C>A]G	44	20	45	8	32	27	6	7	37	36	34	42	33	8	61	53	21	37	8	42	58	13	56	19	24	101	37	29	17	14	22	15	49	25	32	34	6	19	29	42	40	15	43	81	60	74	18	41	22	52	30	22	32	26	38	17	27	23	20	18	10	26	28	104	27	54	22	52	12	10	23	9	54	10	45	18	62	40	14	25	24	31	13	18	5	8	10	30	65	16	48	10	14	13	75	18	30	10	22	29	43	94	21	15	50	15	19	30	46	32	17	130	26	58	26	91	16	151	29	114	68	31	23	35	122	25	32	20	33	20	35	13	75	25	33	8	37	90	24	12
G[C>A]T	107	117	311	40	209	77	28	56	477	165	149	83	114	33	166	120	67	83	22	116	177	66	158	121	190	250	132	101	138	85	86	35	69	52	91	138	36	59	60	179	247	38	238	306	209	165	53	199	159	449	247	104	115	62	110	67	119	211	85	130	34	59	81	225	89	104	147	403	32	52	182	72	142	24	271	131	153	236	43	110	55	233	43	142	72	62	46	147	319	75	409	33	49	41	126	61	81	44	35	142	175	118	119	98	108	49	54	60	299	132	36	106	77	122	118	204	79	1256	252	1380	153	60	77	47	111	116	98	63	139	94	115	41	266	81	133	22	181	171	70	23
T[C>A]A	421	551	824	211	98	408	87	856	841	1543	241	491	454	54	392	1272	155	223	233	273	621	643	823	309	321	611	362	200	437	147	321	523	950	225	908	1601	225	249	521	281	332	75	848	732	533	816	184	409	1857	342	551	218	372	111	746	221	1604	304	476	236	149	138	269	551	656	1322	218	102	182	271	309	72	539	73	1035	282	1315	794	268	457	140	364	130	173	196	80	114	901	682	230	765	1713	353	123	2019	266	294	70	194	283	577	590	365	321	430	189	91	200	405	496	501	343	1200	345	163	377	606	408	541	1935	361	209	352	486	713	1202	565	408	637	353	378	487	400	357	320	84	465	2778	1326	26
T[C>A]C	220	279	391	114	125	225	46	318	449	790	217	227	243	66	563	632	106	173	125	222	395	289	498	156	196	387	217	185	215	143	205	224	395	136	395	655	133	156	270	261	245	41	365	619	354	496	119	217	784	307	358	177	267	107	374	181	703	273	236	185	95	147	165	563	299	569	214	204	103	140	198	71	283	85	459	215	724	353	150	241	145	229	104	130	114	94	63	467	458	130	363	639	192	69	1002	139	187	47	99	347	324	340	190	196	220	104	46	138	228	268	241	203	473	228	231	313	306	479	344	797	261	138	175	259	364	608	288	204	342	202	370	207	238	283	224	54	295	1121	530	29
T[C>A]G	68	65	89	17	30	56	11	95	86	221	42	68	47	17	49	147	24	34	19	42	74	68	102	48	39	86	63	24	34	17	34	55	83	40	108	165	27	32	78	49	31	14	86	118	96	95	27	56	216	54	67	33	52	21	94	16	198	38	45	29	20	31	29	98	51	153	22	27	16	33	35	16	67	8	104	28	127	78	37	41	30	45	21	20	22	10	22	98	79	22	73	101	46	15	258	29	44	7	24	48	55	105	27	37	56	21	17	41	54	49	33	95	111	45	25	83	84	65	56	204	58	39	52	59	108	204	50	48	79	39	49	35	85	43	39	9	70	258	160	6
T[C>A]T	308	467	893	163	386	339	97	484	1164	1194	335	419	427	70	434	878	169	271	170	409	611	498	589	329	432	555	416	247	405	162	265	368	527	209	646	1285	193	216	379	395	424	106	799	708	516	698	181	575	1041	737	630	245	356	171	585	194	1184	368	438	244	185	217	227	653	414	934	390	519	203	225	410	111	395	72	1122	329	1089	757	190	378	225	570	147	258	320	115	121	733	855	190	1087	786	257	140	1210	217	270	83	159	359	467	413	322	321	288	139	120	190	658	424	245	273	757	287	267	396	453	1138	545	3577	346	196	325	329	503	917	391	286	458	281	363	297	643	294	318	152	572	1458	810	38
A[C>G]A	146	118	214	37	150	128	13	143	158	218	94	100	118	37	126	183	78	77	23	231	226	104	161	71	115	204	121	90	113	126	108	59	131	95	127	225	46	87	95	142	192	26	149	433	157	199	48	100	260	203	112	113	133	79	103	41	143	243	72	147	41	52	125	211	145	182	48	183	33	64	185	41	141	19	197	240	209	128	51	69	50	150	68	64	52	56	51	147	252	121	197	131	104	32	350	41	134	22	45	111	161	151	111	114	69	53	28	75	61	85	59	85	164	118	109	87	135	272	339	220	134	77	60	108	118	175	73	128	260	57	111	48	57	86	97	33	117	256	139	25
A[C>G]C	67	72	81	20	31	44	12	53	83	109	56	42	54	9	78	90	43	43	9	144	68	46	94	40	82	118	54	64	59	75	51	37	61	43	68	119	27	41	36	89	99	14	69	234	61	65	20	62	110	85	59	87	70	42	59	29	77	118	36	71	22	23	74	143	55	55	29	35	16	30	106	20	79	12	72	119	94	69	20	28	19	96	39	39	27	32	20	70	148	64	126	56	54	20	106	18	58	12	22	61	84	47	39	51	44	27	15	25	37	36	20	45	73	63	60	55	63	90	181	148	82	28	30	72	70	55	42	65	130	36	76	21	45	55	43	16	88	102	51	21
A[C>G]G	40	49	46	6	7	29	1	29	23	43	23	23	26	12	44	34	18	38	4	135	58	12	39	20	22	45	40	21	22	34	44	13	20	13	29	42	7	23	30	46	58	5	25	140	27	32	6	45	63	23	26	20	48	10	26	15	32	81	15	42	15	10	29	66	31	25	10	9	11	10	22	8	32	7	44	52	69	22	6	14	6	31	25	19	4	8	5	24	39	30	25	9	28	11	40	4	27	5	11	27	37	38	33	17	16	5	14	13	17	16	11	39	33	23	14	22	29	21	81	40	29	13	13	14	35	23	12	24	54	24	29	7	16	27	28	12	31	34	16	4
A[C>G]T	149	130	237	39	60	96	18	140	130	202	99	85	99	29	127	182	126	84	35	315	169	115	160	66	111	290	145	101	95	83	113	81	162	86	132	280	38	87	92	115	173	27	132	340	121	162	48	102	264	169	129	124	147	64	124	47	194	270	86	128	33	61	112	192	173	160	39	85	26	98	228	37	161	30	185	283	165	137	50	56	58	131	61	69	46	90	31	178	261	114	170	114	89	21	296	35	125	22	63	140	176	136	118	94	83	57	36	59	59	72	49	110	180	138	97	90	152	237	338	203	175	64	55	103	138	189	115	134	215	73	140	48	69	116	100	33	128	256	125	17
C[C>G]A	129	125	133	105	5	97	16	182	104	246	79	102	97	21	101	156	51	62	34	123	162	95	155	52	77	135	99	69	102	88	87	67	159	54	129	211	29	46	74	132	105	9	114	406	120	163	41	65	221	120	64	74	132	42	100	39	130	143	82	99	22	29	118	244	122	164	27	25	28	45	94	24	135	6	135	170	166	99	50	67	31	86	48	34	18	35	28	127	150	129	153	157	76	12	333	28	83	16	27	72	164	96	65	67	65	42	22	44	37	74	69	64	155	110	59	71	96	120	244	132	127	49	55	81	113	204	71	125	189	55	103	48	46	85	87	21	99	284	130	11
C[C>G]C	75	58	92	81	20	51	6	55	71	110	61	49	63	15	87	79	42	44	15	135	92	32	81	29	76	130	52	76	62	68	54	23	67	34	68	98	24	45	40	126	93	16	60	377	87	86	20	53	114	80	64	71	89	41	64	18	62	156	39	81	23	30	84	229	59	69	16	27	14	32	69	19	94	11	61	132	97	54	23	28	28	95	26	33	19	44	29	73	120	100	111	26	46	14	123	13	53	17	15	64	99	64	48	41	39	14	19	27	35	31	22	57	84	73	59	50	61	97	159	122	82	30	31	45	69	56	42	58	162	29	83	16	27	79	47	18	77	140	49	14
C[C>G]G	23	32	42	14	7	15	3	24	24	43	24	30	22	5	56	49	13	30	4	80	56	18	43	12	25	50	42	13	20	22	25	13	23	16	44	64	11	21	41	69	39	7	29	280	38	34	5	59	54	37	53	16	40	15	33	10	42	54	15	31	16	13	64	240	16	37	11	11	10	8	16	12	33	4	41	59	55	24	22	22	11	35	7	20	8	9	9	28	36	39	20	20	41	8	52	6	31	5	15	19	43	33	20	23	14	6	8	19	22	22	12	24	45	34	18	30	29	32	75	49	35	18	21	27	37	22	23	30	142	24	31	6	22	52	30	17	36	58	16	4
C[C>G]T	154	147	184	147	10	131	22	149	145	300	83	97	120	41	175	232	92	89	34	191	156	89	207	71	87	195	112	105	116	129	99	81	216	76	165	283	46	69	111	140	147	21	136	566	138	197	42	92	303	147	88	90	171	65	137	65	221	263	114	131	37	39	163	373	153	182	47	22	35	92	154	35	174	15	196	211	240	111	55	72	38	109	55	36	39	91	42	160	190	146	157	177	95	22	385	41	95	16	32	112	185	122	109	93	94	42	29	53	64	88	76	115	224	132	113	103	133	167	310	189	155	55	63	88	160	200	115	158	252	68	174	59	58	146	95	35	180	330	164	17
G[C>G]A	53	62	75	22	21	55	12	49	90	93	34	39	51	14	56	65	53	28	9	77	80	26	92	43	57	82	50	45	51	68	58	34	59	37	52	100	17	30	44	72	103	14	59	198	77	80	15	47	106	89	49	59	88	31	49	26	54	121	27	67	23	24	40	106	78	78	26	40	5	28	58	14	74	7	74	102	69	63	26	27	24	63	19	28	17	29	25	60	125	45	125	52	48	13	130	15	42	8	11	78	73	72	36	54	44	25	11	33	21	33	22	51	69	83	58	61	46	93	197	120	115	33	25	48	55	69	50	60	97	51	61	15	22	52	44	12	57	112	61	9
G[C>G]C	66	38	70	15	43	54	5	38	220	197	45	36	48	13	138	44	81	30	8	177	52	36	246	22	171	129	55	53	39	58	69	19	104	32	99	98	16	31	30	95	146	14	87	301	91	93	21	39	80	91	71	48	130	34	58	89	60	109	34	61	18	82	82	279	197	47	55	66	8	70	91	13	75	11	53	118	53	68	21	55	76	172	24	31	19	103	16	56	205	56	111	20	40	11	126	17	49	12	23	186	94	57	29	86	49	19	12	67	42	66	33	51	39	181	154	159	68	159	163	182	341	66	25	66	84	50	93	54	226	146	225	17	24	197	76	13	172	116	66	10
G[C>G]G	17	10	36	3	12	11	1	8	13	21	8	12	10	3	34	21	5	19	0	51	25	7	19	11	15	32	11	22	10	5	17	7	12	7	18	21	7	10	18	18	24	5	13	83	26	26	6	27	26	18	10	15	29	7	9	4	12	33	7	24	5	7	11	36	17	19	3	7	2	2	10	5	22	1	35	36	21	13	4	8	6	20	6	9	1	9	5	12	26	14	19	7	15	4	28	8	16	2	7	12	27	19	14	6	16	5	2	11	9	12	0	22	12	22	10	29	12	34	46	21	21	12	8	12	26	15	10	7	25	14	22	3	20	11	16	3	15	37	12	0
G[C>G]T	97	66	133	22	29	82	11	79	120	204	76	61	65	28	109	118	80	37	24	150	114	50	148	47	91	130	72	55	86	82	73	47	129	65	99	169	26	51	60	72	192	16	118	226	85	85	23	58	175	100	92	68	137	37	66	59	148	167	62	101	19	55	77	139	143	102	50	69	21	39	118	13	80	17	97	170	156	98	26	53	56	102	25	41	21	41	23	99	142	53	112	95	86	18	193	26	71	9	30	104	125	86	55	54	52	32	19	47	41	75	36	49	124	165	87	110	94	130	237	160	252	50	40	72	86	110	68	87	181	109	91	35	33	80	68	25	109	147	108	8
T[C>G]A	2044	2388	1906	756	19	2423	241	6519	1530	7100	609	2215	1745	77	1213	5894	515	865	919	383	1881	2931	4709	833	214	726	1199	117	3149	374	1305	2413	5923	672	3871	6613	1100	733	2439	176	482	34	2492	1544	1106	3698	520	679	10031	257	1071	188	1156	172	2781	1550	6195	902	2195	482	494	287	609	1193	3175	5336	58	31	471	1278	307	41	2095	38	4271	712	4901	2285	1046	1336	281	234	96	82	89	263	314	4732	762	564	636	7133	1492	274	13368	941	897	27	504	645	3913	2024	1257	1116	1404	918	51	648	46	1400	2379	1248	6414	1433	197	673	2850	2571	1143	282	1476	664	1301	1543	2920	9368	2133	2876	2507	1639	1424	2205	639	1788	995	31	1830	10155	6480	25
T[C>G]C	504	516	467	188	17	499	49	1324	371	1478	173	480	399	38	285	1160	163	218	175	241	436	579	928	175	123	269	303	102	752	171	328	544	1260	170	811	1431	228	203	508	148	212	32	591	631	357	789	135	218	2073	146	295	128	355	70	616	271	1230	327	555	194	118	86	198	433	714	1049	52	23	98	289	128	36	496	28	876	300	1085	546	269	313	91	145	72	44	53	89	75	976	309	175	230	1458	371	56	2678	202	235	17	114	209	804	454	302	273	319	187	20	145	61	344	511	366	1397	370	92	185	589	589	468	171	399	144	303	387	687	1876	465	642	657	390	326	484	147	441	240	37	449	2173	1370	13
T[C>G]G	128	158	120	27	3	129	13	443	126	540	41	108	71	3	65	307	39	62	31	63	115	130	217	35	18	48	81	11	135	24	61	104	213	43	187	439	77	38	169	35	38	2	148	203	65	155	26	63	655	28	65	18	82	19	188	84	411	60	108	38	26	15	47	175	149	234	12	4	27	50	26	7	83	2	173	53	213	123	82	65	13	20	8	13	4	17	22	216	58	58	42	270	106	11	817	36	50	0	18	37	170	161	43	52	76	34	5	47	15	71	94	61	301	81	24	46	173	169	85	36	89	47	53	74	183	732	82	191	229	85	85	79	48	109	79	9	84	446	361	6
T[C>G]T	2055	3072	2744	912	81	2645	357	6634	1559	8866	720	2673	2229	118	1380	6931	667	985	1213	767	2473	3509	5566	1086	310	1178	1663	229	3456	504	1556	3024	6647	915	5037	8746	1256	962	3172	261	699	51	3195	2143	1418	4197	701	863	12077	462	1464	284	1526	279	3419	1527	8599	1172	2738	636	701	388	763	1510	3537	6996	156	140	644	1603	612	81	2344	63	5096	962	7326	2895	1419	1814	394	344	224	112	161	387	350	5729	1137	567	791	8975	1881	311	15197	1286	1180	55	762	893	4128	2470	1644	1446	1666	1024	94	814	96	1957	2842	1669	7694	1605	366	910	3696	2670	1496	473	1707	818	1683	2144	3456	10286	2742	3107	2865	2112	1647	2808	927	1980	1392	81	2351	12468	8343	66
A[C>T]A	262	245	476	84	3014	265	61	146	299	454	233	328	226	99	363	509	173	234	55	299	430	186	503	216	280	406	218	200	209	167	196	161	350	162	298	469	137	228	213	357	376	86	335	1017	549	642	194	396	406	1465	367	189	250	248	420	114	398	301	242	188	145	174	339	673	229	371	140	3450	96	121	264	98	445	85	465	290	515	336	130	187	158	326	124	157	116	88	137	327	721	306	683	368	215	107	563	133	277	74	90	203	393	401	191	200	310	116	110	236	197	217	153	288	336	205	262	465	240	3289	427	386	228	239	252	200	291	296	234	171	540	204	386	141	239	233	253	78	218	842	268	64
A[C>T]C	142	110	180	50	383	134	30	74	137	197	153	136	121	61	209	225	83	98	26	151	183	80	217	91	139	238	117	118	116	85	83	71	178	91	138	200	68	130	104	217	164	38	151	513	286	295	91	198	155	392	180	63	134	123	223	39	166	157	101	92	64	83	182	399	135	185	80	569	61	64	111	58	223	44	191	126	225	142	71	91	73	174	60	68	62	48	68	150	347	144	314	134	75	53	194	48	154	34	56	135	215	189	75	107	157	77	57	141	92	113	66	127	138	123	142	233	118	913	184	206	130	145	118	106	169	106	96	80	216	95	239	49	145	111	139	42	120	405	101	37
A[C>T]G	303	341	298	220	6961	317	213	264	256	659	354	304	324	288	341	433	186	319	183	414	293	373	343	255	274	416	388	197	186	192	275	204	291	444	332	448	202	308	269	375	388	128	543	560	291	455	318	289	338	1050	295	184	246	334	344	315	433	201	323	203	429	237	342	479	385	272	644	10486	318	218	1002	287	298	188	349	379	425	480	247	255	234	299	167	390	776	262	306	282	570	263	282	318	201	317	403	231	345	229	185	299	470	439	203	373	239	396	303	236	293	309	187	359	277	260	383	357	232	4948	451	272	278	244	227	387	496	329	356	388	581	408	409	291	543	292	259	86	302	404	303	170
A[C>T]T	159	216	412	57	449	179	33	94	206	312	235	193	174	77	274	270	119	170	44	235	262	129	325	147	175	320	184	132	142	139	132	97	191	113	200	280	93	150	144	218	262	51	228	758	379	388	140	204	277	474	271	134	182	176	255	69	251	314	138	185	83	97	300	471	144	246	131	500	85	70	168	91	298	62	349	185	287	210	100	151	91	211	87	112	85	60	98	243	434	244	323	179	145	65	292	87	195	53	67	159	263	249	150	139	160	83	64	168	135	167	89	200	194	142	199	283	165	762	408	239	157	177	152	101	160	179	127	100	383	134	276	59	165	128	187	62	183	519	154	46
C[C>T]A	308	300	379	115	356	356	39	235	375	736	181	424	250	64	568	737	206	212	67	296	513	246	849	189	245	485	218	168	256	153	204	214	640	188	488	716	161	283	320	314	412	72	352	1340	816	984	244	339	535	542	364	177	321	314	535	184	476	228	289	141	146	364	415	1012	307	552	121	501	99	181	196	72	601	48	427	170	771	326	147	239	353	288	96	101	75	167	142	442	747	364	645	736	210	98	756	111	349	56	108	264	693	476	170	239	404	105	93	363	198	264	215	391	453	297	445	809	335	707	338	441	330	373	349	246	594	524	507	152	705	220	804	187	196	316	306	53	426	1562	412	46
C[C>T]C	188	208	254	82	347	789	49	70	396	1504	180	281	173	62	1206	473	930	148	54	350	342	136	700	160	260	365	343	136	137	252	220	93	1199	146	632	304	98	220	218	254	700	56	333	1138	946	638	244	290	215	525	252	120	181	282	406	296	217	151	139	88	76	1016	327	1366	415	278	286	611	79	855	130	78	481	73	226	141	387	294	95	465	998	287	90	99	67	2263	110	277	875	188	415	222	124	60	592	91	293	77	55	375	641	412	99	300	383	103	79	634	265	546	181	368	246	471	1005	1880	251	971	233	574	621	646	295	882	1699	195	1186	110	429	166	2844	95	165	279	558	53	953	877	176	50
C[C>T]G	223	274	246	158	4445	273	151	203	262	537	223	273	223	179	350	445	180	233	122	292	251	244	355	190	204	388	246	126	160	151	225	139	288	318	313	447	119	194	267	285	298	81	374	567	390	494	273	274	270	803	232	112	190	276	329	215	384	149	198	154	225	273	225	522	272	293	385	7296	222	150	662	188	352	87	269	225	436	320	193	186	252	208	94	209	508	185	179	255	491	196	191	323	153	242	411	152	219	123	101	246	362	397	149	347	269	204	182	202	209	236	160	296	252	217	313	403	215	3133	277	245	236	211	205	311	367	335	336	268	537	262	424	194	395	240	254	73	268	678	289	108
C[C>T]T	261	351	434	129	389	632	56	174	475	1393	236	388	214	112	1258	628	717	219	69	419	519	161	886	204	272	532	384	182	187	240	257	170	1290	188	725	506	149	266	279	316	674	72	455	1412	1190	943	272	346	421	561	352	203	352	398	487	346	400	274	213	165	128	939	429	1358	348	470	371	568	100	580	198	79	674	61	362	182	587	417	113	456	938	306	107	122	86	1758	140	365	980	359	508	438	184	93	697	121	357	84	106	354	917	492	175	298	451	141	99	629	287	537	209	515	335	448	1001	1891	378	843	372	496	581	654	351	575	1473	302	1347	152	632	227	2524	138	216	291	531	81	987	1264	315	58
G[C>T]A	222	165	249	59	1643	178	46	141	260	395	203	222	196	57	272	320	148	156	46	239	248	134	433	165	261	319	164	127	184	139	135	135	320	98	233	365	128	146	136	253	438	68	242	652	257	441	107	209	361	861	244	96	195	140	304	170	261	180	170	182	99	147	236	595	222	315	165	2003	68	102	173	59	287	58	274	192	343	234	100	168	139	283	98	101	68	83	88	253	467	193	462	338	153	90	411	93	182	47	83	257	419	232	148	149	186	100	79	198	168	212	115	222	254	251	257	403	173	3220	290	378	331	214	161	192	239	279	240	147	418	225	277	87	159	200	199	55	219	680	239	43
G[C>T]C	182	158	215	55	1312	190	54	69	260	301	226	156	168	63	242	246	119	134	36	184	216	107	301	106	217	218	123	115	127	108	121	85	206	104	210	272	88	88	131	195	286	47	212	574	231	300	119	239	226	1207	213	115	157	121	219	127	177	149	117	103	80	155	226	760	207	195	128	2263	50	151	218	56	304	55	246	157	239	173	73	120	141	237	82	93	71	148	79	170	419	146	316	193	103	93	292	77	115	62	124	207	321	207	96	138	158	109	72	186	182	134	128	196	169	226	182	363	136	7626	198	259	272	188	145	189	227	193	157	96	379	149	329	86	206	213	196	39	268	422	145	47
G[C>T]G	258	292	285	194	6223	247	209	215	250	567	335	252	278	219	342	388	169	259	149	329	270	284	287	204	252	301	271	168	164	161	241	148	234	397	269	456	155	266	235	311	292	102	490	419	223	400	291	277	247	1570	289	106	195	243	336	286	369	149	270	146	313	206	207	463	427	242	466	9627	318	201	1012	209	321	113	303	333	336	438	197	205	199	286	109	316	628	183	257	248	568	171	190	300	162	317	403	206	288	176	144	242	407	364	155	354	234	311	249	187	281	250	143	274	292	299	280	291	183	19350	352	260	345	187	165	381	364	330	269	279	556	319	317	245	565	246	255	82	287	385	298	150
G[C>T]T	201	216	234	57	903	169	54	91	254	287	242	177	163	74	254	320	108	160	44	199	265	103	319	132	206	304	171	125	130	115	117	101	199	119	223	268	99	113	121	188	284	63	208	588	273	328	123	211	268	682	217	95	161	132	248	99	225	187	112	111	73	140	262	458	191	221	123	1383	75	74	192	67	260	57	245	194	265	200	79	124	136	229	70	103	65	81	84	211	360	161	307	244	125	88	284	89	129	53	125	197	396	219	117	154	197	106	82	189	169	150	123	223	164	213	181	290	164	4642	247	267	278	204	174	144	226	220	161	93	365	146	220	111	188	133	200	46	228	462	149	42
T[C>T]A	1755	2198	3877	996	348	2979	509	4857	1460	7600	810	3813	2576	110	1709	7360	487	1839	830	352	2989	3727	8010	1334	394	1282	1259	171	3067	360	1355	3921	7608	633	5576	10802	3128	1476	4053	406	723	157	3530	9044	1762	9199	849	1144	10386	711	2548	296	1982	304	4431	2125	9158	784	3685	491	1013	485	1717	13553	2830	7523	175	533	1478	1842	350	90	2906	102	5923	557	10180	3186	1723	2885	484	429	209	192	253	350	628	6517	1672	2524	1177	16397	2087	979	11506	1469	1627	84	1100	921	6985	2042	1721	1764	2039	820	221	2222	196	3072	3466	2101	8486	1690	332	1755	3640	3972	1372	462	1732	2508	2266	2916	4140	10324	5569	2029	10166	2742	1709	3058	994	3830	2171	121	2328	16028	9694	61
T[C>T]C	534	563	971	240	442	704	159	900	469	1762	261	938	631	111	571	1628	190	543	198	288	806	753	1892	364	249	581	476	187	605	182	365	765	1533	220	1202	2292	618	388	929	292	362	123	853	2264	616	2110	244	507	1969	589	862	156	652	185	1040	462	1932	327	799	235	310	235	499	3453	632	1551	153	644	360	457	252	86	772	90	1276	253	2208	737	355	600	235	268	163	133	118	223	216	1298	761	555	619	3329	584	270	2290	362	430	65	266	397	1698	576	393	440	627	208	120	703	148	637	752	614	1697	531	289	722	800	1987	495	331	583	751	546	694	1016	2083	1295	490	2108	672	689	612	379	901	601	74	701	3476	1818	52
T[C>T]G	328	357	523	192	2508	429	185	804	311	1280	261	609	335	162	298	1080	137	350	177	194	472	590	897	199	163	268	285	92	361	93	328	392	851	269	745	1481	479	292	635	173	211	71	655	1112	303	1106	239	291	1333	448	354	81	277	137	694	407	1373	142	476	121	270	170	324	1678	452	918	258	3978	367	234	489	136	395	64	723	201	1050	598	328	334	158	185	78	157	317	156	203	749	418	435	195	2000	333	366	1607	284	319	77	178	290	997	426	228	374	308	237	138	371	137	372	437	344	1012	267	155	320	522	2533	277	149	279	398	350	477	535	1653	713	370	1454	405	365	396	381	575	363	39	426	2070	1259	79
T[C>T]T	837	1167	2422	494	484	1508	277	2391	817	4307	474	2162	1283	123	1075	3769	333	1115	491	390	1697	1830	4562	747	332	883	874	176	1305	272	800	1789	3685	401	2887	5903	1609	831	2264	356	596	149	1887	4751	1212	5332	497	764	4965	759	1578	214	1260	277	2487	988	5064	561	1792	310	655	422	942	7203	1421	4021	164	677	884	791	311	98	1669	80	2964	336	5160	1709	923	1394	423	386	178	193	190	267	393	3205	1176	1283	986	9135	1201	585	5312	756	907	76	625	697	3936	1226	895	1014	1187	431	181	1458	213	1524	1708	1224	3966	896	369	1218	1975	2702	820	453	947	1611	1224	1448	1988	5018	3031	1001	5116	1371	1050	1437	674	2000	1370	103	1422	8391	4818	53
A[T>A]A	147	88	205	25	115	87	15	85	114	157	130	124	77	38	168	169	94	108	13	129	166	58	172	71	160	261	106	128	80	72	82	39	132	87	88	172	32	83	66	215	186	45	182	386	192	188	83	143	96	336	128	90	142	104	160	46	102	136	72	82	56	60	182	253	114	118	85	332	21	83	136	50	183	53	115	114	158	174	40	70	64	178	38	53	44	94	215	127	305	100	373	43	63	28	199	51	95	39	42	111	130	151	66	75	116	58	35	71	85	80	42	99	75	103	148	149	138	545	192	150	134	75	79	87	116	60	107	68	219	63	239	39	131	77	105	35	179	243	63	35
A[T>A]C	77	52	105	24	105	49	22	33	151	144	74	50	50	20	130	69	57	58	24	131	75	44	227	44	87	96	68	40	33	53	50	31	67	69	49	95	36	36	36	103	123	34	118	229	71	84	40	70	84	218	76	53	74	40	74	90	70	105	60	65	32	51	58	154	95	50	108	291	17	32	91	42	69	29	69	90	90	115	32	64	49	101	31	53	32	43	138	50	188	64	161	36	56	21	81	37	51	22	33	197	110	68	51	62	44	30	22	49	53	69	21	34	61	84	100	124	63	935	118	138	113	50	33	51	57	35	69	35	107	57	85	16	78	59	50	23	111	89	52	75
A[T>A]G	82	92	163	36	33	50	13	46	111	104	78	94	64	25	149	123	50	84	13	100	138	50	138	51	99	201	83	74	52	70	53	36	73	62	61	92	33	56	52	142	116	47	144	296	155	126	53	104	83	191	92	79	108	81	102	37	101	136	52	74	38	39	99	189	91	80	47	83	16	41	103	39	155	23	102	113	122	133	37	49	37	110	36	59	38	51	58	117	222	97	256	27	55	29	145	43	76	30	33	80	80	102	64	72	80	34	32	84	56	55	24	79	63	53	93	113	77	152	180	123	69	89	74	57	114	45	54	56	128	62	142	29	43	47	68	26	112	196	49	48
A[T>A]T	130	139	256	61	649	124	27	80	184	233	149	119	119	36	157	165	107	161	22	222	204	124	219	89	156	237	210	119	105	83	114	83	157	96	137	303	91	104	66	175	230	50	264	769	185	196	85	208	192	611	197	134	260	109	228	91	193	202	122	130	109	83	182	321	164	102	143	1162	44	70	259	79	196	43	215	192	173	266	77	92	88	207	49	117	81	107	241	146	472	84	376	84	95	50	217	88	145	39	55	187	160	150	91	129	102	84	69	104	83	123	51	107	130	139	162	153	132	1641	241	237	168	105	96	145	150	84	140	91	245	112	234	62	258	113	146	67	282	179	119	41
C[T>A]A	78	44	110	15	15	56	7	37	239	292	64	62	44	17	332	123	141	43	9	140	145	39	441	25	129	256	88	87	45	74	66	15	123	32	106	102	17	54	51	126	204	15	134	275	234	173	44	71	87	175	86	75	118	62	93	134	61	151	42	48	37	163	102	126	113	75	185	59	15	83	84	35	162	16	75	110	117	144	28	133	163	129	26	44	31	145	31	102	288	55	196	23	38	5	120	26	71	23	14	260	140	105	46	79	83	28	12	80	102	150	18	85	67	136	196	331	74	118	225	226	247	82	50	55	247	19	191	47	131	57	335	14	33	104	128	24	299	215	44	16
C[T>A]C	74	49	123	25	137	56	7	29	165	241	87	46	45	30	228	75	141	53	10	117	90	35	337	38	98	184	96	89	82	72	82	30	81	35	104	89	73	39	54	133	210	15	143	292	161	132	32	73	206	192	88	74	168	46	65	109	52	173	57	118	33	178	62	148	140	57	105	266	18	149	168	42	98	23	60	156	112	158	25	108	166	116	40	37	30	127	43	96	276	50	196	28	39	21	121	55	49	26	32	256	102	85	62	79	78	29	25	98	86	131	18	84	55	125	195	226	60	445	249	231	202	98	51	58	231	29	188	53	119	53	239	25	40	109	112	24	176	125	48	32
C[T>A]G	101	76	96	39	18	80	8	26	275	304	96	76	62	34	297	138	137	70	11	133	161	36	451	32	172	315	79	117	63	84	98	27	116	48	121	85	48	67	39	195	286	26	134	389	284	202	61	114	124	217	99	99	148	86	94	128	84	148	46	93	28	201	118	224	192	79	162	77	23	97	85	42	195	19	92	148	150	130	31	128	194	179	35	51	24	201	39	111	269	99	292	26	26	20	182	33	83	23	23	269	161	152	48	96	88	26	26	122	136	152	30	105	71	141	255	353	101	128	252	309	237	126	52	42	253	35	156	58	160	93	368	24	26	139	140	31	326	274	48	26
C[T>A]T	92	87	207	35	46	105	31	52	365	385	153	88	92	34	373	190	211	77	11	170	138	60	430	83	167	307	123	108	187	107	136	34	200	85	149	128	122	72	31	148	344	25	186	340	314	287	62	90	418	185	183	77	418	85	129	222	100	309	84	143	44	276	106	209	257	76	214	109	26	292	276	65	204	26	104	228	190	188	47	173	278	194	45	87	58	330	58	154	422	69	162	35	45	31	229	97	88	37	60	412	188	128	102	165	167	36	31	171	131	203	41	150	86	192	335	447	138	234	389	353	335	180	56	75	465	56	321	90	158	84	422	27	52	197	232	34	310	231	74	44
G[T>A]A	59	42	72	13	19	41	1	15	83	72	48	53	51	11	101	77	38	49	9	54	104	19	90	26	66	123	42	35	22	45	43	17	45	33	35	64	18	40	21	111	75	14	66	242	98	116	29	48	53	109	55	43	74	36	63	22	32	89	29	43	18	27	98	166	37	37	22	67	10	23	40	37	108	10	46	73	80	65	19	24	29	76	25	27	22	26	41	70	137	72	138	17	23	5	76	17	50	13	11	41	54	68	30	33	43	16	23	36	35	33	5	49	50	40	50	73	54	128	139	70	53	42	49	35	57	23	26	27	89	25	106	12	34	29	43	17	59	129	20	8
G[T>A]C	46	30	62	8	57	30	10	15	70	57	50	38	28	13	75	34	35	37	11	70	45	28	84	23	48	65	28	33	32	34	28	15	26	22	30	46	22	21	21	84	59	11	65	191	64	61	12	48	65	128	38	27	64	27	37	49	32	77	28	43	12	25	43	89	35	21	56	169	7	13	56	22	58	22	49	77	40	63	12	22	24	57	11	25	15	22	48	34	110	57	73	14	18	12	47	24	25	13	17	73	46	35	41	44	27	16	13	32	31	25	21	25	18	39	56	54	30	512	85	112	66	32	25	15	39	25	33	23	67	30	63	6	25	42	48	10	54	38	25	18
G[T>A]G	72	47	76	14	95	37	8	12	72	73	56	55	39	21	116	74	27	51	5	52	87	21	104	20	80	152	58	61	35	38	38	22	50	33	43	56	22	53	37	141	64	30	77	290	138	138	38	60	73	166	62	56	88	44	70	15	52	114	26	58	22	28	93	171	30	58	25	173	8	22	54	23	103	16	57	110	91	67	17	30	24	88	18	38	15	25	20	69	147	67	161	12	31	8	119	19	51	11	11	45	66	89	35	40	54	15	18	30	59	26	20	38	42	36	56	87	42	204	143	83	53	27	56	40	66	26	29	27	101	18	94	7	29	40	42	24	65	127	24	19
G[T>A]T	59	53	105	25	69	42	10	31	79	85	82	40	75	36	107	76	31	73	14	87	88	28	84	32	77	149	63	66	65	62	54	22	41	47	46	90	46	39	31	102	105	21	107	254	81	109	34	75	137	148	92	38	118	46	78	41	69	162	37	78	24	22	73	142	53	51	40	117	18	30	108	40	82	25	70	110	90	107	22	33	22	95	24	44	23	20	108	91	207	60	92	21	41	16	93	44	47	23	22	86	76	80	70	50	50	20	19	33	47	36	19	58	62	46	74	63	65	220	225	114	64	34	34	32	65	34	35	53	88	43	97	14	60	42	55	11	51	95	35	20
T[T>A]A	153	110	215	46	300	128	32	94	272	393	148	124	87	46	193	197	126	124	27	199	163	111	150	77	150	307	305	101	98	79	120	59	122	136	182	336	64	105	77	202	208	47	215	522	209	238	105	177	147	337	215	121	211	114	243	97	159	151	102	105	214	86	178	254	153	104	103	600	44	69	240	64	218	37	220	226	175	198	65	74	87	173	43	94	91	103	186	174	387	122	274	66	93	48	247	52	151	42	55	165	185	188	78	99	104	60	57	66	102	91	34	110	132	118	157	159	117	930	240	193	169	70	77	133	164	112	121	104	194	129	238	53	173	108	108	41	214	241	163	24
T[T>A]C	87	41	104	14	28	45	7	20	98	72	60	40	50	21	84	50	34	49	11	92	77	36	117	28	74	152	67	81	59	48	44	21	33	40	48	74	32	31	26	102	113	20	84	198	69	100	18	57	111	120	59	63	90	46	47	43	67	121	36	65	19	23	62	88	45	50	48	69	19	25	68	28	63	13	69	112	89	78	24	40	20	89	27	42	22	26	125	65	152	63	151	24	28	13	87	27	41	16	31	94	92	56	52	49	58	27	14	31	36	46	16	67	49	54	67	51	57	247	152	143	65	29	35	28	43	33	37	45	95	36	55	7	44	52	44	27	55	97	36	23
T[T>A]G	71	38	80	21	15	53	8	26	97	79	55	55	36	23	111	89	25	46	8	69	85	24	113	27	87	186	58	70	36	47	39	17	74	26	46	60	25	50	32	113	73	25	82	223	126	113	34	67	68	136	59	69	75	47	62	22	53	95	37	52	17	25	88	127	49	64	39	53	17	33	48	26	110	17	65	76	67	78	21	30	23	101	29	32	19	32	26	64	119	97	152	13	27	14	97	31	66	12	15	57	79	72	37	51	70	17	16	38	40	40	13	64	38	42	63	94	67	86	131	92	52	39	50	43	68	37	40	33	89	25	118	10	31	43	58	20	110	170	28	15
T[T>A]T	148	108	264	38	358	98	43	75	243	219	176	121	146	61	206	205	93	155	18	200	173	94	203	83	180	377	185	171	124	115	129	64	116	108	109	230	98	87	61	216	244	41	253	445	238	290	86	158	298	327	176	144	247	108	188	74	163	267	97	159	63	69	157	233	132	121	117	1025	47	78	264	89	198	37	170	262	221	254	56	100	76	220	88	99	81	88	649	157	414	111	237	63	102	52	207	92	111	44	89	212	188	171	141	153	120	62	46	97	89	125	63	139	111	131	130	127	146	1361	387	296	173	97	68	97	149	78	128	100	220	98	209	42	245	104	109	66	187	229	86	37
A[T>C]A	265	394	659	86	606	354	62	178	635	667	249	565	190	99	1341	950	153	265	80	330	815	173	841	217	316	900	430	221	135	169	173	93	557	225	304	466	107	532	287	518	315	84	471	2848	1403	1099	462	286	315	1082	246	269	349	622	646	84	287	286	278	176	148	219	1535	1220	478	399	225	1232	57	298	305	105	1053	79	486	326	449	436	105	177	219	358	91	131	142	83	576	552	588	555	268	109	164	62	910	132	628	74	100	300	662	867	116	192	539	169	153	315	275	206	128	474	353	295	654	635	398	1641	334	324	337	321	492	245	511	168	152	220	739	138	1250	98	287	199	255	91	298	1468	160	59
A[T>C]C	77	81	158	29	158	74	16	49	128	186	103	77	54	40	130	109	58	74	13	145	102	52	183	52	81	166	155	66	49	49	62	35	69	73	90	128	41	41	68	153	158	32	133	741	139	121	52	62	195	273	97	66	143	58	119	63	93	131	67	72	66	44	226	379	99	84	98	331	30	50	111	56	131	17	125	139	78	113	31	41	42	113	26	62	51	34	271	95	162	167	97	28	58	23	130	39	65	30	28	136	104	108	44	72	73	24	33	62	58	56	29	80	80	90	82	97	78	542	188	143	124	62	37	75	88	43	64	88	257	61	131	42	124	70	72	45	112	137	70	14
A[T>C]G	173	237	227	51	459	186	35	86	298	379	181	254	99	62	605	405	99	159	49	211	400	80	440	116	208	512	260	162	95	128	102	48	300	138	167	258	82	253	142	289	211	73	210	1960	609	477	215	153	207	760	157	180	208	287	361	52	167	142	152	97	90	117	866	817	236	252	93	880	37	106	152	62	520	37	267	208	211	196	60	94	111	261	59	101	81	45	122	226	283	308	180	69	92	47	540	67	295	50	42	185	285	417	81	145	269	97	105	190	161	122	73	214	191	216	294	362	210	850	218	198	232	190	232	167	249	101	106	120	433	69	541	62	112	123	187	74	189	720	105	48
A[T>C]T	211	259	479	58	187	184	51	155	364	348	207	261	145	88	553	361	122	209	56	293	396	136	399	137	232	499	286	199	134	158	129	94	259	178	180	331	89	251	175	317	297	85	296	1182	500	534	238	185	303	398	230	171	292	278	341	84	227	269	219	149	98	128	563	696	309	217	227	353	46	183	263	108	492	60	296	275	218	262	97	139	121	289	84	122	102	70	822	306	439	326	205	93	123	56	415	113	294	66	63	233	343	385	126	159	263	126	92	190	163	171	82	237	249	240	301	272	212	594	359	320	270	190	174	180	250	123	112	213	573	122	464	75	377	149	172	91	205	548	114	78
C[T>C]A	93	127	155	23	264	126	15	60	260	269	130	213	62	37	488	358	93	88	21	153	262	58	342	52	141	409	176	88	80	87	70	28	202	69	106	177	75	198	73	189	158	48	141	1166	617	442	145	111	258	548	120	124	185	212	187	59	108	130	84	79	61	100	343	411	204	157	59	467	21	91	150	34	403	21	185	205	178	129	45	74	95	160	52	47	47	55	45	189	239	177	153	45	60	27	289	64	229	35	29	152	248	306	51	82	216	48	37	109	111	85	32	183	123	174	250	223	174	617	239	163	227	111	145	79	216	52	72	88	262	39	523	27	78	66	110	37	165	582	58	21
C[T>C]C	81	84	148	29	208	75	17	45	130	200	114	61	60	23	139	100	90	72	13	191	81	45	245	51	124	176	142	76	180	68	83	43	90	69	84	155	219	58	59	116	213	31	98	827	127	199	40	76	585	312	122	71	489	95	128	62	84	209	48	113	43	83	132	234	151	55	70	301	21	46	314	42	159	16	88	224	108	101	22	48	80	156	40	72	61	62	41	96	203	110	124	34	59	32	107	112	80	26	42	300	113	81	55	89	110	22	31	111	59	59	19	93	75	174	143	108	86	514	331	177	306	117	43	62	115	48	168	99	189	66	143	21	48	90	114	42	163	118	74	18
C[T>C]G	91	117	144	30	446	99	16	59	186	232	112	94	69	33	266	180	83	62	20	191	168	56	299	71	148	309	170	97	136	67	76	35	117	68	117	157	129	100	69	192	198	34	140	1364	283	259	79	104	531	703	156	120	310	115	166	54	114	143	79	74	58	84	333	404	169	94	73	767	24	46	169	30	239	16	134	169	118	132	30	49	72	200	40	55	50	65	44	138	174	162	148	32	62	29	214	84	134	37	32	236	148	174	41	82	176	40	30	105	79	64	30	112	81	186	158	184	124	848	193	196	264	108	105	93	140	59	126	74	237	51	226	29	59	82	136	46	191	300	79	26
C[T>C]T	130	146	296	25	345	156	17	95	284	391	224	140	83	42	326	258	166	121	17	277	241	67	527	94	189	342	259	112	447	108	106	79	354	68	200	339	342	127	74	210	277	31	204	1011	382	445	95	146	1462	486	313	135	1314	152	251	124	118	287	139	83	76	137	269	339	273	110	138	780	29	131	373	50	353	20	168	215	159	167	43	112	132	234	49	67	84	218	78	257	374	164	250	46	67	20	272	292	175	44	93	585	213	206	73	125	292	44	39	219	100	158	28	172	137	277	253	250	200	967	277	301	454	224	89	90	236	76	506	138	294	90	622	37	76	145	261	41	462	325	130	32
G[T>C]A	131	151	147	36	411	139	32	67	277	302	120	180	84	40	440	289	66	86	17	147	248	88	297	86	140	364	168	109	76	75	84	36	215	91	125	226	52	199	113	273	181	52	204	1502	478	373	152	105	197	822	142	108	199	220	260	49	116	150	102	69	66	89	719	691	170	161	70	974	39	57	161	31	396	41	225	201	171	178	32	65	81	166	45	64	73	36	67	170	289	232	134	69	69	30	349	44	222	43	43	151	236	321	46	64	192	85	54	113	135	77	40	180	151	165	226	273	134	1309	163	152	190	112	170	120	205	69	58	116	382	48	381	39	109	86	108	50	145	512	73	36
G[T>C]C	57	48	74	19	175	52	7	42	156	193	68	40	53	25	134	63	103	41	8	120	72	39	204	33	94	92	96	41	76	36	53	29	84	52	89	97	50	39	42	115	146	31	114	513	91	87	38	63	225	347	78	52	166	39	74	91	68	103	62	50	42	65	122	274	230	58	97	370	22	57	140	32	126	14	88	174	46	103	31	53	61	120	20	55	44	82	42	73	170	113	72	38	29	18	78	48	61	18	35	187	68	65	25	63	70	35	31	65	55	61	24	77	80	135	126	127	48	1240	140	195	204	65	24	92	129	37	78	65	229	68	130	23	67	124	82	16	164	80	42	18
G[T>C]G	77	81	94	22	346	71	15	43	120	179	84	90	56	14	181	146	60	52	10	139	143	54	189	44	157	250	103	63	168	48	50	33	96	66	72	131	65	68	53	147	110	32	135	1036	170	162	69	73	195	762	109	88	157	106	107	31	74	100	72	46	46	72	346	428	110	91	38	731	26	33	152	31	206	22	107	162	74	128	38	36	55	183	36	56	50	31	28	96	148	158	106	36	57	14	199	33	87	28	24	99	121	127	32	168	95	40	48	93	71	43	28	99	93	111	112	198	66	1120	150	108	138	97	83	85	106	74	88	62	240	46	119	28	78	61	93	37	119	233	65	22
G[T>C]T	92	116	163	38	201	93	23	76	190	194	135	112	81	54	202	150	53	82	24	177	200	69	206	65	129	251	111	105	106	68	45	46	130	81	99	185	71	99	92	191	187	69	197	803	217	196	63	111	293	488	143	97	226	123	154	40	100	153	89	72	65	58	350	441	126	120	84	590	31	42	185	44	239	32	140	214	108	176	38	61	60	168	42	80	66	45	109	146	225	166	110	63	58	32	198	62	124	31	49	183	176	165	53	86	137	64	46	102	89	72	36	112	131	126	139	127	107	811	221	167	164	103	73	113	121	68	91	109	290	51	168	38	118	98	100	50	108	275	55	39
T[T>C]A	141	190	167	44	358	163	26	92	339	302	137	221	88	35	518	395	91	116	25	226	353	123	494	107	162	517	210	150	151	92	78	57	262	115	147	250	77	222	128	212	181	46	268	1054	584	532	144	145	223	584	131	149	208	282	268	57	181	162	98	93	66	102	602	503	198	200	97	555	23	108	201	42	433	28	270	405	214	265	47	80	97	193	61	82	90	70	124	246	305	273	169	66	85	27	400	68	247	40	96	197	323	334	63	84	263	76	54	138	111	101	50	245	151	207	295	297	174	867	286	205	248	139	169	133	218	72	118	129	412	70	507	47	114	89	156	65	182	680	82	23
T[T>C]C	99	88	140	25	350	88	14	48	141	208	101	70	59	31	133	95	61	63	27	177	114	86	173	54	127	226	162	77	116	66	77	43	83	73	83	185	82	72	45	96	150	20	166	541	118	148	46	71	274	380	111	83	187	71	119	74	123	160	98	67	65	46	133	273	155	76	63	726	38	38	166	44	143	25	131	239	90	135	49	37	42	150	39	84	62	56	70	116	195	123	120	56	71	39	129	53	94	28	53	183	115	89	53	79	78	52	37	68	79	51	38	100	104	150	103	84	91	1552	212	157	190	70	33	109	70	68	64	97	253	69	109	26	76	78	77	41	124	122	65	20
T[T>C]G	73	90	114	24	330	84	14	47	123	131	75	91	40	19	199	154	56	76	21	166	167	50	229	43	142	411	115	56	254	48	51	31	125	71	64	144	61	114	73	168	81	46	98	651	174	174	69	75	192	399	90	85	123	127	136	39	82	77	44	45	30	101	288	290	100	84	41	433	21	36	110	21	195	19	125	157	87	74	25	57	89	177	33	42	37	25	31	86	178	136	92	51	49	26	188	33	125	22	51	114	138	136	46	251	138	35	35	64	81	62	24	99	83	93	144	271	84	695	147	118	104	69	89	91	112	90	117	55	182	40	167	30	55	67	107	35	87	240	53	20
T[T>C]T	181	163	249	51	1484	148	39	118	239	220	180	153	114	58	293	237	106	157	26	258	264	109	280	88	200	388	178	128	143	112	104	61	169	115	131	310	145	141	111	211	254	62	279	702	271	342	120	141	387	689	148	134	328	139	251	69	161	191	120	120	79	96	347	419	195	138	205	2750	38	83	286	70	297	43	225	280	158	247	59	76	89	245	64	108	92	90	509	168	289	168	167	65	127	44	260	108	183	44	94	230	241	228	84	153	170	72	56	151	132	97	54	141	133	202	162	213	164	3537	282	279	244	148	108	153	184	113	120	129	338	98	264	59	306	112	136	69	209	353	130	52
A[T>G]A	66	53	127	12	15	56	6	41	75	88	57	32	35	16	51	66	66	40	18	124	50	52	70	35	58	144	67	58	54	49	34	22	52	28	48	113	32	36	34	74	97	15	77	181	57	86	20	42	95	89	76	61	93	39	61	20	66	70	34	40	24	19	74	102	78	33	32	35	6	37	131	18	81	46	69	203	66	77	26	20	20	63	29	23	42	45	51	59	109	68	138	23	29	11	65	20	45	8	49	93	97	51	40	29	34	15	16	41	41	30	18	50	47	51	58	48	77	81	115	109	74	40	22	40	72	25	76	49	154	19	59	19	46	50	42	29	105	74	28	18
A[T>G]C	15	20	41	8	16	20	5	17	40	43	19	17	20	7	37	20	25	18	2	43	14	12	55	8	24	49	24	34	22	32	21	7	22	21	25	36	41	16	13	40	40	8	24	81	16	41	10	28	139	70	30	32	75	11	25	12	30	41	18	18	17	8	24	72	30	17	17	43	5	7	32	10	39	13	27	66	22	17	10	17	8	30	28	21	8	12	19	21	46	22	64	11	14	4	27	27	20	3	18	76	31	18	10	15	23	2	10	33	15	19	9	15	13	24	29	46	26	73	57	60	37	27	5	23	15	18	24	19	84	14	34	11	18	31	17	16	44	37	7	8
A[T>G]G	68	48	112	12	28	40	7	21	53	73	53	49	36	18	61	43	49	33	4	107	54	22	90	38	71	77	65	69	40	53	41	18	46	39	36	72	23	28	33	73	91	17	54	194	63	59	16	51	116	99	60	52	86	33	33	19	51	113	31	37	31	12	68	102	45	42	36	37	16	22	56	14	43	13	49	90	49	51	16	35	11	87	24	25	14	29	23	52	118	61	143	13	52	6	43	30	36	10	13	72	50	34	44	34	40	18	10	32	26	40	7	32	56	33	46	46	55	83	154	107	44	31	18	13	48	22	38	49	105	27	38	7	23	40	33	20	67	54	27	15
A[T>G]T	79	69	145	20	44	69	9	55	78	93	95	47	60	14	70	70	61	66	14	109	67	49	234	52	110	99	95	93	190	32	45	33	57	31	61	138	327	43	40	86	127	27	81	269	67	168	26	78	905	179	156	99	551	37	106	26	71	113	79	57	31	32	96	197	97	62	56	83	14	30	228	37	157	15	100	128	62	73	28	35	28	137	58	47	39	66	58	105	124	87	174	18	40	20	116	160	71	15	35	359	73	58	43	38	184	13	18	85	40	53	21	61	73	105	45	47	78	276	149	199	199	91	28	34	67	39	171	63	183	33	65	17	48	89	106	42	92	53	42	20
C[T>G]A	29	32	58	7	9	35	6	25	35	85	42	25	20	12	33	35	36	29	7	86	39	23	60	19	51	62	83	39	27	19	33	11	26	28	56	82	35	23	8	58	63	11	34	305	41	36	13	31	82	85	46	38	91	17	52	16	32	59	29	36	25	22	61	111	46	30	19	38	5	22	85	6	68	11	47	108	32	33	11	21	20	58	8	22	11	26	15	34	75	70	72	6	25	4	53	18	34	8	25	79	48	33	20	28	22	16	14	20	24	29	7	25	24	59	34	49	30	64	102	67	80	20	13	27	31	25	44	41	92	13	60	8	25	33	40	14	68	34	27	6
C[T>G]C	45	35	61	8	94	31	6	13	49	80	54	18	23	16	36	41	32	37	3	85	31	17	159	12	48	54	53	29	78	28	31	21	26	22	32	72	114	19	20	75	71	6	43	164	39	76	9	37	311	201	56	36	370	24	39	12	39	70	30	42	19	16	50	105	35	27	17	150	10	9	663	14	59	6	45	122	32	43	10	23	18	57	11	13	24	35	17	42	62	41	75	11	34	10	38	85	25	8	26	190	44	35	23	31	65	12	7	29	26	25	8	29	34	100	40	20	32	218	176	83	328	33	11	19	20	20	61	35	86	18	45	8	21	47	46	21	46	42	33	23
C[T>G]G	60	53	101	17	87	36	6	29	69	123	84	37	47	21	58	64	53	50	3	111	65	16	120	35	100	113	110	45	55	64	41	23	61	47	51	101	62	37	30	109	104	10	75	318	77	79	25	66	239	218	75	54	239	30	72	26	49	127	41	53	40	25	72	179	97	45	33	149	14	26	154	35	90	10	59	138	62	70	19	34	22	119	33	32	31	28	25	61	117	71	119	12	50	5	87	57	51	10	22	150	63	46	35	44	48	15	17	39	44	40	21	33	45	78	50	52	44	252	162	132	177	40	25	27	41	40	59	58	104	30	82	11	23	72	51	16	138	69	55	13
C[T>G]T	99	96	328	21	128	173	14	123	147	213	362	52	57	21	109	218	101	133	12	245	125	106	1461	100	176	97	268	87	910	61	77	106	115	56	117	506	1214	56	27	91	199	17	84	580	188	737	32	117	3305	334	634	106	4076	94	354	61	85	359	116	66	91	28	177	263	70	44	58	183	19	28	3039	29	454	19	164	211	89	80	34	90	39	247	47	55	117	278	81	325	219	145	149	20	52	12	119	950	75	42	108	1696	186	89	64	63	660	14	33	313	48	162	20	136	109	567	119	44	179	714	245	246	1496	337	40	43	116	64	863	148	218	62	225	13	57	169	380	43	132	121	108	58
G[T>G]A	27	23	40	4	8	20	2	16	28	30	27	16	18	8	48	23	18	21	1	52	30	15	35	14	29	53	27	24	18	33	22	9	15	14	25	53	11	13	16	66	40	6	24	96	28	31	9	25	46	49	25	24	38	24	23	9	28	56	15	26	12	6	30	70	29	16	25	13	5	15	37	9	23	10	24	49	33	19	6	18	5	37	6	13	11	15	35	26	61	40	45	6	10	6	27	6	25	5	6	32	19	25	24	31	22	6	7	7	6	22	6	17	33	32	35	19	44	59	69	58	45	9	16	12	16	15	17	21	58	11	37	5	14	16	20	6	29	30	9	2
G[T>G]C	16	10	34	2	14	12	3	13	66	77	20	12	18	8	54	5	36	12	4	67	12	6	90	11	25	30	18	9	28	14	26	11	24	16	34	34	28	13	9	36	35	7	23	70	25	28	5	10	92	61	30	16	92	10	18	39	15	34	12	13	11	24	38	60	42	25	23	27	5	18	107	5	42	3	18	79	25	24	2	17	21	30	4	7	7	30	22	13	45	27	48	6	17	2	10	15	15	6	8	90	19	8	10	18	21	6	3	15	24	24	6	19	15	40	40	53	21	132	56	83	94	18	9	10	25	10	28	17	49	27	79	2	11	40	33	10	55	18	13	7
G[T>G]G	54	47	76	15	34	36	6	26	51	61	53	38	41	17	64	55	36	36	6	93	51	17	66	21	63	69	47	34	45	42	35	12	31	39	39	56	19	25	27	66	72	16	59	184	39	47	12	50	115	96	48	31	110	25	39	23	36	123	27	52	25	17	62	90	57	47	31	71	10	18	108	23	51	6	40	91	60	48	19	27	10	68	22	36	34	21	19	38	93	57	100	8	30	6	51	27	42	9	10	56	45	43	40	36	30	11	6	16	38	38	8	33	42	50	44	50	39	242	121	89	85	18	13	30	35	22	47	39	81	27	51	8	26	39	34	12	79	38	37	16
G[T>G]T	59	46	112	16	81	65	5	52	76	79	97	28	24	15	57	64	48	51	10	115	38	36	303	26	83	82	80	30	274	33	46	29	43	43	56	125	328	26	32	77	110	8	60	292	77	219	15	52	1057	305	174	46	979	35	102	18	54	158	39	51	32	21	70	138	87	33	48	331	11	25	735	19	185	8	73	139	48	49	26	33	23	122	28	40	44	71	75	101	120	47	153	18	29	8	62	212	45	17	34	413	77	41	43	46	192	12	21	89	34	58	12	50	63	205	47	33	65	851	158	130	408	91	22	28	45	25	207	69	95	36	99	11	50	77	104	14	100	48	48	24
T[T>G]A	78	61	112	15	3	39	11	69	87	95	71	40	51	7	57	69	79	46	5	144	59	84	91	35	76	168	77	65	72	39	69	23	62	47	59	170	35	30	37	123	89	11	74	223	77	108	14	46	133	91	76	63	115	46	57	24	102	92	29	51	26	22	98	177	118	52	38	21	13	49	210	17	90	19	73	460	65	64	26	36	19	87	35	43	44	72	102	72	109	138	127	28	41	13	77	25	55	7	63	134	94	47	36	49	45	19	12	36	45	48	14	57	55	86	63	66	85	91	171	113	138	34	26	39	69	34	88	70	237	26	59	10	44	58	77	38	107	70	41	16
T[T>G]C	36	45	75	7	24	25	5	18	43	71	41	28	31	13	39	43	21	33	3	103	32	33	82	20	56	58	41	52	44	32	35	17	25	19	32	60	72	21	24	56	53	13	44	128	36	49	15	41	173	72	48	76	158	22	32	18	40	75	15	27	17	11	63	113	81	34	29	32	14	17	79	8	52	14	47	176	40	47	18	24	11	66	38	28	16	32	68	42	56	67	91	12	23	11	51	37	25	7	23	123	49	27	22	16	39	16	12	28	29	31	8	28	32	45	30	27	45	123	151	89	68	30	13	22	31	30	36	47	125	20	31	4	33	46	39	22	72	29	20	11
T[T>G]G	61	54	132	20	64	59	11	34	89	138	64	45	54	26	90	53	83	37	10	126	65	30	109	52	86	106	76	56	65	59	45	15	57	49	47	119	45	33	44	78	122	14	72	246	68	89	23	72	172	126	71	52	143	42	66	41	68	117	42	53	50	34	93	151	72	54	47	263	12	34	95	27	84	11	71	159	78	68	40	30	25	105	32	34	28	69	33	75	162	86	127	23	42	15	95	41	54	20	17	137	61	57	64	54	43	18	16	46	37	41	19	45	55	66	89	62	77	426	186	177	92	46	20	43	59	32	50	62	136	37	79	13	56	42	45	22	120	72	39	17
T[T>G]T	157	134	332	46	286	121	27	135	170	237	191	82	131	47	140	151	160	136	19	319	139	128	518	119	174	240	161	159	364	89	137	83	153	124	145	362	656	96	70	179	287	41	195	595	184	336	58	156	1814	298	302	171	1228	87	212	56	219	255	138	100	95	59	232	461	210	94	171	1227	42	62	493	61	331	27	213	374	128	190	40	89	67	230	78	91	89	167	463	186	275	229	215	47	92	20	188	407	146	41	90	854	199	111	87	106	320	60	45	182	78	133	34	150	130	198	121	123	218	2427	339	363	356	187	49	85	129	98	349	132	373	104	154	35	273	174	196	64	257	132	139	41
