Hartwig-Breast_common_SBS5	Hartwig-Breast_common_SBS31	Hartwig-Breast_common_SBS17	Hartwig-Breast_common_SBS13	Hartwig-Breast_common_SBS2	Hartwig-Breast_common_SBS18	Hartwig-Breast_common_SBS1	Hartwig-Breast_common_SBS8	Hartwig-Breast_common_SBS3	Hartwig-Breast_rare_SBS44	Hartwig-Breast_rare_SBS97	Hartwig-Breast_rare_SBS10d	Hartwig-Breast_rare_SBS4	Hartwig-Breast_rare_SBS90	Hartwig-Breast_rare_SBS119	Hartwig-Breast_rare_SBS106	unassigned
HMF003531A	822.78171691274	0	0	1687.55229422686	2066.95163999646	0	418.88886924233	0	0	0	0	0	0	0	0	0	657.82547962161
HMF001298A	783.159899988094	0	0	843.095606619836	732.214549351113	0	875.560781045363	399.071913323015	0	0	0	0	0	0	0	0	561.897249672579
HMF001293A	1044.05457798986	0	0	536.298538622129	692.030420518938	435.147927229347	1068.59111243662	697.538622129436	0	0	0	0	0	0	0	0	563.33880107367
HMF001423C	1269.88542114844	0	0	0	0	1789.95280489823	0	5866.90067847096	4037.40473274863	0	0	0	0	0	0	0	2159.85636273374
HMF001443A	0	0	0	5591.81889417796	4687.68648846576	0	1144.16755767118	0	0	0	0	0	0	0	0	0	2233.3270596851
HMF002764A	2497.69747596154	0	0	988.786418269231	0	591.573076923077	1155.16634615385	993.283173076923	971.299038461538	0	0	0	0	0	0	0	1116.19447115384
HMF003720A	870.996703872949	0	0	1888.74013034684	1242.85489549779	1044.19776762304	684.818038804405	0	0	0	0	0	0	0	0	0	931.392463854976
HMF001533A	845.468137394982	0	0	609.11682002629	0	1015.36126193062	1874.32091215637	2038.21780876722	1219.73269703378	0	0	0	0	0	0	0	1140.78236269074
HMF000997A	614.929564411492	0	0	609.934198331789	265.753475440222	291.22984244671	556.483781278962	480.55421686747	0	0	0	0	0	0	0	0	415.114921223355
HMF002397A	1284.09229191591	509.321483507093	0	0	832.978977952487	794.340796445052	993.051444197573	974.485045291403	0	0	0	0	0	0	0	0	483.729960690482
HMF002529A	691.557139518579	250.105632157046	0	0	228.007945781725	0	471.082495910259	210.93246085534	0	0	0	0	0	0	0	0	297.314325777051
HMF002559A	1851.28209488182	2396.8072323301	0	770.741937312249	946.411041206144	717.190387122371	0	1358.30754406847	0	0	0	0	0	0	0	0	789.259763078846
HMF000228A	1855.85827860353	0	0	0	0	690.261320428621	877.196681645351	600.792257172485	734.246111303146	0	0	0	0	0	0	0	1025.64535084687
HMF003062B	726.494938617273	0	0	0	0	714.453586043506	1965.24908464355	0	0	0	0	0	0	0	0	0	1252.80239069567
HMF003072A	0	0	0	28431.3738945537	20148.9736625912	0	0	0	0	0	0	0	0	0	0	0	3154.6524428551
HMF000085A	1218.95026801668	249.797200714711	0	0	0	563.670637284098	702.836212030971	0	0	0	0	0	0	0	0	0	626.74568195354
HMF002391A	1187.31847262442	0	0	1982.19274025187	696.014277055694	0	0	1876.34264933666	618.124587514311	0	0	0	0	0	0	0	1054.00727321704
HMF001607A	2054.40542328042	462.703924162257	0	512.725970017637	899.896604938272	664.792989417989	878.387125220459	927.40873015873	0	0	0	0	0	0	0	0	406.679232804236
HMF000408A	0	0	0	12769.609375	15184.7104779412	0	0	0	0	0	0	0	0	0	0	0	3080.6801470588
HMF001962A	1032.25878253449	1513.57886502631	0	1579.19065566776	898.530934433224	1009.72038116911	0	0	0	0	0	0	0	0	0	0	1009.72038116911
HMF001868A	0	0	0	8352.34731731607	4169.66637619818	1163.80243993527	962.57724386904	0	0	0	0	0	0	0	0	0	1435.60662268144
HMF000612A	4238.38484167814	2506.20584015651	0	3226.69623940294	0	0	0	10974.9700746323	9998.30531120933	0	0	0	0	0	0	0	3581.43769292078
HMF001502A	1272.10575870374	0	0	0	0	2639.6069629954	1349.02145828772	2391.87847602365	628.311364134005	0	0	0	0	0	0	0	843.075979855485
HMF002608A	0	0	0	6055.04715266559	5003.56290387722	0	0	0	0	0	0	0	0	0	0	0	3818.38994345719
HMF002744A	982.960331094799	270.126503201624	0	0	258.621115102296	264.123692019366	771.861471185382	0	0	0	0	0	0	0	0	0	655.306887396533
HMF001275A	1091.69796027434	0	0	9536.46471304296	2700.96386686856	0	1513.16044654256	0	0	0	0	0	0	0	0	0	2016.71301327158
HMF001219A	562.068137931034	0	0	366.891724137931	334.445517241379	314.977793103448	1244.936	304.495172413793	317.473655172414	0	0	0	0	0	0	0	173.712000000001
HMF003422A	576.145320197044	0	0	283.832629603566	301.291578700446	897.389983579639	971.715224020643	484.859957776214	427.494839315036	0	0	0	0	0	0	0	310.270466807412
HMF002573B	0	0	0	13782.817579041	14948.4215897146	0	0	0	0	0	0	0	0	0	0	0	2175.7608312444
HMF000145A	843.30869648685	217.208293338453	0	0	0	0	680.652716452294	409.392589748512	0	0	0	0	0	0	0	0	456.437703973891
HMF002360A	736.766826422171	240.250052094186	0	0	209.217753698687	210.218795582413	484.504271723276	0	0	0	0	0	0	0	0	0	521.042300479267
HMF001721A	1385.19063136456	0	0	0	0	739.402443991853	604.738085539715	1351.64969450102	447.045621181263	0	0	0	0	0	0	0	387.973523421589
HMF001157A	0	0	0	2576.76837163331	2200.53224610823	1212.0391895231	1295.37000247097	1321.81630837658	0	0	0	0	0	0	0	0	1490.47388188781
HMF003771A	0	0	0	3615.84	3952.55790784558	0	0	0	0	0	0	0	0	0	0	0	2475.60209215442
HMF002765B	2126.29744013212	1372.04665565648	0	3504.34211395541	1498.50487200661	1492.5068538398	0	6039.00462427746	1592.47382328654	0	0	0	0	0	0	0	533.823616845581
HMF000558A	2854.29342614076	0	0	2303.75462748131	817.299871100799	0	0	1553.01990203661	846.328280484661	0	0	0	0	0	0	0	1332.30389275586
HMF001718A	1249.71243310004	3545.84674763277	574.907678056814	0	0	0	1124.34160148209	0	2267.6636475916	0	0	0	0	0	0	0	943.527892136686
HMF000309A	2267.16442180536	0	0	0	0	1498.09981877847	2016.48038399373	823.104275848558	2149.57809668414	0	0	0	0	0	0	0	1461.57300288974
HMF003077A	497.102222222222	0	0	0	286.134444444444	192.426666666667	765.196666666667	0	0	0	0	0	0	0	0	0	514.14
HMF000515A	763.55329062318	0	0	0	281.572801397787	0	1123.28509027373	298.106435643564	345.703261502621	0	0	0	0	0	0	0	628.779120559118
HMF001916C	3019.8161150117	0	0	2129.39603997177	818.805862030536	1044.66607229095	0	3444.49340614436	2022.72591849623	0	0	0	0	0	0	0	1001.09658605445
HMF002063A	1526.18302891933	0	0	12053.6497336377	2557.45526541096	0	0	0	1279.47674086758	0	0	0	0	0	0	0	3582.23523116443
HMF001546A	489.88573680063	551.434200157604	0	0	497.892040977147	2159.20015760441	639.003152088258	462.864460204886	608.479117415288	0	0	0	0	0	0	0	306.241134751777
HMF003368A	837.61370843158	0	0	0	0	1570.8378729978	1411.50646394016	751.205138629157	633.329864216603	0	0	0	0	0	0	0	938.5069517847
HMF002775A	7807.03507468845	0	2079.21036560205	5239.51015928035	0	0	0	6049.20265742346	5621.86495007015	0	0	0	0	0	0	0	3484.17679293554
HMF002350B	3031.31005483422	1036.90882745689	0	2593.77049180328	1012.43458249283	1685.22658181095	0	6488.67176179788	1382.54510327585	0	0	0	0	0	0	0	349.132596528099
HMF003213A	1943.81545203701	0	0	2279.36990748255	574.093166693719	0	1157.68787534491	1645.26700211005	931.651192988151	0	0	0	0	0	0	0	711.115403343611
HMF003703A	752.552673771574	1173.20003772517	0	368.003772517212	663.309252098463	410.62001320381	838.787890219749	781.631990945959	0	0	0	0	0	0	0	0	327.894369518063
HMF003509A	0	0	0	14460.2526103065	7985.61704277534	2273.4674974739	0	2299.44998315931	0	0	0	0	0	0	0	0	5618.21286628495
HMF000693B	0	0	19695.7068435495	0	0	0	0	2018.68328209784	0	0	0	0	0	0	0	0	2600.60987435266
HMF002324A	2026.38758702138	1188.1067255097	0	954.889482844356	1711.59435604177	2037.39784311288	0	6287.85716061661	0	0	0	0	0	0	0	0	1896.7668448533
HMF000807A	1218.98884133293	0	0	975.191073066341	1607.96392540507	599.231886273311	1209.9778355243	0	0	0	0	0	0	0	0	0	938.646438398048
HMF001390A	1102.31332007952	0	0	2774.30536779324	2209.13200795229	841.001988071571	1016.71133200795	0	0	0	0	0	0	0	0	0	869.535984095429
HMF000919A	1246.96738529574	0	0	375.23788465082	331.327068361894	960.549106320251	905.161599410356	565.850746268657	615.749401142436	0	0	0	0	0	0	0	415.156808549846
HMF002042A	2093.71834061135	0	0	5000.40975254731	0	1637.45283842795	0	1199.6981077147	1707.99388646288	0	0	0	0	0	0	0	2108.72707423581
HMF003174A	308.418623054603	0	0	505.86652598259	374.401213400158	0	228.93959377473	0	0	0	0	0	0	0	0	0	477.374043787919
HMF002461A	1990.08118893629	0	0	1671.8879867896	0	0	653.869547268474	2649.44543828265	2650.9439933948	0	0	0	0	0	0	0	1273.77184532819
HMF002448A	219.125278219396	155.443561208267	0	0	0	225.643879173291	632.805723370429	174.497933227345	0	0	0	0	0	0	0	0	169.483624801272
HMF000087A	0	0	0	10963.9975360467	2356.35471801424	0	1876.98599196934	2173.40481839752	2071.43274320131	0	0	0	0	0	0	0	2467.82419237089
HMF000889B	0	0	0	25488.8254840457	13828.931883829	0	0	0	0	0	0	0	0	0	0	0	5007.2426321253
HMF002290A	695.564332624179	0	0	988.591434649894	1407.63019147165	622.557580242346	1022.09453334567	0	0	0	0	0	0	0	0	0	669.561927666261
HMF000806A	856.589060308555	0	0	458.420757363254	369.548387096774	315.823281907433	836.504908835905	305.781206171108	0	0	0	0	0	0	0	0	437.332398316971
HMF002199A	1095.8103300838	441.027364460407	0	0	224.268171711989	0	754.402086540106	0	0	0	0	0	0	0	0	0	411.492047203698
HMF001094A	0	0	0	0	50595.1160866073	0	0	0	0	0	0	0	0	0	0	0	2967.8839133927
HMF000908A	839.898856110777	349.957856712824	0	0	474.442865743528	605.927031908489	1045.87405177604	422.449127031908	0	0	0	0	0	0	0	0	413.450210716434
HMF000459A	0	0	0	2775.34402014839	2888.08141038731	0	656.382138724389	0	0	0	0	0	0	0	0	0	1041.19243073991
HMF001689A	271.961398397669	0	0	451.265598446225	339.576110706482	0	525.391357125516	0	0	0	0	0	0	0	0	0	474.805535324108
HMF001775A	0	0	0	31262.3549778904	12635.8560404413	0	0	0	0	0	0	0	0	0	0	0	2692.7889816683
HMF000579B	0	0	5121.51920737203	42467.3052338681	28729.412519151	0	0	0	0	0	0	0	0	0	0	0	12458.7630396089
HMF001323A	439.407613741876	192.678737233055	0	0	0	194.180129990715	944.876508820799	198.183844011142	0	0	0	0	0	0	0	0	186.673166202413
HMF003252A	1573.80826701316	0	0	12246.5080396297	6053.76248578853	0	0	0	0	0	0	0	0	0	0	0	4750.92120756861
HMF001061A	1344.75132229628	0	0	3784.6144915072	1904.56409374328	1107.61883465921	1822.51825413889	0	807.451128789508	0	0	0	0	0	0	0	862.481874865633
HMF001103A	0	0	0	6030.91837029894	2945.71591128255	10162.0199614272	0	0	0	0	0	0	0	0	0	0	1599.34575699131
HMF002201A	445.577731714539	0	0	302.069588392064	1089.85904649097	0	960.902428190702	0	0	0	0	0	0	0	0	0	590.591205211725
HMF000295A	1371.78433709962	0	0	659.136622784285	5465.63289105421	0	830.672177879133	0	0	0	0	0	0	0	0	0	1321.77397118275
HMF003008A	0	0	0	15335.7260819879	18680.1742901515	0	0	0	0	42196.3886658657	0	0	0	0	0	0	9167.7109619949
HMF000381A	1397.94908418753	639.033775835994	406.794656360276	0	381.714837842379	1021.75180641909	1045.82843219627	675.148714501764	0	0	0	0	0	0	0	0	401.778692656697
HMF001401A	276.654959658282	214.507831039392	0	184.436639772188	471.616516373991	259.614617940199	564.837209302326	0	0	0	0	0	0	0	0	0	140.332225913622
HMF002589A	1846.94440396189	0	0	7598.44236634011	2507.46096132567	0	1698.82856988638	0	2895.76463444256	0	0	0	0	0	0	0	1993.55906404339
HMF000266A	1274.96195763932	478.863664404688	0	0	654.547398725067	0	1338.20810199465	441.217149907465	0	0	0	0	0	0	0	0	694.20172732881
HMF002267A	833.075872830115	0	0	0	0	276.520967427345	659.434757167934	248.919055978155	303.621025941096	0	0	0	0	0	0	0	251.428320655355
HMF001860A	697.061486231611	285.820193637621	0	0	614.113667798315	704.5567710298	801.995473406262	395.251351691186	0	0	0	0	0	0	0	0	475.201056205205
HMF001204A	843.712343699904	0	0	2472.48323180507	1148.01025969862	0	1096.37486373838	1366.08207758897	0	0	0	0	0	0	0	0	891.337223469056
HMF002735A	0	0	0	8695.71101748033	1948.77139772965	0	0	0	0	0	0	0	0	0	0	0	3716.51758479002
HMF000372B	0	0	0	21295.329144359	28276.6009636912	0	0	0	0	0	0	0	0	0	0	0	1795.0698919498
HMF001430A	3026.67688905271	0	0	2537.27386656837	814.835974935496	0	1003.87792112053	3261.34964983413	1546.43332104681	0	0	0	0	0	0	0	1413.55237744195
HMF001902B	440.348386044995	273.285295076622	0	0	0	545.573198565373	1227.29034887512	318.666612324747	0	0	0	0	0	0	0	0	253.836159113143
HMF003241A	1193.95745647237	0	0	401.817411052233	0	467.287660862983	0	2305.95215745647	1200.95427706283	0	0	0	0	0	0	0	1032.03103709311
HMF000987A	0	5801.72416502947	0	0	0	833.098821218075	1380.00722003929	0	1059.85353634578	0	0	0	0	0	0	0	1094.31625736739
HMF003264A	667.59048393656	394.05340924495	0	0	0	622.084316117663	1207.66368442456	343.546563643758	0	0	0	0	0	0	0	0	454.061542632509
HMF001656A	0	0	0	50701.9275216284	66818.0634138321	0	0	0	0	0	0	0	0	0	0	0	1075.0090645395
HMF001801A	326.20990670813	183.83651710351	0	0	0	242.284540204354	700.87672145713	315.219680142159	204.817858729454	0	0	0	0	0	0	0	275.754775655263
HMF002539A	863.839285714286	0	0	274.720982142857	302.34375	731.752232142857	1086.83035714286	0	0	0	0	0	0	0	0	0	790.51339285714
HMF003427A	1352.45559309762	0	2456.05134548087	0	0	793.146856522264	1515.69162543743	705.01942801979	0	0	0	0	0	0	0	0	1476.63515144203
HMF001780A	1031.7491226084	0	0	0	0	1101.86799501868	1102.86969319597	434.737008943734	0	0	0	0	0	0	0	0	752.776180233216
HMF000950A	896.192166910688	373.247071742313	0	627.733711566618	660.667276720351	815.854227672035	1238.00265373353	451.589037335285	0	0	0	0	0	0	0	0	389.71385431918
HMF003586A	1448.55452015625	0	0	5112.95728765095	3468.82789961449	2678.52536444637	1263.98386479103	3014.15384615385	1560.0972197401	0	0	0	0	0	0	0	1044.89999744696
HMF003780A	1421.85185643564	382.594678217822	0	0	0	542.134158415842	704.674381188119	514.127227722772	0	0	0	0	0	0	0	0	475.617698019805
HMF003417A	1713.04468877461	521.383223975882	1618.7946444405	0	0	0	615.633268309984	0	0	0	0	0	0	0	0	0	1185.14417449902
HMF001468A	0	0	0	2483.89995573262	2359.95484727756	891.105356352368	1197.96945551129	0	0	0	0	0	0	0	0	0	970.070385126161
HMF000397A	552.672429935709	0	0	1552.48436427189	995.810685974658	1579.99294675738	1062.83159603021	1297.40478122464	656.204731290182	0	0	0	0	0	0	0	315.598464515331
HMF002312A	0	0	0	7830.90676364469	7113.54504323922	0	1026.73334860546	0	0	0	0	0	0	0	0	0	1510.81484451063
HMF003684A	1045.42698886116	0	3896.36435571246	0	0	569.687747276158	0	983.960679286627	671.631870472944	0	0	0	0	0	0	0	1042.92835839065
HMF000196A	2237.35475585144	0	0	10607.9407123948	3729.42444892931	0	0	1175.66094409352	0	0	0	0	0	0	0	0	1320.61913873093
HMF001455A	2948.53126372822	0	2292.85787084493	2433.28791916825	0	1239.38263288915	0	3788.61279835994	3013.49890174257	0	0	0	0	0	0	0	1347.82861326694
HMF003391A	655.343711736925	0	0	0	0	443.732726954697	778.408256078363	367.692845898198	238.124890676928	0	0	0	0	0	0	0	376.697568654889
HMF003071A	965.63573126706	468.521440521264	0	0	0	426.886237562737	1269.62287575944	1383.99427665757	486.580082768337	0	0	0	0	0	0	0	695.759355463592
HMF002932A	1236.74935458525	332.663598608149	0	0	269.727242114715	412.582781456954	868.621618587945	821.669098664272	334.661578179369	0	0	0	0	0	0	0	173.324727803346
HMF002965A	1050.42474001095	0	0	0	327.32074438971	0	1482.18828680898	0	575.684729064039	0	0	0	0	0	0	0	1129.38149972632
HMF001905A	3094.68497663372	0	0	0	0	2225.35210296484	0	8086.59641461733	3162.21083275875	0	0	0	0	0	0	0	3018.15567302536
HMF000818A	1497.18211217787	0	0	3060.28418393128	2108.43991915109	0	800.028600303183	878.932794340576	697.652905507832	0	0	0	0	0	0	0	840.479484588168
HMF001516A	804.517695685869	157.689485920951	0	0	147.143373805218	0	300.81529320589	198.86954275381	0	0	0	0	0	0	0	0	334.964608628262
HMF003726A	440.886573058359	0	0	0	0	610.535322509873	561.992759982448	210.6847301448	0	0	0	0	0	0	0	0	456.90061430452
HMF000403A	1841.31833141982	550.198698813624	0	0	639.069269039418	485.293226176808	1778.40995024876	0	0	0	0	0	0	0	0	0	1228.71052430157
HMF000360A	2225.80775821779	445.261723009815	0	408.699174326219	0	0	1780.04517837669	490.839694656489	0	0	0	0	0	0	0	0	1079.346471413
HMF000273A	1124.04409081695	0	0	0	0	334.364382728563	1491.89489154673	588.261402797486	614.750658828299	0	0	0	0	0	0	0	777.684573281972
HMF001334A	1488.67336306423	1610.31009044305	726.31642562414	1147.79018880507	0	899.511107406327	935.051056558163	2539.35439503188	2274.5567457175	0	0	0	0	0	0	0	388.43662734964
HMF003753A	637.78205203157	0	0	558.685062847121	3277.01829874306	2432.9833382052	582.714527915814	733.399298450745	0	0	0	0	0	0	0	0	340.417421806491
HMF003099A	845.381342062193	0	0	0	0	288.972176759411	1312.14402618658	0	252.412438625205	0	0	0	0	0	0	0	667.090016366611
HMF000144A	2260.73308405839	0	0	578.791615733084	682.664485510894	478.913856331344	1420.76112748975	583.286114906162	468.426691594161	0	0	0	0	0	0	0	471.423024376215
HMF001930A	1248.23546751562	620.865817710176	0	520.806862398302	0	843.997288055654	0	3623.13477184294	705.915929725268	0	0	0	0	0	0	0	923.04386275204
HMF002765A	1697.33695000599	1722.37141829517	0	1859.56030451984	1045.4393957559	1805.48585301523	0	6064.3495983695	1963.70369260281	0	0	0	0	0	0	0	546.75278743556
HMF002003A	1619.65214165089	0	0	10554.5245125633	3224.28432526483	1587.6095645054	0	0	0	0	0	0	0	0	0	0	2580.92945601558
HMF001779A	2140.17874665805	0	985.391662014866	4697.10021447249	4086.47718659106	1510.56744131386	0	0	1148.29109498487	0	0	0	0	0	0	0	2439.9936539648
HMF001536A	1968.15626339094	0	0	1911.18068847308	1326.93115269247	918.606199114412	0	4208.195972004	2269.52706756178	0	0	0	0	0	0	0	1393.40265676332
HMF000922A	0	0	0	46897.6701481268	34331.1051988207	0	0	0	0	0	0	0	0	0	0	0	2240.2246530525
HMF003090A	0	1052.59241339268	440.829301335398	0	0	1869.7759821947	591.271047029224	634.254402941746	0	0	0	0	0	0	0	0	576.276853106252
HMF001418A	1131.97585621722	464.78478864548	0	569.736192533169	1095.99251774144	843.609379821043	1503.30391854366	0	631.707497685899	0	0	0	0	0	0	0	237.889848812089
HMF002270A	4038.15198785647	0	0	0	0	2810.95384814133	1239.7001582534	0	0	0	0	5691.91900009689	0	0	0	0	1703.27500565191
HMF000656A	2000.58185348027	0	0	879.453777194085	848.868440586993	1263.02398218466	914.551704448124	1403.91709016159	779.173985039685	0	0	0	0	0	0	0	691.429166904592
HMF000323C	1504.16593900278	0	0	7430.28961022526	2441.0807390534	1323.58599088838	1149.50892179195	0	0	0	0	0	0	0	0	0	1962.36879903823
HMF001466A	2591.54673981853	0	0	646.636421185904	0	1299.2741084617	1056.72293732855	1653.34880776535	1211.25553914328	0	0	0	0	0	0	0	1021.21544629669
HMF000492A	1404.00293397285	0	0	11570.6271048066	3332.44078477396	0	1138.52967139504	0	0	0	0	0	0	0	0	0	2187.39950505155
HMF000769A	598.251366120219	0	0	271.475409836066	0	498.207650273224	576.131147540984	0	593.224043715847	0	0	0	0	0	0	0	498.71038251366
HMF003460A	795.894945228982	0	0	274.963705952224	313.458624785535	723.904447670582	965.872508908539	0	0	0	0	0	0	0	0	0	713.905767454138
HMF000170A	2817.19663526245	0	0	1432.34576043069	0	2459.73512786003	0	7534.68864064603	1922.79294751009	0	0	0	0	0	0	0	2406.24088829071
HMF000195B	1459.73050500181	0	0	578.487646137158	0	782.159334699289	0	2864.91502952874	1194.50693021574	0	0	0	0	0	0	0	1424.20055441726
HMF001473A	853.418758256275	0	0	0	0	1284.61981505945	1351.49590488771	842.938177014531	0	0	0	0	0	0	0	0	1334.52734478203
HMF003062A	671.515535325549	0	0	0	0	816.558875915298	2309.15020779735	401.504056995844	0	0	0	0	0	0	0	0	873.271323965959
HMF000857A	794.952410006101	324.593044539353	0	810.480780964002	584.56802928615	643.676021964613	283.017083587553	499.913361805979	0	0	0	0	0	0	0	0	163.799267846249
HMF001745A	3426.64124718257	0	0	0	0	1362.04357625845	0	6696.04658151766	5311.46919609316	0	0	0	0	0	0	0	1865.79939894816
HMF000193A	1541.24096315299	0	0	828.822936100746	522.573111007463	745.890683302239	611.000874533582	2444.00349813433	1214.50787080224	0	0	0	0	0	0	0	660.96006296641
HMF002233A	0	0	0	3468.53081949841	5872.09161956906	0	698.308194984105	0	0	0	0	0	0	0	0	0	1290.06936594843
HMF002463A	726.305839147998	518.004921042967	0	465.555049577672	818.217994858612	1967.11994124128	761.272420124862	1051.49504223283	0	0	0	0	0	0	0	0	493.028791773779
HMF000583A	2149.59281096825	488.088726291113	0	813.981814307026	1030.74326916246	0	1255.01378134546	0	560.676280457484	0	0	0	0	0	0	0	748.903317468207
HMF002831A	865.946182454605	334.365346751258	0	436.977466637497	332.863705972435	830.407350689127	902.986654998906	386.422227083789	378.914023189674	0	0	0	0	0	0	0	107.117042222709
HMF001585A	1435.92602541585	927.243723525158	0	0	630.846161793574	3042.58105176155	1648.21076557496	753.510693253435	0	0	0	0	0	0	0	0	1253.68157867547
HMF001535A	1299.16026871401	1165.99008317338	0	3171.55310300704	2998.33173384517	908.160588611644	692.384836852207	0	0	0	0	0	0	0	0	0	719.419385796549
HMF003804A	1335.42844257366	596.02174784526	0	0	518.583884546001	0	1177.05552214873	499.099518941672	0	0	0	0	0	0	0	0	858.810883944677
HMF002386A	2489.35730672172	0	1201.94826795136	544.250172057811	0	0	1486.81750401468	0	1912.12227575132	0	0	0	0	0	0	0	1079.50447350311
HMF001940A	853.174863746799	0	0	2528.48184385055	1899.6158644691	0	477.15706875041	738.016284719942	0	0	0	0	0	0	0	0	1128.5540744632
HMF003507A	840.508024022842	405.658363690066	0	669.386629910407	720.723048144137	1035.28443438023	705.624101604805	689.518558629517	0	0	0	0	0	0	0	0	45.2968396179958
HMF003446A	2841.2342223127	0	0	3686.75030537459	1701.53857899023	909.054865635179	1208.23747964169	1852.63080211726	1755.07125407166	0	0	0	0	0	0	0	790.482491856692
HMF003206A	742.057906887264	0	0	0	202.062716429396	271.739515198153	830.149288187765	0	0	0	0	0	0	0	0	0	540.990573297422
HMF001019A	1650.32402407036	552.113871316155	0	388.636012960963	458.339762382348	1240.12498071285	895.617960191329	1008.4477704058	0	0	0	0	0	0	0	0	306.395617960195
HMF002364A	1552.32900148051	0	0	674.380654712946	0	547.025497614739	1664.64221088995	0	630.759006415529	0	0	0	0	0	0	0	1026.86362888633
HMF000959A	2876.19589848176	935.575798776343	0	0	1344.39043734421	999.546793564469	2207.49909358713	0	0	0	0	0	0	0	0	0	458.791978246087
HMF002358A	1590.85450301498	0	349.407313752188	0	0	1487.23370939506	634.239350320949	0	526.113304804513	0	0	0	0	0	0	0	559.15181871231
HMF002501A	1093.23959884818	0	353.254294508986	0	579.596862277827	544.621189554165	1505.95253698739	0	0	0	0	0	0	0	0	0	955.335517823452
HMF003296A	1412.1499592502	342.779136104319	0	0	0	0	1269.53382233089	491.900570497147	0	0	0	0	0	0	0	0	781.636511817444
HMF003792A	1832.11250709824	0	0	438.688884156729	0	1152.86839863714	1754.25645939807	997.655380465645	536.008943781942	0	0	0	0	0	0	0	319.409426462234
HMF002526A	0	0	0	8794.24123530351	7898.86032345587	1060.95134861946	0	0	0	0	0	0	0	0	0	0	1050.94709262116
HMF003096A	910.156568714199	0	3963.39104922461	1389.79304242537	725.218367251898	796.888185162763	715.194616495133	1138.69808596843	701.662552973502	0	0	0	0	0	0	0	420.997531784094
HMF002596A	2350.69675506506	0	0	1607.4764618679	0	3228.45692637127	2082.61729533849	1543.95763465656	2866.3495964421	0	0	0	0	0	0	0	1502.44533025862
HMF002135A	2335.63619869365	0	0	2655.70300782195	3224.71066849448	927.642770744295	2022.58180791872	0	0	0	0	0	0	0	0	0	1256.7255463269
HMF000982A	3025.67116331555	704.005180549856	0	0	0	650.967121460812	1899.36294624538	1441.03405826836	952.183268362741	0	0	0	0	0	0	0	1081.7762617973
HMF003626A	1238.56189527146	0	0	7110.48487575943	3532.75039377672	1158.59018290527	986.651001317947	0	0	0	0	0	0	0	0	0	1521.96165096917
HMF001569A	683.883327580255	341.941663790128	0	0	255.704176734553	352.972040041422	716.974456334139	310.856057991025	0	0	0	0	0	0	0	0	242.668277528478
HMF003064A	861.529875797247	217.015105740181	0	333.057905337362	567.152903658946	0	593.777442094663	351.142497482377	0	0	0	0	0	0	0	0	69.3242698892241
HMF003614A	239.773726358835	252.815811892997	0	0	0	1213.41557335151	696.246720054524	0	0	0	0	0	0	0	0	0	541.748168342134
HMF002329A	0	0	0	13964.9458178999	8144.55233008872	2138.22613489534	0	0	0	0	0	0	0	0	0	0	4764.27571711604
HMF001145A	1397.56785162287	0	3371.45749613601	1630.99567233385	0	1316.09304482226	0	0	4337.65873261206	0	0	0	0	0	0	0	882.22720247295
HMF000887A	1318.1095890411	0	0	0	0	876.575342465753	771.685985247629	2017.37197049526	749.709167544784	0	0	0	0	0	0	0	902.547945205474
HMF000802A	1756.26445786735	961.597272890378	0	537.274983553615	638.732492075833	2182.08611925124	816.657975001495	900.123018958196	0	0	0	0	0	0	0	0	564.263680401893
HMF002985A	3085.6142276967	0	0	797.675815593341	0	1033.37550765386	1491.76386843397	1546.81050564556	2544.65591109921	0	0	0	0	0	0	0	713.10416387736
HMF003227A	1029.1606047879	0	0	821.632339353213	1423.76362872743	0	1234.69340613188	0	459.455606887862	0	0	0	0	0	0	0	970.294414111715
HMF003399A	1046.23832308043	380.586694007747	0	664.151287309182	390.088858509911	491.611984506721	592.134882661198	510.61631351105	0	0	0	0	0	0	0	0	314.571656413761
HMF002268A	789.399961187658	0	791.407335532699	383.408499902969	0	444.131573840481	1637.01377838153	475.245876188628	0	0	0	0	0	0	0	0	651.392974966035
HMF002873A	743.769954893116	0	0	0	0	262.742106295352	968.049813688959	0	0	0	0	0	0	0	0	0	572.438125122573
HMF003670A	381.146881287726	172.017605633803	0	0	0	282.851106639839	853.568410462777	0	0	0	0	0	0	0	0	0	304.415995975855
HMF002355A	0	0	0	0	0	0	9271.56158357771	2801.69151189312	0	19717.4608993157	0	0	0	0	0	0	5079.28600521347
HMF002560A	1511.6460025652	372.659256092347	0	0	0	470.200940572894	748.319794784096	763.326207781103	404.672937152629	0	0	0	0	0	0	0	409.174861051731
HMF002759A	806.308157099698	492.01867618786	0	0	0	608.496566877232	2619.74842076353	424.240593243614	0	0	0	0	0	0	0	0	533.187585828066
HMF001496A	2256.96530955001	776.783459778769	0	0	517.190015636764	1204.11420628945	1200.12046099496	1133.22522731221	860.652110963109	0	0	0	0	0	0	0	670.949209474728
HMF002761A	1415.6011846002	0	0	0	0	1227.28726554788	761.24777887463	0	805.204343534057	0	0	0	0	0	0	0	850.659427443233
HMF001764A	1092.58019075569	374.212472487161	0	0	233.444460748349	256.488334556126	928.768305209098	334.637123991196	0	0	0	0	0	0	0	0	193.86911225238
HMF000150A	760.651295110015	0	0	4956.98595472088	5522.59845621295	0	0	0	0	0	0	0	0	0	0	0	1328.76429395616
HMF002327A	1844.72014159862	0	0	0	0	1561.07124180377	0	4927.27205438674	2109.82662214892	0	0	0	0	0	0	0	2015.10994006195
HMF003562A	836.016984370765	0	0	558.343481796007	1002.82085102539	1278.49670250248	919.418917698076	0	0	0	0	0	0	0	0	0	932.903062607282
HMF003563A	1617.69046087889	0	0	3419.28888888889	4587.20443015363	1169.41479099678	898.550339406931	0	0	0	0	0	0	0	0	0	2295.85108967488
HMF003498A	3592.37494017421	0	0	1836.20278548866	0	0	0	7538.88542165215	4602.76165406337	0	0	0	0	0	0	0	3331.77519862161
HMF002600A	2207.81818181818	0	0	715.060496017827	0	0	0	3068.69690092023	4763.8963809681	0	0	0	0	0	0	0	1387.52804027566
HMF003401A	2003.78509383378	1704.81715817694	0	1600.32836461126	0	2063.77865951743	0	6023.85394101877	3474.12739946381	0	0	0	0	0	0	0	1777.30938337801
HMF001454A	780.632670406255	302.551419343872	0	328.055753867075	253.04300526942	0	672.614312425633	0	0	0	0	0	0	0	0	0	605.102838687745
HMF000965A	2086.46645097763	621.937121958081	0	0	0	913.141792094528	742.521873681249	1901.83668589112	0	0	0	0	0	0	0	0	848.096075397392
HMF003738A	0	0	0	25457.2081823434	10165.56782732	0	0	0	0	0	0	0	0	0	0	0	2493.2239903366
HMF002573A	0	0	0	31750.3501192972	35396.3257320512	0	0	0	0	0	0	0	0	0	0	0	2036.32414865161
HMF000761A	1977.78844742636	0	0	0	0	660.934374672398	625.831638536534	3414.49329070133	1251.66327707307	0	0	0	0	0	0	0	1636.28897159031
HMF001713A	1553.84994983125	0	0	936.512268539633	0	0	658.860394052723	4622.02823132354	1086.09408920916	0	0	0	0	0	0	0	2111.65506704369
HMF003025A	0	0	0	11048.3766679215	6882.61988120634	2021.65401346886	0	0	0	0	0	0	0	0	0	0	3944.3494374033
HMF001225A	1013.91421653407	0	0	0	0	671.429839732503	958.254237288135	1018.92862907875	0	0	0	0	0	0	0	0	686.473077366542
HMF000077A	786.686415386316	441.507682104565	0	0	0	1268.33115950039	1029.51564054383	0	0	0	0	0	0	0	0	0	1012.9591024649
HMF000366A	957.676336540548	0	0	7979.80177964262	2816.96013889894	0	0	0	0	0	0	0	0	0	0	0	2085.56174491789
HMF000014A	1492.85648826979	0	572.369868035191	0	0	1650.18328445748	1746.07771260997	1150.23368768328	904.004765395894	0	0	0	0	0	0	0	659.274193548395
HMF002086A	848.929022879535	0	0	865.437365693338	1798.90911389205	1652.33503981797	1262.6380988497	756.382252559727	0	0	0	0	0	0	0	0	730.369106307679
HMF001160A	1413.80796413623	0	0	11045.8124699801	7749.4286498479	0	0	0	0	0	0	0	0	0	0	0	1663.95091603577
HMF002578A	805.31228668942	395.662116040956	0	373.181313993174	757.353242320819	919.714590443686	1529.69368600683	589.996160409556	0	0	0	0	0	0	0	0	484.086604095559
HMF002887A	1208.29808327826	0	0	835.051553205552	1521.504957039	0	1484.98083278255	519.843357567746	0	0	0	0	0	0	0	0	1243.32121612689
HMF003599A	743.012075075469	0	0	0	0	410.230607691298	1511.0077437984	310.795904974406	0	0	0	0	0	0	0	0	831.953668460427
HMF001042A	526.680759275237	242.123382226057	0	0	265.586885245902	780.286281276963	517.195513373598	311.515444348576	0	0	0	0	0	0	0	0	249.611734253667
HMF000314A	1247.22589039698	678.806561894071	0	1471.49678538626	1775.18654964792	930.049903051332	2630.81248086539	0	0	0	0	0	0	0	0	0	1055.42182875805
HMF000239A	2045.94656125881	0	0	7720.23192261645	11043.7061629388	0	2459.44102164535	0	0	0	0	0	0	0	0	0	3072.67433154059
HMF002307A	0	0	0	5496.99135516863	4235.95214903202	0	1056.6139047851	0	0	0	0	0	0	0	0	0	1525.44259101425
HMF001280A	1299.0756856039	494.719234910381	0	506.224333396669	0	0	661.293052124897	3013.83558173412	808.358224080056	0	0	0	0	0	0	0	1114.49388814998
HMF000710A	526.226635514019	325.258177570093	0	0	734.71261682243	0	1284.9953271028	0	0	0	0	0	0	0	0	0	560.807242990658
HMF002521A	439.711030554117	195.979803210772	0	190.508285862248	186.031589849819	242.238995339202	467.566027964785	0	0	0	0	0	0	0	0	0	198.964267219057
HMF001727A	1023.9017836881	0	0	2226.1347978033	1905.03839695003	1842.92302455408	1377.55866200699	1139.11578087414	681.766305087823	0	0	0	0	0	0	0	840.561249035538
HMF003154A	786.089058350923	846.519030435079	0	1349.43623612719	1017.32110029278	536.378429903997	1243.0595084088	682.708858173895	740.641723973582	0	0	0	0	0	0	0	132.846054333754
HMF002495A	0	0	0	21490.7176924646	6423.07629551766	0	0	0	0	0	0	0	0	0	0	0	3941.20601201774
HMF002904A	904.640736093685	391.643245503973	0	0	664.43956503555	423.736930154747	547.097030531159	340.995399414471	0	0	0	0	0	0	0	0	324.447093266415
HMF002325A	708.826777424872	0	0	1488.13633032006	1954.02247740044	0	1092.73295870999	0	0	0	0	0	0	0	0	0	894.281456144638
HMF000045A	723.846012156935	262.394179406889	0	0	0	215.143120279978	1104.3678393811	0	0	0	0	0	0	0	0	0	423.248848775098
HMF002311A	1754.53494720577	672.588411022405	0	0	0	1092.45573010559	0	4374.32686067474	742.649703837239	0	0	0	0	0	0	0	1079.44434715426
HMF003456A	1730.48580521961	0	0	0	744.778697220454	3386.99359219181	2605.22588584766	1039.19121578612	1014.19864205389	0	0	0	0	0	0	0	1258.12616168046
HMF000119A	1261.21423942228	457.034070919359	0	791.692898805666	0	0	1525.44486621609	0	556.932228497361	0	0	0	0	0	0	0	802.681696139244
HMF001384A	1078.07121057986	891.731747398075	0	0	0	749.354409578214	1236.93434541044	864.255419046874	850.26747006808	0	0	0	0	0	0	0	713.385397918457
HMF002692A	1952.51160135383	0	2203.20568445949	966.748440239775	0	1766.36749174245	815.631448028382	2654.55511152795	829.642294988378	0	0	0	0	0	0	0	1082.33792765974
HMF000781A	1342.91459694989	286.874945533769	0	0	0	381.833551198257	535.266666666667	298.869716775599	0	0	0	0	0	0	0	0	595.240522875818
HMF002093A	2323.42053111375	646.256044391597	0	0	0	1046.91478398732	1163.96115735236	863.342053111375	654.259215219976	0	0	0	0	0	0	0	873.846214823622
HMF001580A	2447.60517219306	0	0	516.073358084752	0	895.392267315324	1395.99340673409	518.069773396492	1201.34291383946	0	0	0	0	0	0	0	822.523108436822
HMF002151A	0	0	0	1521.79895586141	2053.75301376364	0	830.709065021357	0	0	0	0	0	0	0	0	0	865.738965353593
HMF002221A	1003.83261518064	0	0	0	0	530.175671196553	1682.0573417302	479.658932714617	0	0	0	0	0	0	0	0	831.27543917799
HMF000192A	2941.97407503908	0	0	0	0	733.239708181344	1522.57425742574	583.987363210005	838.41753517457	0	0	0	0	0	0	0	1068.80706096926
HMF000758A	5041.06694673466	0	0	0	0	1992.25693617595	0	2042.4018376654	0	0	0	0	9913.64702446476	0	0	0	3331.62725495923
HMF003092A	643.640145985401	230.587591240876	0	0	0	421.574270072993	714.821532846715	328.83795620438	222.065875912409	0	0	0	0	0	0	0	185.472627737226
HMF001698A	0	0	0	14326.327938831	23728.3868796322	0	0	0	0	0	0	0	0	0	0	0	4579.2851815368
HMF000577A	2141.44146571467	762.012932776505	0	1247.33962009969	731.992725313216	1395.93964704297	708.476896133639	2768.86380169743	1049.70658763303	0	0	0	0	0	0	0	336.226323588849
HMF001736A	1137.8976822385	425.027981265762	0	0	383.123814098715	628.063648372763	712.370841839798	415.549657739882	0	0	0	0	0	0	0	0	451.96637444458
HMF001880A	0	0	1855.69479730642	0	0	0	7705.3088471287	0	0	19824.5810399388	0	0	0	0	0	0	3956.41531562608
HMF002554A	564.624584717608	278.808416389812	0	0	181.200442967885	362.40088593577	990.595791805094	236.261351052049	0	0	0	0	0	0	0	0	98.108527131782
HMF000851A	1317.47957259585	0	0	1844.47140163419	397.247642991829	0	704.826524198617	750.41231929604	645.715273412948	0	0	0	0	0	0	0	715.847265870526
HMF002599A	2133.15208065675	0	0	2056.7003897829	0	1646.95930143937	0	11488.7403697494	2288.05419942077	0	0	0	0	0	0	0	3333.39365895081
HMF000651A	1583.70740013098	0	0	1903.24924688933	1244.66299934512	1359.17799607073	1184.15507531107	1958.25645055665	1304.67085789129	0	0	0	0	0	0	0	916.119973804831
HMF003473A	3240.68965517241	1410.3881773399	0	1878.34876847291	1035.51921182266	0	0	4392.8236453202	2264.22857142857	0	0	0	0	0	0	0	2034.00197044335
HMF000184A	672.658900394477	324.559171597633	0	0	0	0	1989.92837771203	367.132519723866	0	0	0	0	0	0	0	0	708.721030571994
HMF000130A	0	2318.87983510821	0	0	0	829.102301614565	1348.92037100653	1052.66918584679	781.48155273102	0	0	0	0	0	0	0	964.946753692885
HMF001145B	1579.77757833535	0	3310.7731689234	1519.19022905529	0	1330.91879658173	802.156475592149	0	3913.6423303547	0	0	0	0	0	0	0	375.541421157381
HMF000903A	0	0	2872.49742940168	1104.5758140228	1247.15013784368	4657.92817226734	0	0	1372.21533417778	0	0	0	0	0	0	0	2173.63311228672
HMF003049A	698.688362919132	347.342209072978	0	0	0	753.242110453649	821.80966469428	0	0	0	0	0	0	0	0	0	423.917652859961
HMF001820A	946.683291770574	236.42037762736	0	0	308.047737798361	253.450659066619	479.85322408265	266.473815461347	0	0	0	0	0	0	0	0	321.070894193089
HMF000411B	0	0	2129.58341482496	10305.4840602386	4204.1775865441	0	0	4207.17699980442	0	0	0	0	0	0	0	0	4713.57793858792
HMF002824B	4178.90455199507	0	4769.39106502524	0	0	0	2434.44439622685	2814.43571705913	5247.38014754585	0	0	0	0	0	0	0	2446.44412214786
HMF000331A	1661.35206125902	465.958507701897	0	0	1187.39426587125	658.441367643131	920.418039355356	0	0	0	0	0	0	0	0	0	721.435758169346
HMF001190A	928.764352331606	522.024455958549	0	429.696994818653	951.222383419689	1180.79336787565	1884.47834196891	1038.55917098446	0	0	0	0	0	0	0	0	288.460932642483
HMF000579A	0	0	4724.78158694889	40190.3889662028	27048.3872354111	0	0	0	0	0	0	0	0	0	0	0	13533.4422114372
HMF000403B	2224.0318135667	806.648842044191	2349.97698593047	0	801.651017744041	0	2410.9504423923	0	0	0	0	0	0	0	0	0	1743.7408983223
HMF001491A	503.085778123179	0	0	409.977365455605	347.90509034389	661.770545949096	1600.36341558189	0	824.459976685448	0	0	0	0	0	0	0	805.437827860892
HMF000718A	1514.61479786423	560.357487922705	0	0	0	1007.24383422324	1240.68446478515	640.837020086448	0	0	0	0	0	0	0	0	934.262395118227
HMF000953A	0	0	0	7887.20297411532	5439.17440533119	0	0	0	0	0	0	0	0	0	0	0	2883.62262055349
HMF002285A	742.796477143371	650.945299862201	0	0	0	3342.58414714517	1078.75214187287	1025.83787670002	784.728536336948	0	0	0	0	0	0	0	706.35552093942
HMF002258A	593.553029356652	0	0	1232.22410993129	1141.48669581512	0	583.526795752655	0	0	0	0	0	0	0	0	0	462.209369144283
HMF000545A	1309.35419861099	377.102011364661	0	533.144222963832	1124.30413998376	0	1178.81888698476	0	0	0	0	0	0	0	0	0	1022.276540092
HMF003314A	789.559002963221	707.344605194352	0	1528.98727557957	844.201499041311	596.555691127767	1374.08331880774	1843.80826215792	726.895590029632	0	0	0	0	0	0	0	216.564755098487
HMF003287A	1803.19878697315	802.475893288797	0	0	0	1503.08179141212	0	4003.3909374588	1526.55183931789	0	0	0	0	0	0	0	1723.30075154924
HMF003796A	3327.04999363301	0	0	0	0	0	0	8393.08075894563	3886.2222590093	0	0	0	0	0	0	0	4014.64698841206
HMF001774A	2164.70668953688	598.024013722127	0	422.222984562607	434.744425385935	492.843910806175	605.536878216124	1372.85077186964	505.866209262436	0	0	0	0	0	0	0	119.204116638076
HMF000255A	690.902027506026	0	0	0	0	1024.85467177088	886.874237912945	0	0	0	0	0	0	0	0	0	923.369062810149
HMF000708A	3756.6435710111	0	0	4393.65920514319	4694.93012857978	0	1742.17530683811	0	1019.22501461134	0	0	0	0	0	0	0	1490.36677381648
HMF002540A	739.63651467602	0	1532.78290566734	0	0	420.077533690234	793.146390991324	478.58833302566	778.64371423297	0	0	0	0	0	0	0	675.124607716452
HMF001471A	1247.89250488398	0	0	1556.99432982322	3567.40458378997	1485.08695859341	755.526754657645	848.407109162815	0	0	0	0	0	0	0	0	1018.68775908896
HMF000452A	1729.10680947234	395.837673184632	0	0	0	530.112999901739	924.952343519701	483.690675051587	717.798958435688	0	0	0	0	0	0	0	298.500540434313
HMF000476A	1000.29621811785	0	0	2248.66989152741	1809.91720902961	1218.42468484315	868.520668425682	0	0	0	0	0	0	0	0	0	1367.1713280563
HMF000937A	2105.93665974917	0	1533.95386327408	1163.96499142831	941.471683358898	1992.44007338567	0	5592.83178441457	1697.94893079491	0	0	0	0	0	0	0	1595.45201359439
HMF002988A	1731.83028095214	0	0	1052.41608862718	927.247667049254	2554.93782124857	1680.26089126204	0	1174.07979440092	0	0	0	0	0	0	0	912.227456459896
HMF000395A	1200.86233183857	424.185201793722	0	0	0	670.630829596412	773.192040358745	564.086659192825	343.032399103139	0	0	0	0	0	0	0	465.010538116587
HMF002114A	1309.64507284108	0	0	4121.95660001108	1862.20628150446	1465.16229989475	0	5990.16354622501	1802.19963440979	0	0	0	0	0	0	0	1503.66656511383
HMF000620A	0	448.209849587579	2836.16399805919	586.120572537603	381.253194242277	0	409.235080058224	611.104399158984	514.167151868025	0	0	0	0	0	0	0	392.745754488118
HMF000657A	1308.75930742365	453.224046964405	0	1027.2412870625	624.93007356766	517.114661514453	525.100988333209	1447.52173589953	636.410418369622	0	0	0	0	0	0	0	176.697480864971
HMF002484A	1610.07843386512	0	0	0	0	1063.39134303693	1017.41765715375	2047.82787770927	914.476577893599	0	0	0	0	0	0	0	1208.80811034133
HMF001615A	870.030332365279	0	0	0	389.119070667957	361.681187479832	812.660212971927	0	0	0	0	0	0	0	0	0	658.509196515005
HMF002122A	3223.22087949743	0	4293.29420902342	0	0	0	0	7712.52852084523	4297.79451741862	0	0	0	0	0	0	0	2362.1618732153
HMF003625A	0	0	0	9219.35224366805	18532.2334229172	0	0	0	0	0	0	0	0	0	0	0	2955.41433341475
HMF002725A	1661.82977913176	428.682216298553	0	340.350723533892	0	713.638613861386	978.633092155369	0	369.794554455446	0	0	0	0	0	0	0	749.071020563594
HMF001351A	0	0	0	76732.3735889486	62211.1803520622	0	0	0	0	0	0	0	0	0	0	0	2028.44605898921
HMF002405A	1103.28345761381	0	0	995.804552590267	1122.7796310832	0	717.859105180534	440.913461538462	0	0	0	0	0	0	0	0	714.359791993727
HMF002412A	728.763234816499	376.877557648587	0	0	0	512.333549853849	757.753816174082	0	281.408574212407	0	0	0	0	0	0	0	420.863267294576
HMF000086A	2522.34304825609	0	0	0	0	0	0	6869.81639478534	2864.71094123268	0	0	0	0	0	0	0	2367.12961572589
HMF001725A	558.805185451926	0	0	0	287.930140439323	587.899171768095	1575.08822470292	486.571840115232	0	0	0	0	0	0	0	0	682.705437522504
HMF003392A	1834.08696794535	0	0	959.137283236994	0	713.590120861797	1198.16992905938	1177.12302942722	926.564700472937	0	0	0	0	0	0	0	820.327968996322
HMF002280A	609.36042611955	0	0	434.757151311896	498.294732688893	1347.79719865851	1046.11876109686	559.831130400474	0	0	0	0	0	0	0	0	575.840599723817
HMF000731A	1706.37673496365	1078.13350958361	0	0	0	925.83212161269	0	5585.05221414409	2817.575677462	0	0	0	0	0	0	0	1531.02974223396
HMF000989A	1077.58984224702	0	1425.64986533282	1066.12081569835	1042.6841092728	583.923047325895	549.017314351674	1303.97845325125	0	0	0	0	0	0	0	0	727.036552520191
HMF002241B	536.273569084944	0	0	1064.04279985417	973.996864746628	2640.34691943128	637.825373678454	0	0	0	0	0	0	0	0	0	1008.51447320452
HMF001017A	573.216540084388	269.542278481013	0	0	366.918818565401	308.191729957806	865.346160337553	322.246075949367	0	0	0	0	0	0	0	0	268.538396624472
HMF000354A	936.127781569966	0	0	0	0	478.565324232082	951.629897610921	409.55590443686	0	0	0	0	0	0	0	0	887.121092150171
HMF001521A	1147.58140029794	0	0	1049.57444846421	986.569979428247	653.046321912464	903.564091650706	976.06923458892	909.564517273179	0	0	0	0	0	0	0	423.030006384333
HMF003691A	1394.53992537313	597.945895522388	0	0	0	1097.31828358209	896.168283582089	1743.3	0	0	0	0	0	0	0	0	975.727611940303
HMF000235A	1095.20940102923	0	0	0	0	758.798663059048	0	4573.78640776699	1230.67345747785	0	0	0	0	0	0	0	1763.53207066688
HMF003113A	1617.37050966152	0	1472.92672805084	0	0	0	1613.87187135261	698.728050836468	775.198288159772	0	0	0	0	0	0	0	1529.90455193879
HMF001031A	0	0	0	1586.3085990201	1245.67180288291	1819.06042746574	679.775189945324	679.275722502308	0	0	0	0	0	0	0	0	1023.90825818362
HMF000116A	741.702598457166	0	0	0	1753.34287454324	720.167681688997	1029.66950872919	0	0	0	0	0	0	0	0	0	689.117336581407
HMF002535A	874.477574047955	275.96629055007	0	0	375.634696755994	664.622990126939	997.685754583921	300.507757404795	0	0	0	0	0	0	0	0	62.1049365303261
HMF001223C	0	0	0	39372.9664757447	18708.2356141323	0	0	5218.82103973777	0	0	0	0	0	0	0	0	9784.97687038523
HMF002099A	0	0	0	24274.5446262018	14771.5910699766	0	0	0	0	0	0	0	0	0	0	0	2780.8643038216
HMF003443A	790.597741416972	0	0	4274.52845897045	3042.37612826114	1161.64361373284	998.123397766146	0	0	0	0	0	0	0	0	0	1865.73065985245
HMF000632A	0	0	0	29752.6319878719	15754.6584549302	0	0	0	0	0	0	0	0	0	0	0	1990.7095571979
HMF003181A	2146.997582469	878.294470872651	508.381034079389	0	0	640.850035093192	684.839741090229	604.858457459253	514.379630351712	0	0	0	0	0	0	0	431.399048584574
HMF000901A	1298.80652996667	0	0	1044.64870360956	1309.31305428458	1885.67095972434	1233.26583065017	1350.33853019262	0	0	0	0	0	0	0	0	734.95639157206
HMF000713A	1632.44343797178	0	0	777.687646415743	675.597376229892	1695.99963558748	2438.15586443854	826.731011505024	944.835441720027	0	0	0	0	0	0	0	621.549586131514
HMF001730A	966.74271278663	239.426933540614	0	0	0	244.4463661096	521.017100660707	287.111542945977	0	0	0	0	0	0	0	0	324.255343956472
HMF001916B	3125.60935866691	0	0	3182.5112217918	1196.43654307323	1161.49680255795	0	4032.54519461354	2296.04009100412	0	0	0	0	0	0	0	1240.36078829245
HMF000195A	1850.51829420892	655.360628660093	0	628.345763051204	0	864.975974773512	697.383752940588	3329.83232394014	1393.26668001401	0	0	0	0	0	0	0	575.316582411533
HMF001969A	1539.13763869132	0	0	1369.01189189189	1869.88210526316	1389.026685633	595.940483641536	711.025547652916	0	0	0	0	0	0	0	0	1319.97564722618
HMF001084A	1739.39203246272	0	0	2965.66841647612	1334.30073105536	2281.51421854369	2650.09729155261	1913.43125825255	1769.39879552993	0	0	0	0	0	0	0	875.19725612702
HMF000968A	635.148614609572	221.354776206162	0	0	0	0	1235.39895369115	0	0	0	0	0	0	0	0	0	481.097655493116
HMF002080A	957.326576576577	0	0	8399.36530849031	2430.82923832924	0	0	0	958.326917826918	0	0	0	0	0	0	0	1911.15195877695
HMF001244A	2198.25370505606	850.310236694016	1206.47416126122	0	0	1561.64182310237	1589.53717943211	1967.12075260965	1252.80037802311	0	0	0	0	0	0	0	969.861763821464
HMF000179B	1126.47184366161	558.215993828748	0	0	0	773.570905116997	594.861468243765	2778.5301491386	1678.66392388789	0	0	0	0	0	0	0	298.685716122391
HMF001341A	711.276213301378	283.508687837028	0	0	439.288196524865	248.946674655482	1203.1587777112	0	0	0	0	0	0	0	0	0	457.821449970047
HMF003315A	1214.96398696839	0	0	0	0	1327.77494056529	1337.7582107951	449.74632385313	558.064805846614	0	0	0	0	0	0	0	780.691731971476
HMF003055A	1517.42114873838	0	10797.0158034529	0	0	0	1250.05405046481	0	0	0	0	0	0	0	0	0	1544.50899734391
HMF001794A	982	0	0	0	0	1372.5	1297	1652	0	0	0	0	0	0	0	0	923.5
HMF001540A	0	0	0	8128.03763957457	17825.8550743845	0	0	0	0	0	0	0	0	0	0	0	4242.10728604093
HMF003511A	0	0	0	2204.39418387347	5479.75112812799	0	1044.47604722184	0	0	0	0	0	0	0	0	0	2235.3786407767
HMF003105A	564.5	185.5	0	0	162.5	286.5	820.5	0	0	0	0	0	0	0	0	0	267.5
HMF000693A	0	0	16748.9198008125	0	1334.74682217272	0	0	2141.30238500852	0	0	0	0	0	0	0	0	2698.03099200626
HMF003303A	2161.18526565278	692.50128382382	0	714.54908157219	560.214497333597	643.895911514912	1406.54927908355	772.174007505432	0	0	0	0	0	0	0	0	659.93067351372
HMF001033A	1927.10167081408	564.200853181657	0	0	0	1317.80483469605	910.43778883754	1921.5899395663	1106.3547813722	0	0	0	0	0	0	0	709.510131532173
HMF003573A	3284.94447142626	0	4711.50603853003	0	0	0	0	2274.69269872106	1516.62858993039	0	0	0	0	0	0	0	3666.22820139226
HMF001982A	809.198075056616	0	0	1936.06276285992	1132.87730507926	488.024102232287	391.822225816888	844.271675833064	0	0	0	0	0	0	0	0	592.743853121965
HMF002470A	0	0	1825.93593476995	2854.83634245778	0	2261.68200349447	2209.71228887595	1407.17996505533	2077.2894583576	0	0	0	0	0	0	0	1091.36400698892
HMF001125A	1563.2634187199	0	0	1655.80861310812	1155.06407482376	762.372304041321	1167.57018217352	0	0	0	0	0	0	0	0	0	862.921407133379
HMF000733A	450.637168141593	0	0	0	0	271.286589516678	571.71136827774	400.901293396869	0	0	0	0	0	0	0	0	519.46358066712
HMF002611A	1036.62578821483	0	0	1292.90410958904	492.534898891063	0	674.732767993042	1752.90367471189	974.057838660578	0	0	0	0	0	0	0	682.240921939557
HMF001841A	571.40993907083	216.586824067022	0	0	0	226.567783701447	682.697638994669	418.701256664128	362.308834729627	0	0	0	0	0	0	0	142.727722772277
HMF003102A	867.609022556391	372.047619047619	0	0	0	441.837928153718	678.823725981621	397.654135338346	0	0	0	0	0	0	0	0	247.027568922305
HMF002756A	599.503539493294	340.136736214605	0	0	351.173621460507	0	1050.00912816691	0	0	0	0	0	0	0	0	0	352.176974664684
HMF001619A	2491.50496655179	0	9345.39408068113	0	0	0	0	1779.86073383337	1224.7482262315	0	0	0	0	0	0	0	2427.49199270221
HMF001076A	1980.20861574557	0	0	0	0	1189.22445255474	1103.28050052138	1126.26551094891	1025.33133472367	0	0	0	0	0	0	0	1242.68958550573
HMF003783A	1096.18665436654	0	737.972094095941	568.63430196802	0	0	1448.38922201722	985.465790282903	586.169280442804	0	0	0	0	0	0	0	1094.18265682657
HMF002935A	383.375609756098	153.250406504065	0	0	0	265.068292682927	799.19837398374	0	0	0	0	0	0	0	0	0	241.10731707317
HMF000984B	0	0	0	24385.3224104965	10191.0153622997	0	0	0	0	0	0	0	0	0	0	0	3348.6622272038
HMF001802A	1406.18778866734	0	0	0	0	838.602906387293	859.64312267658	401.767939619241	353.676016672299	0	0	0	0	0	0	0	587.122225977247
HMF002244A	851.853759867054	0	0	0	0	434.680515164105	701.791441628583	1670.69380972165	654.771915247196	0	0	0	0	0	0	0	502.208558371412
HMF001428A	826.823057432432	257.691511824324	0	0	244.631123310811	186.86402027027	519.903927364865	223.03125	0	0	0	0	0	0	0	0	120.055109797298
HMF002615A	4383.12834146873	0	0	2303.80465352891	0	0	5629.02269836848	0	3022.24373493538	21258.6974116108	0	0	0	0	0	0	4680.1031600877
HMF000143A	902.627329192547	265.948240165631	0	0	0	424.120082815735	717.511387163561	749.944099378882	416.136645962733	0	0	0	0	0	0	0	379.712215320911
HMF003168A	680.821677696298	242.649257735647	222.595600071544	0	181.485601860132	285.263280271865	697.867286710785	223.598282954749	0	0	0	0	0	0	0	0	268.71901269898
HMF003003A	610.429069362147	0	947.389915185314	384.45532705937	758.411874056001	546.93644707796	465.94585802254	0	0	0	0	0	0	0	0	0	589.431509236668
HMF000962A	0	0	0	24135.2611727055	24417.6589229245	0	0	0	0	0	0	0	0	0	0	0	3922.07990437
HMF001711A	1403.23180553522	0	0	480.421730853712	0	769.675647971885	0	2166.40174256846	1076.94537999707	0	0	0	0	0	0	0	938.323693073653
HMF002081A	1602.30547550432	0	0	0	0	760.594380403458	1818.11599423631	1210.24135446686	553.796829971182	0	0	0	0	0	0	0	1004.94596541787
HMF003676A	0	0	4162.7701863354	2606.6084403982	0	0	0	1128.47987747809	7812.32213051987	0	0	0	0	0	0	0	1926.81936526844
HMF001271A	849.106965174129	288.716417910448	0	0	0	544.851990049751	583.949004975124	375.932835820896	0	0	0	0	0	0	0	0	581.442786069652
HMF002424A	774.380586830433	0	0	0	380.95735243944	425.335892186967	699.086659843057	0	0	0	0	0	0	0	0	0	643.239508700103
HMF001900A	1279.13611486246	745.870921884995	0	830.913213448006	0	0	1129.56173146634	1189.59158433435	911.453266045917	0	0	0	0	0	0	0	951.473167957932
HMF000323A	1844.25619834711	0	0	8467.58496270913	2908.32705099778	2272.08365248942	1691.81767788752	0	0	0	0	0	0	0	0	0	2651.93045756904
HMF001851A	2284.67522747285	0	0	2351.22402406809	0	0	0	3944.89257411212	3069.25051364837	0	0	0	0	0	0	0	1987.95766069857
HMF000171A	0	0	0	9294.95999718785	6731.41943194601	1761.87151996625	2599.54815804274	2824.59561304837	1818.38343644544	0	0	0	0	0	0	0	3423.22184336334
HMF000828A	832.888965596594	345.992405937176	0	329.946381314003	528.515936025774	710.036589575423	1015.41249568519	437.254170981475	0	0	0	0	0	0	0	0	157.953054884365
HMF001092B	3440.97723638096	0	0	7290.77355473136	2182.03436659975	0	0	6595.58120385178	5285.16111470278	0	0	0	0	0	0	0	4581.47252373337
HMF000411A	0	0	0	7076.68264292167	3312.08548199768	0	0	3671.59476061427	0	0	0	0	0	0	0	0	5312.63711446638
HMF003389A	1114.91783567134	0	0	977.051651690478	830.693710000646	630.388131100912	2367.2023401642	731.789708449156	549.966190445407	0	0	0	0	0	0	0	524.990432477861
HMF002037A	664.612559098072	0	0	336.550612195418	321.570614619954	483.853921687477	624.665898896836	824.898533155534	558.25457631228	0	0	0	0	0	0	0	304.593284034429
HMF000964A	15282.6144607085	0	0	0	0	0	0	0	0	0	229296.278945493	0	0	0	0	0	11136.1065937985
HMF000598A	1331.20209535378	0	0	478.572654114789	686.104160340115	1072.6628454297	767.116459155785	1326.70141208624	0	0	0	0	0	0	0	0	924.640373519591
HMF000435A	1528.14064405953	0	0	1887.64424249817	0	1036.95257989754	0	8126.88427055379	2057.88271529641	0	0	0	0	0	0	0	1781.49554769456
HMF000101A	670.894447066226	323.949032562529	0	0	0	498.921503854019	893.359446279692	376.940695296524	0	0	0	0	0	0	0	0	413.93487494101
HMF001945B	3724.0318627451	0	0	0	0	0	1203.8486676722	4334.45512820513	4224.96889140271	0	0	0	0	0	0	0	2422.69544997486
HMF001684A	2068.56587242227	594.300673148841	0	0	0	604.288919756384	807.050325889518	3738.10129287317	723.149054386152	0	0	0	0	0	0	0	812.543861523665
HMF002915A	0	0	0	3415.81423728814	9043.12677966102	1105.74915254237	1464.99254237288	0	0	0	0	0	0	0	0	0	1944.31728813559
HMF003034A	893.53974010275	424.756572982774	0	0	0	356.215170746449	925.058779087338	294.177697189483	0	0	0	0	0	0	0	0	417.252039891206
HMF002822A	0	0	0	54747.4761602491	33427.3603561335	0	0	0	0	0	0	0	0	0	0	0	2452.16348361741
HMF001172A	0	0	0	8222.60193003619	6419.86034043694	1377.68462672564	0	1721.23066613055	1408.18871464951	0	0	0	0	0	0	0	3236.43372202117
HMF002147A	439.499715424018	134.152532726238	0	0	0	222.252703471827	629.215424018213	185.210586226522	0	0	0	0	0	0	0	0	148.669038133182
HMF000867A	0	447.564065855404	0	0	0	2469.85354330709	1528.71882605583	1258.68017179671	693.099212598425	0	0	0	0	0	0	0	588.084180386541
HMF000567A	0	3667.19467849224	0	0	0	0	1240.96503009186	931.852834969908	895.221032625911	0	0	0	0	0	0	0	1185.76642382008
HMF000218A	0	0	0	661.766014286544	528.614902142982	1833.69527847146	2540.84238341367	1059.72327080551	939.538184563563	0	0	0	0	0	0	0	1022.81996631627
HMF002980B	879.183253301321	698.24843937575	0	0	0	4316.94471788715	1302.03091236495	0	0	0	0	0	0	0	0	0	1130.59267707083
HMF003745A	1601.75702134489	454.072861498957	0	0	537.08618199326	767.123094206387	1845.79618038838	636.602150537634	0	0	0	0	0	0	0	0	389.562510030492
HMF000374A	750.555979899497	303.031959798995	0	0	163.556984924623	197.673165829146	720.955175879397	237.308140703518	0	0	0	0	0	0	0	0	122.918592964824
HMF001971A	0	0	62624.6965127169	0	0	0	0	0	0	0	0	0	0	0	0	0	5189.3034872831
HMF002642A	0	0	0	93706.1995834669	75391.4062035119	0	0	0	0	0	0	0	0	0	0	0	4057.39421302121
HMF002862A	792.753846153846	272.4	0	275.393406593407	603.171428571429	428.057142857143	889.540659340659	0	0	0	0	0	0	0	0	0	370.683516483516
HMF000372A	0	0	0	26851.2752946917	32691.9877396038	0	0	0	0	0	0	0	0	0	0	0	6041.73696570451
HMF003754A	756	0	0	377	0	0	620.5	559.5	347	0	0	0	0	0	0	0	584
HMF001654A	1132.27574725105	1079.9708843116	0	0	0	528.528186464302	1322.06767848846	664.022688555057	1264.28325847917	0	0	0	0	0	0	0	441.851556450361
HMF001597A	0	0	0	35904.7889734062	47268.8619986721	0	0	0	0	0	0	0	0	0	0	0	2700.34902792171
HMF002638A	1430.57765029089	421.612314156432	0	0	0	1530.72309308339	1224.27803813833	623.906108597285	0	0	0	0	0	0	0	0	965.902795733673
HMF003730A	662.949274379493	319.716668927167	0	0	777.026583480266	397.269225552692	818.554726705547	322.718703377187	0	0	0	0	0	0	0	0	390.764817577648
HMF001628A	0	0	0	25438.5261227722	7790.24240487866	0	0	0	0	0	0	0	0	0	0	0	2761.23147234914
HMF002562A	1604.12893893189	0	670.681054030808	0	0	2336.87301587302	662.172413793103	0	452.459457346157	0	0	0	0	0	0	0	674.685120025022
HMF002896A	0	0	0	0	0	0	0	0	0	0	0	0	0	47663.0293288038	0	0	979.970671196199
HMF000797A	1045.561716673	206.202430687429	0	0	0	429.462969996202	569.941511583745	0	0	0	0	0	0	0	0	0	390.831371059624
HMF000100A	794.938433437198	0	0	0	0	0	1769.58901901794	363.429031911465	667.287740410444	0	0	0	0	0	0	0	1063.75577522295
HMF002878A	1512.90342924714	532.789909341742	0	0	0	1804.28852975956	707.720930232558	731.711470240441	485.308632242806	0	0	0	0	0	0	0	565.277098935753
HMF000021A	919.95240613432	555.960397203126	0	0	0	851.142957870615	0	3064.01492449615	1855.36200716846	0	0	0	0	0	0	0	1239.56730712733
HMF000342A	777.902008120268	379.208493361132	0	657.994184132558	0	653.997256666301	1003.22879403051	474.135520684736	329.746515966202	0	0	0	0	0	0	0	276.787227038293
HMF002181A	1007.72428674179	0	0	0	0	530.38120354831	1101.79189642772	547.393430831935	0	0	0	0	0	0	0	0	986.709182450245
HMF003449A	1902.27495985643	758.915462359497	754.92641919335	0	0	3019.20704637763	1902.7735902522	828.723717767073	824.734674600926	0	0	0	0	0	0	0	566.444129592894
HMF000915A	451.313101838343	0	0	285.330172162241	312.408958272542	615.290195506274	1190.96512985118	0	0	0	0	0	0	0	0	0	581.69244236942
HMF001330A	1465.47539070099	0	0	1793.68601258025	1852.04565203294	565.140782050451	0	653.428441735296	527.730756760262	0	0	0	0	0	0	0	834.492964139811
HMF001902A	558.395529367752	0	0	416.422091283202	475.411054994388	1141.78638234194	1555.7089412645	476.910774410774	0	0	0	0	0	0	0	0	720.365226337444
HMF001690A	1178.35507183283	0	0	427.35411406182	358.716935132782	1314.6274270788	505.510317805834	832.664170657379	701.902829777971	0	0	0	0	0	0	0	434.869133652584
HMF002272A	7394.58532385427	0	0	0	0	0	0	3276.82211999705	0	24823.0018449731	0	0	0	0	0	0	5129.59071117558
HMF002813A	2067.26925730053	0	0	759.067601747528	1913.95263278915	1470.03587031502	1364.31754426305	0	1581.26557829386	0	0	0	0	0	0	0	1739.09151529086
HMF002743A	1067.38764044944	0	0	663.05139409072	0	725.603412401165	0	4441.6937161881	1579.31335830212	0	0	0	0	0	0	0	1142.95047856845
HMF001223A	0	0	0	36575.6051153394	17421.5974334495	0	0	4857.7483330003	0	0	0	0	0	0	0	0	8703.0491182108
HMF002796A	1675.60353287537	398.953222113183	0	0	379.005561007524	564.518809290154	1532.47906444226	664.755806346091	605.411514556755	0	0	0	0	0	0	0	277.272489368663
HMF002454A	1243.35997683174	0	0	3914.13321749204	1816.02577468868	2241.14885606719	1640.47494931943	1672.48421662323	2170.1282942369	0	0	0	0	0	0	0	845.244714740791
HMF001641A	943.260233918129	0	0	0	0	1052.34815486993	1283.0340794515	682.049707602339	598.98275862069	0	0	0	0	0	0	0	403.325065537412
HMF002952A	1716.26010286554	0	0	0	0	1028.25495958854	901.161645848641	4456.27185892726	2529.85745775165	0	0	0	0	0	0	0	1626.19397501837
HMF001405A	961.660708107485	329.569138507669	0	307.0302156614	0	0	1697.93218775228	0	482.33294891016	0	0	0	0	0	0	0	564.474801061006
HMF003666A	1232.85475681454	794.617316942811	0	0	0	1212.88949759487	1752.94975948691	817.57736504543	906.422768572956	0	0	0	0	0	0	0	753.688535542483
HMF001933A	1724.63830299142	481.538615767102	0	0	0	897.07193840725	1059.08493062796	1181.59475499238	555.544550485203	0	0	0	0	0	0	0	335.526906728685
HMF001066A	631.080863887494	520.804620793571	0	0	0	488.223003515821	734.33952787544	885.217478653943	575.441486690105	0	0	0	0	0	0	0	156.893018583626
HMF003800A	0	0	0	4392.27371293977	3856.8136613452	1071.92096309867	1577.85564736232	1266.08778554604	0	0	0	0	0	0	0	0	1220.048229708
HMF002721A	1127.3031026253	351.159904534606	0	291.303102625298	0	470.374701670644	521.751789976134	815.050119331742	614.529832935561	0	0	0	0	0	0	0	197.527446300715
HMF001064A	562.506562193927	0	0	0	166.705582761998	311.949069539667	885.436238981391	268.026640548482	0	0	0	0	0	0	0	0	353.375905974535
HMF003291A	1448.84951598709	0	0	0	0	585.8435024934	698.909797594603	1329.77970079202	2172.27368729833	0	0	0	0	0	0	0	586.343795834557
HMF003414A	479.492326835338	0	0	574.689340522605	240.497718788884	0	1043.65989216093	418.866860223973	413.856491082538	0	0	0	0	0	0	0	452.937370385732
HMF000390A	1287.16941910151	0	0	0	343.24517842707	730.892712784386	682.998036724795	512.872156138122	0	0	0	0	0	0	0	0	762.822496824117
HMF002809A	2028.94369855175	0	0	874.114099573007	1019.46678698772	2392.57516397412	869.119161861161	2103.36827045825	784.205220759783	0	0	0	0	0	0	0	1275.20759783421
HMF000497A	2765.5954074142	0	3924.29743989723	1545.93535511103	0	0	0	7065.13442833548	3967.7675032116	0	0	0	0	0	0	0	2512.26986603046
HMF000417A	0	0	0	7647.79394477678	4610.78733575403	1504.74647997701	1794.39016744599	0	0	0	0	0	0	0	0	0	3592.28207204619
HMF003645A	810.189532117367	300.497541633624	0	0	0	742.966375892149	636.613322759714	0	0	0	0	0	0	0	0	0	672.733227597146
HMF001128A	1262.30106965823	511.933211583616	0	510.931385337855	0	1071.45316984086	1201.69058178972	1896.45708322463	943.720323506392	0	0	0	0	0	0	0	281.513175058697
HMF000476B	0	0	0	8475.16142404975	4471.87664211087	1589.81165793675	0	0	0	0	0	0	0	0	0	0	3317.15027590263
HMF003802A	0	0	0	54991.0372297479	15759.5228381558	0	0	0	0	0	0	0	0	0	0	0	1723.4399320963
HMF003374A	0	0	0	24825.3960758985	29068.6730235481	0	0	0	0	0	0	0	0	0	0	0	3416.9309005534
HMF002841A	1029.8105690262	0	0	0	0	2563.75224872898	1754.43640007822	2251.55176965194	1088.44211967149	0	0	0	0	0	0	0	1563.00689284317
HMF001228A	1855.19639504318	0	0	5020.88471648517	1300.98835899362	800.800600826136	0	1715.14382275629	0	0	0	0	0	0	0	0	1294.9861058956
HMF000504A	1903.69386884158	0	0	2833.99900422021	1850.59082934231	726.910474655033	676.813267580255	1444.30247996586	669.799658589786	0	0	0	0	0	0	0	458.890416804967
HMF003568A	553.250699720112	0	0	347.786218845795	0	567.282420365187	975.705717712915	615.391176862588	0	0	0	0	0	0	0	0	700.583766493403
HMF003319A	1628.8985823337	0	0	1093.11624863686	1167.29378407852	555.329116684842	790.892911668484	0	734.257360959651	0	0	0	0	0	0	0	924.211995637943
HMF003376A	2205.87140373064	0	0	1032.90803825482	0	1504.59437243124	0	4490.27383022447	1958.27359310781	0	0	0	0	0	0	0	1465.07876225102
HMF003104A	683.407177669473	329.937970757643	0	0	0	0	1277.69605671245	429.069561364643	0	0	0	0	0	0	0	0	669.889233495791
HMF001391A	2218.00762655045	0	0	947.138367415354	0	2192.44992457258	1846.16811934294	2591.35052799195	864.95281595709	0	0	0	0	0	0	0	1298.93261816964
HMF002747A	939.433256963704	333.798625346678	0	0	0	364.779934884843	1788.92077655854	356.285059688894	0	0	0	0	0	0	0	0	360.782346557341
HMF003370A	2391.95659131826	0	0	0	0	1353.54130826165	0	5347.63862772555	3199.77965593119	0	0	0	0	0	0	0	2710.08381676335
HMF001174A	0	0	0	14152.2327935223	19190.2315123251	0	2397.40284682007	0	0	0	0	0	0	0	0	0	3317.13284733253
HMF000768A	2433.41574495771	0	1948.73129472999	0	0	0	1372.60637605725	1682.90435914118	2828.15875081327	0	0	0	0	0	0	0	1254.1834743006
HMF003325A	594.516668862828	0	0	0	0	442.757148504414	1524.10633812096	367.628673079457	0	0	0	0	0	0	0	0	871.991171432341
HMF001392A	0	0	0	0	0	5346.08934781369	0	5315.07432586512	0	0	0	0	21749.5342625848	0	0	0	2688.30206373639
HMF001729A	720.849218280216	322.70865904991	0	0	328.703247143716	405.134245339747	1033.06734816597	273.253307276007	0	0	0	0	0	0	0	0	239.283974744434
HMF000370A	2500.69305405822	0	1780.9179115971	2322.5011550901	0	0	0	6560.06468504543	4184.00585245649	0	0	0	0	0	0	0	2151.81734175266
HMF000221A	1002.7469909521	0	0	0	0	780.470573586785	1970.45040258986	0	876.089482858803	0	0	0	0	0	0	0	1401.24255001245
HMF003448A	1414.59758537427	0	0	5558.3834425664	3247.22400827872	0	1857.12811314246	0	0	0	0	0	0	0	0	0	2418.66685063815
HMF001461B	0	0	0	25138.8206017213	18116.6723768297	0	0	0	0	0	0	0	0	0	0	0	5492.507021449
HMF000851B	3237.11221284996	0	687.554827709978	2012.62410265614	0	2371.914034458	0	0	1309.55675699928	0	0	0	0	0	0	0	1534.23806532664
HMF000941A	1737.8025065418	0	0	0	0	1280.61754579259	1420.5211403388	627.067896983886	1468.98774273516	0	0	0	0	0	0	0	721.003167607764
HMF003001A	0	0	0	0	0	0	4688.61005610704	1616.67565817868	0	0	0	0	0	0	0	0	663.714285714281
HMF003513A	471.326462660536	0	0	1314.12208657048	2785.51942286349	0	942.652925321072	0	0	0	0	0	0	0	0	0	784.379102584422
HMF001778A	1815.58797892151	0	0	1195.03252902254	0	1146.44989896589	0	4944.40952494156	1535.11093941915	0	0	0	0	0	0	0	2004.40912872935
HMF001924A	0	0	0	16271.1249332069	8197.23902439024	0	0	0	0	0	0	0	0	0	0	0	4504.63604240286
HMF002568A	712.41421863713	0	0	2942.64567782326	1586.80893330123	0	1636.80291355647	0	538.935107151457	0	0	0	0	0	0	0	887.393149530453
HMF003678A	823.688959166589	613.012743000651	0	0	1590.33020184169	1068.89405636685	1036.36684959539	0	0	0	0	0	0	0	0	0	247.70719002883
HMF001423B	0	2997.9488076457	0	0	0	1731.56956352745	0	7357.41804421885	7552.70784461669	0	0	0	0	0	0	0	2261.35573999131
HMF000637A	783.381757644791	0	0	1597.23946376939	1347.93621309034	621.009900990099	688.456672215894	0	0	0	0	0	0	0	0	0	663.975992289485
HMF003518A	3554.75835101726	3509.280632763	0	2766.1447311796	0	0	0	12620.3166931307	7642.25568729874	0	0	0	0	0	0	0	3584.2439046107
HMF000415A	497.214212678937	0	0	0	0	158.929192229039	682.548568507157	297.431748466258	0	0	0	0	0	0	0	0	312.876278118609
HMF001191A	625.42761353246	285.238951539165	0	0	341.687290460226	577.471502590673	1055.5339835416	0	0	0	0	0	0	0	0	0	392.640658335876
HMF003447A	2881.76456079552	4119.09283629154	0	2083.05265458406	0	3601.45550195913	0	13987.210946159	0	0	0	0	0	0	0	0	5365.42350021075
HMF002252A	1336.92383068421	0	0	557.468239047456	0	873.950207941662	822.953113427904	3033.82715205378	1211.43098045918	0	0	0	0	0	0	0	939.446476385808
HMF002569A	1827.52860203883	603.518732549834	0	673.405103564704	895.543925719109	535.629114992533	1501.05941172651	901.534186091812	524.147782611519	0	0	0	0	0	0	0	225.633140705149
HMF000668A	688.23568753344	0	0	0	260.27822364901	619.662386302836	1438.03718566078	0	0	0	0	0	0	0	0	0	735.786516853934
HMF001504A	1749.85110589398	0	0	0	0	1417.47436055851	625.268132954405	1859.3105152601	1133.57963672309	0	0	0	0	0	0	0	1304.51624860992
HMF001340A	1245.02989739356	1814.35764830758	0	0	0	603.287651845737	952.874867319259	1734.95140936431	1383.86596296733	0	0	0	0	0	0	0	734.632562802224
HMF003459A	1452.7540798522	387.800882685005	0	0	0	400.294467823052	833.572000410551	739.12049676691	651.165657395053	0	0	0	0	0	0	0	404.292415067229
HMF000624A	2146.85533354122	0	0	5239.90985631701	3427.15450118736	1403.52044903931	0	5659.16275276452	1520.73093621819	0	0	0	0	0	0	0	1484.66617093239
HMF002801A	0	0	0	15807.183054125	6535.90264212001	0	0	0	0	0	0	0	0	0	0	0	2999.91430375499
HMF002655A	559.49482560368	0	0	175.029129934841	201.458029896512	255.31314679954	888.609428899962	288.224607129168	0	0	0	0	0	0	0	0	233.870831736297
HMF001163A	0	0	0	23372.6179659203	10591.1863183182	0	0	0	0	0	0	0	0	0	0	0	6211.1957157615
HMF002073A	827.718089725036	272.736613603473	0	0	0	514.946743849493	1278.60926193922	0	0	0	0	0	0	0	0	0	563.989290882778
HMF003429A	2098.51395919219	672.184156969159	582.726191097427	0	766.639774565569	1571.76146741116	2521.31529509993	738.153159734906	0	0	0	0	0	0	0	0	625.705995929658
HMF001339A	1088.2514390974	789.908358277688	0	0	0	726.335252129864	902.537877043518	1370.57609947041	1380.08703661064	0	0	0	0	0	0	0	264.30393737048
HMF003331A	1034.67252593309	0	0	2213.36906707581	1294.21580334212	3902.15066208599	2027.83813081618	2134.85597545112	1458.74323738368	0	0	0	0	0	0	0	927.154597912011
HMF001671A	2984.20515648697	869.453559446666	3986.9582241831	0	0	0	1303.92977618457	0	0	0	0	0	0	0	0	0	1759.45328369869
HMF000735A	2785.28202091968	613.282284060259	0	0	506.233010986119	898.913755673969	1588.73126767976	0	0	0	0	0	0	0	0	0	1211.55766068021
HMF001161A	332.05500778412	0	0	0	0	217.345096004152	918.685521536066	187.661390762844	0	0	0	0	0	0	0	0	283.252983912818
HMF000848A	1308.12242366412	819.202910305343	0	0	0	744.138501908397	731.627767175572	3493.49756679389	2885.97628816794	0	0	0	0	0	0	0	506.434541984738
HMF002524A	0	221.56759231004	0	0	302.59231003967	1293.8947207812	760.732072017089	0	256.078120231919	0	0	0	0	0	0	0	443.135184620082
HMF000054B	4450.78722692289	0	0	0	0	1596.92365791864	1389.93355322912	6334.19718915818	4320.79344136909	0	0	0	0	0	0	0	2825.36493140208
HMF002995A	1031.61135510152	571.844440201133	0	925.511297816816	1009.69397237604	1779.29297944116	791.018267455923	1098.85787028197	531.496531092865	0	0	0	0	0	0	0	86.6732862325725
HMF000371A	1308.13374607752	809.988380968535	0	0	0	0	632.724959715037	0	0	0	0	0	0	0	2584.12908150284	0	586.023831736068
HMF000025A	848.083496956607	0	1351.33634400157	2534.75515413312	1200.41046534459	1242.88960337718	767.623011977224	1123.44826232083	793.610249361869	0	0	0	0	0	0	0	318.843412527011
HMF002917A	2471.58786262087	0	0	987.335361787262	0	1200.79976658886	0	4048.32494164722	1857.69023007669	0	0	0	0	0	0	0	1428.2618372791
HMF000785A	1349.33763110428	0	0	1442.61901262609	1034.57532233282	0	1921.49669316588	0	695.370298617142	0	0	0	0	0	0	0	1023.60104215379
HMF002025A	2111.07923159699	859.328723446654	0	0	0	1785.64409549241	0	4845.03431509306	1526.19580726157	0	0	0	0	0	0	0	1415.71782710932
HMF001559A	0	0	0	0	0	3263.9357097836	1899.9103578682	550.422578611948	0	0	0	0	0	0	0	0	1443.73135373625
HMF000817A	1129.04036892515	0	0	4508.15409719759	2667.95842497339	1159.5684994679	2636.92983327421	0	1136.04682511529	0	0	0	0	0	0	0	870.301951046469
HMF000766A	2111.02103028361	0	3776.72119852588	0	0	1219.37858516263	1550.11688831918	1410.01594295786	1518.09381509373	0	0	0	0	0	0	0	905.652539657111
HMF002579A	0	1005.410751316	0	651.645876535333	416.1352687829	441.083426383793	568.817993300367	1149.61110224916	1542.29510288722	0	0	0	0	0	0	0	481.000478545227
HMF001945A	4488.71679277309	0	0	0	0	0	1126.29980724417	4698.99272130959	4732.45706148048	0	0	0	0	0	0	0	2314.53361719267
HMF000984A	0	0	0	27011.6397751166	11596.7092513027	2548.81524819453	0	0	0	0	0	0	0	0	0	0	2612.83572538617
HMF002680A	1005.67786321327	0	0	338.227977876703	452.304869823283	281.189531903413	586.395251585053	492.331849453662	0	0	0	0	0	0	0	0	552.872656144616
HMF002342A	616.247486465584	0	0	482.627481309616	373.936581593194	447.726733694251	1325.23124516628	0	0	0	0	0	0	0	0	0	622.230471771075
HMF003005A	0	0	0	0	0	5927.32751393963	0	5630.61088252259	0	0	0	0	23159.408575274	0	0	0	4318.65302826378
HMF003283A	0	0	0	6312.67419078893	8570.73649935153	0	0	0	0	0	0	0	0	0	0	0	3236.58930985954
HMF000629A	1114.16253641238	0	0	2106.02676573648	1574.90268923882	2153.94773504454	0	3163.78232785916	918.485245071136	0	0	0	0	0	0	0	792.692700637484
HMF003665A	0	0	0	1274.73600776448	1493.44807505662	1921.86347460369	1095.56227758007	1069.0365577483	0	0	0	0	0	0	0	0	880.35360724684
HMF002265A	762.280049566295	0	0	340.795814401762	0	0	1116.60746248107	551.28734682638	0	0	0	0	0	0	0	0	869.029326724493
HMF000701A	0	0	0	18991.0156992654	9816.10940515627	0	0	0	0	0	0	0	0	0	0	0	5918.87489557833
HMF002846A	0	776.380185067007	0	2142.78932673899	510.592373962987	1014.68993299298	467.127074026803	497.602744097001	517.586790044671	0	0	0	0	0	0	0	336.231573069561
HMF003581A	5704.07037405339	0	0	0	0	0	1303.10227185803	6994.18159565517	2949.4680639486	0	0	0	0	0	0	0	2645.17769448481
HMF001349A	1213.25336091003	0	0	0	0	694.717683557394	799.325749741468	1728.78593588418	627.147880041365	0	0	0	0	0	0	0	744.769389865563
HMF001327A	0	0	0	73667.0856809468	0	0	0	0	6844.11437025218	0	0	0	0	0	0	0	3457.79994880102
HMF000737A	728.350955414013	317.807643312102	0	0	536.363057324841	318.810191082803	793.516560509554	0	0	0	0	0	0	0	0	0	453.151592356687
HMF002481A	747.324676893345	0	0	267.079961347989	514.690542336031	673.940089382776	1111.25232516004	319.497523855538	0	0	0	0	0	0	0	0	499.214881024281
HMF003450A	882.159969755887	402.212788939296	0	0	378.140203067617	1479.96251890257	986.976020738821	0	0	0	0	0	0	0	0	0	513.548498595809
HMF002414A	2287.43119598172	0	1168.9758812616	0	0	0	955.889135254989	3094.75985338703	2122.86420200009	0	0	0	0	0	0	0	1424.07973211457
HMF000907A	821.343644544432	317.713160854893	0	0	246.553430821147	242.043307086614	559.255343082115	330.241282339708	0	0	0	0	0	0	0	0	155.849831271091
HMF001478A	0	499.541640222833	0	0	410.123686622946	2819.91255905789	1541.58550172766	672.882589380157	0	0	0	0	0	0	0	0	1139.95402298851
HMF002701A	859.101160092807	0	0	0	0	1284.40371229698	2827.68723897912	0	0	0	0	0	0	0	0	0	1490.80788863109
HMF000261A	0	0	0	57573.1360292283	28545.7526126416	0	0	0	0	0	0	0	0	0	0	0	4092.1113581301
HMF000889C	1518.08084358524	0	0	1787.09516962241	2925.15577568302	0	1473.07844703627	0	0	0	0	0	0	0	0	0	1685.58976407306
HMF001836A	520.399267399267	0	0	0	239.875457875458	205.750915750916	967.531135531136	0	0	0	0	0	0	0	0	0	258.443223443223
HMF001708A	0	0	0	34899.5844263427	24711.0162022561	0	0	0	0	0	0	0	0	0	0	0	1967.3993714012
HMF001931A	543.444358278402	435.154711128344	0	0	536.95696006204	541.947266382319	1441.20046529663	0	0	0	0	0	0	0	0	0	362.296238852265
HMF003362A	0	0	2047.4064133227	0	0	1207.53459119497	596.263973779786	0	602.266631233945	0	0	0	0	0	0	0	1193.5283904686
HMF001041A	0	3000.3740880843	0	1958.70267044943	1637.34128163559	2289.57475457084	1554.24783842205	1747.96568495001	2016.76796811673	0	0	0	0	0	0	6514.82628568855	1511.1994280825
HMF000133A	2260.74969623329	0	659.198055893074	0	0	780.55042527339	1166.08140947752	1284.43742405832	1201.03888213852	0	0	0	0	0	0	0	867.944106925886
HMF001947A	2243.55754534929	0	0	0	0	3656.5384793516	2882.50111925897	1198.33191817831	0	0	0	0	0	0	0	0	2983.07093786183
HMF000727A	623.147937411095	346.47226173542	0	0	0	435.349928876245	732.110953058321	266.633001422475	374.591749644381	0	0	0	0	0	0	0	398.694167852063
HMF001427A	1518.08353637313	0	0	0	0	922.462234597981	1469.03237034459	1474.53811347024	764.297250261051	0	0	0	0	0	0	0	1041.58649495301
HMF002625A	1995.22382198953	0	0	819.529543754675	0	0	0	3620.75766641735	2260.71933433059	0	0	0	0	0	0	0	2019.76963350785
HMF003231A	2211.59643499335	963.670549605191	0	0	0	2312.50957704636	0	3255.69775623485	2463.87929012587	0	0	0	0	0	0	0	1572.64639199438
HMF002652A	974.0775910141	847.067473910619	1278.60184816379	1897.65115908548	1429.61387716084	1357.60814148012	885.07050107544	1427.61371783637	2456.69569027324	0	0	0	0	0	0	0	1.81898940354586e-12
HMF000035A	724.34132466477	335.767574156847	0	0	160.411214953271	183.327102803738	524.574563185697	391.064607882974	0	0	0	0	0	0	0	0	132.513612352703
HMF001148A	0	0	0	12962.8456297773	5026.16467264872	0	2510.08283482885	0	0	0	0	0	0	0	0	0	3568.90686274513
HMF002225A	0	0	0	6302.40863840354	11532.9280816457	0	0	0	0	0	0	0	0	0	0	0	4100.66327995076
HMF001036B	1368.34635679802	0	0	0	0	1143.37161782867	564.936566745257	622.430111148535	0	0	0	0	0	0	0	0	753.915347479518
HMF001423A	0	2829.98786283542	0	0	0	1649.99115303064	0	7008.32865394458	6977.76398332968	0	0	0	0	0	0	0	2092.92834685968
HMF001263A	4074.50561831601	0	1701.0071998795	1370.01934026209	0	1470.66769091731	1146.69016418135	2336.94453984034	3248.78855249285	0	0	0	0	0	0	0	1273.37689411055
HMF001447A	1210.43273529236	0	0	9270.31418012756	3150.6263634738	0	0	1267.95329915956	0	0	0	0	0	0	0	0	1883.67342194672
HMF001970A	1010.73752528658	0	0	0	316.322488199595	227.154416722859	871.754888739043	0	0	0	0	0	0	0	0	0	529.030681051923
HMF002363A	941.382150456878	0	0	0	0	314.960570784829	1633.79546876956	0	382.452121667293	0	0	0	0	0	0	0	721.40968832144
HMF003363A	848.94748603352	382.426815642458	0	0	0	871.973184357542	785.376536312849	288.822346368715	0	0	0	0	0	0	0	0	406.453631284916
HMF002368A	0	0	0	22063.1420246289	14166.7279882921	0	0	0	0	0	0	0	0	0	0	0	1707.129987079
HMF000625A	1075.36480686695	0	0	0	0	587.467811158798	595.931330472103	341.527896995708	458.523605150215	0	0	0	0	0	0	0	537.184549356226
HMF002824A	4151.77358490566	0	4632.05330937406	0	0	0	2242.63671758011	2921.11919736448	5380.4309673555	0	0	0	0	0	0	0	2342.98622342019
HMF002951A	0	0	0	25309.9879401778	12308.0215532415	0	0	0	0	0	0	0	0	0	0	0	6408.9905065807
HMF000275A	560.030962343096	0	0	0	0	1194.99916317992	2183.67112970711	479.598326359833	667.4410041841	0	0	0	0	0	0	0	884.25941422594
HMF002435A	965.739086035231	498.881797293847	0	0	0	494.878733724789	994.761296910901	1309.00178708195	983.752872095992	0	0	0	0	0	0	0	632.98442685729
HMF000082A	2892.44863692104	0	0	1372.31506461655	1458.20960286765	2016.02471464956	842.965003301575	801.016507876615	0	0	0	0	0	0	0	0	1205.02046976701
HMF000502A	1298.08452545204	0	0	0	0	976.435262508169	1471.89499673226	1287.59596252995	951.96194902331	0	0	0	0	0	0	0	892.027303754271
HMF002657A	0	0	0	44707.0122051896	12982.8911407158	0	0	0	0	0	0	0	0	0	0	0	4096.0966540946
HMF000935A	674.770485229247	0	0	0	0	1287.01590696431	506.202914048924	528.211736398877	0	0	0	0	0	0	0	0	745.798957358642
HMF002197A	1538.95103180549	0	0	0	0	478.573179867874	962.658720969829	2565.25246884152	733.14404413267	0	0	0	0	0	0	0	1079.42055438262
HMF001269A	0	363.940368824875	0	0	0	988.195719477722	838.514604926639	603.73051554718	399.983981693364	0	0	0	0	0	0	0	524.63480953022
HMF003382A	1086.90104080621	0	0	0	0	525.143234759623	483.011399306129	331.03584999174	0	0	0	0	0	0	0	0	609.908475136298
HMF002359A	757.786389413989	255.09640831758	0	0	0	228.586389413989	936.854064272212	0	0	0	0	0	0	0	0	0	467.67674858223
HMF003712A	1353.76924922044	474.795874310386	0	0	0	474.295034780523	454.261453585992	862.445670424562	0	0	0	0	0	0	0	0	556.432717678097
HMF002494A	0	0	0	15069.2706953642	20076.3638245033	0	0	0	0	0	0	0	0	0	0	0	3503.3654801325
HMF003519A	1347.36475454447	340.349951017743	0	0	0	496.239251115707	1024.05736366605	600.499619026886	420.550234026342	0	0	0	0	0	0	0	375.938826602802
HMF001425A	858.623528321127	0	0	0	0	945.53481041995	1290.68248818022	5440.9459534625	995.983313247427	0	0	0	0	0	0	0	1244.22990636878
HMF000719A	1335.62695968645	0	1014.83664613662	1625.93719671519	755.006485628966	1088.28863381859	0	2343.46817842479	1517.00839865622	0	0	0	0	0	0	0	1028.82750093317
HMF000179A	1123.89522748593	539.689786585366	0	0	0	932.828037054409	585.205792682927	3019.06167917448	1934.68034709193	0	0	0	0	0	0	0	395.639129924958
HMF002980A	739.945205479452	707.882583170254	0	0	0	4501.2915851272	1342.62230919765	0	0	0	0	0	0	0	0	0	1156.25831702544
HMF003701A	721.549706872895	0	0	0	0	3239.97804665087	619.613321691406	1510.55731570413	1095.31645253836	0	0	0	0	0	0	0	824.98515654234
HMF002195A	1734.20147278794	0	847.109941318605	1298.40214014498	697.67874813025	0	704.675526406627	1631.24887814981	1094.99580025314	0	0	0	0	0	0	0	678.687492808648
HMF001252A	1570.47175521184	0	0	7433.99949562878	5579.62323470074	3212.91930060525	1581.96788836584	2370.20275722932	0	0	0	0	0	0	0	0	2034.81556825823
HMF000773A	429.184838160136	498.375851788756	0	0	728.009795570699	912.01778109029	1798.96635434412	0	0	0	0	0	0	0	0	0	342.445379045999
HMF000988A	916.932571070561	656.167358446237	0	0	501.009554389537	1935.46847834599	1859.89161249902	0	447.455086537708	0	0	0	0	0	0	0	74.0753387109471
HMF001138A	0	0	0	9849.34766202795	2555.53343194373	0	0	1298.75467141607	0	0	0	0	0	0	0	0	2850.36423461225
HMF003528A	1742.58860428646	0	0	1731.09461578672	1258.84161003659	1302.31887088343	1202.37114479875	2195.35180345008	0	0	0	0	0	0	0	0	1083.43335075797
HMF002196A	1425.65606431318	0	0	0	0	821.742747291157	361.54677851567	689.042059885821	0	0	0	0	0	0	0	0	1000.01234999417
HMF000718B	1809.05656848995	566.831054230949	0	1019.59548854605	1279.747428705	1107.14662225339	1358.79359513791	700.409069658719	0	0	0	0	0	0	0	0	719.420172978032
HMF001575A	1431.59680968097	972.925009167583	1750.56398973231	910.834066740007	0	1468.15034836817	0	5152.04602126879	1251.833516685	0	0	0	0	0	0	0	717.050238357169
HMF003236A	839.04473085671	0	0	2059.65504169826	2679.94882486732	603.812547384382	707.194844579227	0	0	0	0	0	0	0	0	0	1015.3440106141
HMF002241A	778.951617911931	0	0	1081.93279920502	1122.4302838333	3180.30246568536	662.958822433389	0	0	0	0	0	0	0	0	0	1223.424010931
HMF002350A	3529.00548348268	0	0	3865.26828942089	1402.18082118497	2130.83375685435	0	7752.5865989033	2105.27577905577	0	0	0	0	0	0	0	1696.84927109804
HMF000514A	676.547459893048	443.70320855615	0	0	0	881.410427807487	913.888703208556	818.952205882353	0	0	0	0	0	0	0	0	750.497994652406
HMF002119A	265.893043827905	0	0	0	0	201.918777643747	1269.48934459188	0	302.378367511057	0	0	0	0	0	0	0	446.320466425411
HMF002075A	0	0	0	17862.3869770032	15882.2898150512	3142.44770612396	0	0	0	0	0	0	0	0	0	0	6218.87550182164
HMF001223B	0	0	0	38286.2240821762	18195.4381811905	0	0	4795.91021495149	0	0	0	0	0	0	0	0	9742.42752168181
HMF000054A	4365.62755519215	0	0	0	0	1567.0584627964	1322.65944399019	6287.26492232216	4215.8830744072	0	0	0	0	0	0	0	3066.5065412919
HMF001130A	0	0	0	7829.31912432646	6251.46782520383	0	1148.7996163286	0	0	0	0	0	0	0	0	0	2475.41343414111
HMF001461A	0	0	0	30527.7460385053	24949.7825456749	0	0	0	0	0	0	0	0	0	0	0	5600.4714158198
HMF001459A	448.049898756147	468.621058721435	0	0	0	0	1378.76945328319	352.21839745444	260.400781024009	0	0	0	0	0	0	0	560.940410760779
HMF000793A	1687.12516274629	0	676.646471660446	0	0	857.78413332176	0	4326.34580331568	2416.66582761913	0	0	0	0	0	0	0	1533.43260133669
HMF001669A	966.151785714286	500.113839285714	0	0	731.629464285714	1089.92745535714	2442.94084821429	770.215401785714	0	0	0	0	0	0	0	0	683.021205357142
HMF000251A	1289.90987320723	0	0	4898.25907295781	2736.7479526086	1260.92313448348	0	0	0	0	0	0	0	0	0	0	1836.15996674288
HMF002432A	1527.73817944393	0	0	0	1465.62685673867	1615.39528810055	3125.60204581316	0	778.896022634529	0	0	0	0	0	0	0	692.741607269161
HMF002179A	2821.86977854396	0	0	0	0	1125.24559077045	1355.89842195995	653.432966450073	748.996286964594	0	0	0	0	0	0	0	840.556955310974
HMF002044A	1214.03492582642	0	0	262.765097535335	550.603200560682	339.488494334774	980.354514659503	0	316.421329283962	0	0	0	0	0	0	0	629.332437799324
HMF002088A	1115.84133010408	0	0	0	0	1779.03004516594	1089.27367938731	1601.07691300648	976.987759376841	0	0	0	0	0	0	0	1095.79027295935
HMF000734A	1150.6055576512	458.436564818308	0	256.303156041745	249.782723500566	467.966427763108	792.483339620269	563.265057211115	0	0	0	0	0	0	0	0	50.1571733936889
HMF000992A	724.58980271586	425.019087881117	0	0	0	354.767998975147	1092.40443248783	571.542787599283	332.1872918268	0	0	0	0	0	0	0	416.488598513963
HMF003238A	1168.16118273122	0	0	0	0	3028.80711287663	4800.32630040474	1804.06546994454	0	0	0	0	0	0	0	0	2559.63993404287
HMF002473A	0	546.066489078316	0	0	744.636121470432	2242.43281832712	825.86915290357	0	0	0	0	0	0	0	0	0	346.995418220562
HMF002125A	367.134219188102	280.102401560405	0	0	438.660368157991	740.270632695355	1351.99427038888	434.658905278557	0	0	0	0	0	0	0	0	490.17920273071
HMF001966A	905.832782065417	525.192943770673	0	0	0	549.701947813304	0	2729.00257258361	925.339948548328	0	0	0	0	0	0	0	1169.92980521867
HMF001055A	1629.00888488282	0	0	9005.34128251352	4996.12771053309	0	0	0	0	0	0	0	0	0	0	0	3802.52212207057
HMF003453A	816.985932194254	0	0	1630.47620330944	3718.38462782299	0	1385.77992777448	0	0	0	0	0	0	0	0	0	1713.37330889884
HMF003545A	889.126542750929	452.609665427509	0	0	0	480.772044609665	664.833308550186	624.09843866171	0	0	0	0	0	0	0	0	270.560000000001
HMF002058A	2551.20180365477	0	1304.10315639585	1914.15141207183	2384.18859267463	0	1185.59378213749	1327.10497587216	0	0	0	0	0	0	0	0	1975.65627719327
HMF003306A	660.065361890694	599.877031019202	0	0	539.187130723781	1565.89974150665	1190.72581240768	0	0	0	0	0	0	0	0	0	877.244922451993
HMF001352A	1154.0139229227	0	0	472.21029182446	0	749.333704611272	596.765760748496	0	1020.95466696369	0	0	0	0	0	0	0	497.721652929382
HMF003337A	3167.38931582134	1386.98416468725	0	0	0	1706.32588142145	0	9702.88272553677	3008.71952866657	0	0	0	0	0	0	0	2521.69838386662
HMF003808A	412.44	240.465018181818	0	329.952	1168.33003636364	285.9584	612.910836363636	351.448872727273	0	0	0	0	0	0	0	0	35.4948363636331
HMF004101A	0	0	0	0	0	1068.92151162791	2396.79302325581	0	553.530717054264	0	0	0	0	0	0	0	1159.75474806202
HMF004170A	4073.14107214833	0	0	0	0	0	1334.53768641677	1841.7420395002	897.361547762999	0	0	0	0	0	0	0	1781.2176541717
HMF003025B	0	0	1668.96963190742	11552.7897887516	6892.87457923179	2530.95394748813	0	0	2001.96357284521	0	0	0	0	0	0	0	2831.44847977585
HMF004244A	573.272900460391	304.645023019527	0	210.100015875536	534.254326083505	365.173837117003	627.298618828385	0	0	0	0	0	0	0	0	0	536.255278615653
HMF003850A	0	0	0	1952.40982192684	1017.93161179037	2275.7292882147	2058.85038810816	806.049921363706	0	0	0	0	0	0	0	0	1739.02896859622
HMF003977A	0	0	0	1046.09990436723	3799.17870576984	1035.0935926044	873.000637551801	0	0	0	0	0	0	0	0	0	1093.62715970673
HMF004174A	1261.75389389509	0	0	1137.07465536791	0	0	0	2859.14429790535	1384.43826460584	0	0	0	0	0	0	0	1714.58888822581
HMF004010A	0	0	0	8406.17156823031	7058.76248345891	0	0	0	0	0	0	0	0	0	0	0	3062.06594831078
HMF001515B	0	0	0	18398.9060270523	10119.1733221422	0	0	0	0	0	0	0	0	0	0	0	2457.9206508055
HMF003935A	995.229105571848	423.310117302053	0	0	298.218475073314	1014.24303519062	801.086876832844	330.742302052786	0	0	0	0	0	0	0	0	232.170087976535
HMF004030A	849.228947368421	286.752631578947	0	0	235.618421052632	991.602631578947	855.746052631579	0	0	0	0	0	0	0	0	0	591.051315789474
HMF001698B	0	0	0	42996.5726295677	69359.5843064029	0	0	0	0	0	0	0	0	0	0	0	2779.8430640294
HMF001982B	0	0	0	15004.4754276147	6774.81017523164	0	0	0	0	0	0	0	0	0	0	0	4524.71439715366
HMF004136A	519.616519174041	363.731563421829	0	0	0	571.078539823009	792.91482300885	0	0	0	0	0	0	0	0	0	462.658554572271
HMF004381A	0	447.202538503212	1143.96006501045	0	0	541.534323968733	1615.61899233805	1344.10316538968	659.324278306633	0	0	0	0	0	0	0	697.256636483242
HMF004042A	690.5	359.5	0	0	0	412	863	425	302	0	0	0	0	0	0	0	276
HMF004315A	455.614517121181	0	0	186.983391429157	0	278.207094525323	802.36538855854	320.038958376051	0	0	0	0	0	0	0	0	414.790649989748
HMF004081A	0	0	0	7212.34911131899	10133.8956033676	0	1235.73115060805	0	0	0	0	0	0	0	0	0	2802.02413470536
HMF004121A	1550.32914600551	379.458181818182	0	0	0	0	1279.85895316804	393.456639118457	0	0	0	0	0	0	0	0	933.897079889811
HMF003882A	574.893484545252	0	0	0	0	301.96931287525	711.105181231932	294.958416722259	0	0	0	0	0	0	0	0	369.073604625307
HMF004062A	561.842841163311	302.915268456376	0	0	0	257.927852348993	1854.98112416107	0	0	0	0	0	0	0	0	0	597.33291387025
HMF003817A	1166.6795423341	390.392768878719	0	0	0	1087.70123569794	1255.65510297483	687.311212814645	429.382059496567	0	0	0	0	0	0	0	443.878077803199
HMF002980C	856.658905704307	973.885913853318	0	0	0	5205.07954986418	1456.82110981762	1022.48001552192	0	0	0	0	0	0	0	0	813.074505238656
HMF004287A	586.932328279834	0	0	1481.37706445329	1751.26560514949	706.827051748963	818.695350215974	0	0	0	0	0	0	0	0	0	577.902600152449
HMF004012A	1827.87463642603	0	0	1216.57884244583	1315.78914343606	0	1861.44579888232	0	0	8369.24069414033	0	0	0	0	0	0	741.070884669431
HMF003981A	0	0	0	15477.5917296052	5406.75469137786	2244.5208634635	0	0	0	0	0	0	0	0	0	0	4881.13271555344
HMF001924B	0	0	0	15828.6381793573	8210.20252307906	0	0	0	0	0	0	0	0	0	0	0	4788.15929756364
HMF004039A	3368.93724377168	3262.97067171239	4754.00031535793	0	0	4446.59728792179	0	11282.4408703879	2532.20119836014	0	0	0	0	0	0	0	2052.85241248817
HMF003849A	1754.17386455171	0	0	1370.74515149638	0	1030.80835243819	1408.7380878617	7523.10130739203	1309.75649048888	0	0	0	0	0	0	0	1738.67674577111
HMF004286A	2235.92879148986	0	0	857.547985816428	690.44120211591	714.456548276463	868.555019473348	1492.45369993606	1142.22990176132	0	0	0	0	0	0	0	605.386851130611
HMF003938A	1141.32965599051	338.356583629893	0	0	0	856.37153024911	734.603084223013	638.286239620403	0	0	0	0	0	0	0	0	498.052906287071
HMF003837A	2287.72002597028	1415.63615158948	1123.60806521425	5335.51315346511	2512.74166786899	0	0	4504.93327081229	2599.75003606983	0	0	0	0	0	0	0	1015.09762900977
HMF004104A	1924.14622980838	670.140605584985	0	517.653521679419	0	511.634294683147	879.810345955137	1739.05499967301	950.536263161337	0	0	0	0	0	0	0	477.023739454585
HMF002761B	0	0	11152.5952662722	0	0	1136.17189349112	0	929.049408284024	0	0	0	0	0	0	0	0	2001.18343195266
HMF004215A	1665.28236285105	5961.59076652866	0	8793.77170815635	3846.46199616467	2013.55054931269	0	3210.47224761188	0	0	0	0	0	0	0	0	2428.8703693747
HMF004335A	2724.82513938165	507.899391789154	0	997.265965534719	662.673466801825	0	578.023568170299	1452.07133806386	810.936011150532	0	0	0	0	0	0	0	172.305119107961
HMF004071A	1394.55354192984	726.612039646293	633.842386551356	0	0	1164.38451073754	696.023127004178	3451.53255271597	1683.89456806919	0	0	0	0	0	0	0	570.157273345632
HMF003871A	567.4266487214	291.705248990579	0	0	0	395.600269179004	1046.94212651413	398.597240915209	0	0	0	0	0	0	0	0	268.728465679678
HMF004131A	1729.48316267102	0	0	15635.766346204	3472.9500182542	2925.58832426418	2438.15674275482	0	0	0	0	0	0	0	0	0	2525.05540585178
HMF004386A	0	0	0	2609.76765566235	1967.4634350188	775.470956957794	603.755954868366	0	0	0	0	0	0	0	0	0	1231.54199749269
HMF004078A	0	0	0	705.627971510499	1168.1951715845	1143.63851632596	1381.6877254648	0	0	0	0	0	0	0	0	0	1018.85061511424
HMF003956A	320.818009118541	723.0976443769	0	0	223.265197568389	226.282294832827	457.593085106383	586.322568389058	0	0	0	0	0	0	0	0	109.621200607902
HMF003720B	0	0	0	12546.6591838102	5079.65958587415	1542.39663606513	0	0	0	0	0	0	0	0	0	0	3214.28459425052
HMF003851A	0	0	0	5011.23226160029	6465.94483010596	0	0	0	0	0	0	0	0	0	0	0	2209.82290829375
HMF003975A	2185.55923566879	1445.03916519854	0	0	0	5948.16121425667	2765.57495595609	3304.08955142973	1195.03238921263	0	0	0	0	0	0	0	1604.54348827755
HMF004094A	631.814825666569	177.947846469382	0	0	0	203.940228537943	337.900966891298	170.949897450923	0	0	0	0	0	0	0	0	183.446234983885
HMF004227A	2790.97021625687	0	0	4386.09625595333	2288.61559145911	2359.665747556	1355.45685117244	3754.65050247248	3166.23512521933	0	0	0	0	0	0	0	1855.30970991044
HMF004276A	636.887944040598	0	0	361.652448223838	275.735015772871	520.000274310794	968.069674941709	366.64764778494	0	0	0	0	0	0	0	0	513.00699492525
HMF003997A	652.974204254035	311.703726052195	0	0	0	484.594056418766	1173.64972092322	363.82139085835	0	0	0	0	0	0	0	0	335.256901493434
HMF004023A	1099.7195035461	1282.09007092199	0	2466.24964539007	2075.02730496454	817.419858156028	971.310638297872	692.008865248227	0	0	0	0	0	0	0	0	459.174113475174
HMF004129A	1050.86681715576	378.853273137697	0	0	0	413.431151241535	852.419864559819	423.954853273138	0	0	0	0	0	0	0	0	432.474040632051
HMF004157A	4425.5726224898	0	0	0	0	0	0	3621.51511070622	2505.85400245574	0	0	0	0	0	0	0	2095.05826434824
HMF003810A	1038.50703779851	0	0	3856.16953977542	1378.34572196742	0	706.664557962992	1151.95318677843	0	0	0	0	0	0	0	0	1348.35995571723
HMF004135A	587.281825708963	358.256882632995	0	472.519871662182	0	1226.45601324777	1250.90529910991	0	372.227903125647	0	0	0	0	0	0	0	553.352204512533
HMF003861A	879.031350806452	0	0	309.18689516129	702.424596774194	605.86622983871	1684.01794354839	0	0	0	0	0	0	0	0	0	782.472983870965
HMF004098A	851.631477927063	0	0	0	0	564.080614203455	1039.99232245681	587.124760076775	408.78310940499	0	0	0	0	0	0	0	724.387715930907
HMF003921A	473.372019077901	469.876656067833	0	0	0	502.333598304187	796.942766295707	652.134870164282	507.826311605723	0	0	0	0	0	0	0	366.513778484367
HMF004004A	0	0	0	7626.77059100627	2840.05884697612	0	1605.92600644998	0	0	0	0	0	0	0	0	0	1755.24455556763
HMF004127A	523.760732764648	384.158159697944	0	0	295.274507061949	779.866172563278	1282.0337015802	0	0	0	0	0	0	0	0	0	325.906726331981
HMF004280A	7021.05973059357	0	0	0	0	4032.73679899574	0	8909.00020477026	0	0	0	0	32906.5326163407	0	0	0	3259.67064929973
