GEL-2629536-11	GEL-2257042-11	GEL-2563198-11	GEL-2610056-11	GEL-2383195-11	GEL-2001652-11	GEL-2649173-11	GEL-2891846-11	GEL-2898088-11	GEL-2643445-11	GEL-2106674-11	GEL-2758244-11	GEL-2261267-11	GEL-2125919-11	GEL-2681553-11	GEL-2138631-11	GEL-2593660-11	GEL-2123487-11	GEL-2077348-11	GEL-2329066-11	GEL-2748137-11	GEL-2848345-11	GEL-2266772-11	GEL-2178930-11	GEL-2941157-11	GEL-2680693-12
A[C>A]A	297	43	44	73	74	55	76	89	56	144	210	86	53	74	126	204	720	61	179	47	44	52	61	116	86	296
A[C>A]C	175	43	36	42	74	36	32	82	52	123	94	58	37	62	54	136	287	27	110	37	23	40	42	68	72	98
A[C>A]G	19	10	5	8	14	7	13	8	6	13	13	13	8	7	9	23	57	4	14	4	8	12	5	17	36	21
A[C>A]T	136	28	25	39	62	32	44	49	33	110	123	46	42	44	71	112	336	27	113	26	22	26	33	83	51	177
C[C>A]A	252	27	30	50	60	33	48	49	30	85	112	54	31	48	65	159	1305	30	131	28	22	29	30	79	114	198
C[C>A]C	182	29	16	39	52	37	34	44	29	88	74	32	33	35	51	150	227	26	88	29	19	24	35	47	73	101
C[C>A]G	46	4	6	4	11	3	6	8	5	14	9	12	11	7	8	23	83	3	18	3	5	7	4	9	22	22
C[C>A]T	237	24	23	51	46	46	36	43	37	129	131	33	37	38	57	130	419	32	123	34	27	23	32	62	83	179
G[C>A]A	240	44	30	38	63	45	49	63	34	74	225	55	27	55	46	131	1007	48	98	32	21	29	32	58	110	385
G[C>A]C	99	20	19	26	23	22	27	36	16	49	74	29	16	28	38	99	239	21	66	12	14	21	22	40	42	87
G[C>A]G	38	7	9	6	8	5	3	11	6	15	20	14	6	4	12	29	62	5	11	5	3	7	7	7	22	22
G[C>A]T	150	22	13	36	45	18	26	34	29	87	167	28	27	30	37	96	497	27	91	24	16	15	24	51	40	242
T[C>A]A	411	56	56	61	159	49	42	77	63	173	265	79	47	80	97	249	674	84	221	38	38	38	61	77	265	455
T[C>A]C	260	47	34	68	108	43	37	85	46	114	141	52	41	52	69	179	380	51	91	25	28	44	32	81	185	232
T[C>A]G	47	4	8	5	19	7	6	10	6	18	36	17	12	12	6	25	72	5	19	4	5	4	5	16	28	39
T[C>A]T	601	51	49	85	158	75	55	97	95	212	436	95	78	110	113	283	1002	101	299	59	49	51	81	135	244	695
A[C>G]A	97	16	22	26	43	12	22	23	23	73	51	28	14	19	47	60	135	22	85	16	5	24	12	38	30	70
A[C>G]C	57	9	10	21	13	9	12	22	9	53	25	17	9	10	34	38	75	10	43	8	11	13	6	30	15	34
A[C>G]G	14	3	1	6	7	5	5	6	3	14	6	11	6	3	6	7	20	2	16	3	1	4	2	8	7	5
A[C>G]T	146	17	16	48	41	11	19	26	18	86	49	31	31	22	70	71	126	20	101	12	11	17	8	46	32	78
C[C>G]A	56	8	12	22	21	7	16	21	8	55	33	23	12	9	41	37	93	7	48	12	9	15	6	28	23	34
C[C>G]C	55	12	8	13	17	10	14	19	7	20	25	16	12	14	35	44	73	12	37	7	7	5	4	24	27	20
C[C>G]G	20	6	3	12	8	9	5	9	5	13	8	12	8	3	13	16	20	14	21	4	3	5	4	10	13	10
C[C>G]T	95	11	15	37	36	18	30	28	13	69	31	19	20	21	42	77	130	26	55	9	15	16	13	40	27	36
G[C>G]A	44	8	11	13	11	9	14	10	9	31	21	12	6	8	23	25	42	8	42	10	8	4	7	14	12	19
G[C>G]C	57	7	8	8	15	11	14	18	6	30	26	10	13	6	21	38	59	11	40	2	4	3	7	17	16	19
G[C>G]G	15	2	1	1	4	3	1	3	1	7	2	4	0	1	1	4	8	1	8	4	0	1	1	2	5	3
G[C>G]T	62	16	10	23	10	10	13	15	8	37	35	19	14	17	35	31	82	10	49	7	6	11	4	23	13	28
T[C>G]A	341	20	29	97	647	25	15	12	37	475	129	44	58	13	149	72	188	39	137	10	26	42	34	57	587	60
T[C>G]C	168	14	25	43	151	16	24	26	26	171	58	30	31	19	65	82	151	21	78	17	17	21	10	38	153	33
T[C>G]G	27	7	2	2	21	3	2	8	7	33	5	6	1	3	7	13	26	8	15	2	2	2	2	3	19	5
T[C>G]T	709	30	65	157	829	49	42	41	65	610	198	73	70	32	249	119	361	70	242	33	62	54	55	104	806	158
A[C>T]A	247	54	52	96	93	78	59	102	56	165	176	65	66	83	122	210	506	97	195	54	46	58	70	93	143	148
A[C>T]C	126	25	37	45	42	39	28	50	29	77	80	34	27	38	50	121	284	31	97	32	24	23	24	56	60	75
A[C>T]G	721	263	176	326	351	437	129	169	289	598	709	147	291	429	255	104	728	125	391	188	172	72	323	158	272	539
A[C>T]T	173	48	24	57	58	51	60	57	38	113	141	56	55	48	70	123	397	48	175	37	30	42	52	66	84	115
C[C>T]A	205	56	57	73	101	51	41	75	35	118	111	61	59	44	92	196	428	69	164	40	34	34	55	77	138	86
C[C>T]C	141	39	55	53	52	59	44	76	31	82	96	51	41	45	58	147	261	57	110	36	29	45	40	78	80	77
C[C>T]G	449	153	86	152	183	256	51	88	151	301	451	80	147	223	141	85	647	76	197	101	84	47	177	66	161	312
C[C>T]T	209	61	56	86	91	61	60	91	58	135	129	78	68	59	112	166	447	72	157	31	47	56	56	106	149	98
G[C>T]A	151	45	42	62	61	49	51	103	46	101	115	59	51	52	65	171	299	59	125	41	26	61	48	67	94	77
G[C>T]C	150	44	36	51	58	47	37	62	41	119	86	51	48	44	70	156	280	47	126	32	31	39	39	51	71	83
G[C>T]G	687	199	117	174	219	291	50	100	183	517	485	76	176	271	172	122	609	62	258	127	102	53	211	96	175	359
G[C>T]T	176	43	43	51	57	62	41	68	29	109	136	48	40	50	81	153	338	52	131	37	36	53	44	50	75	110
T[C>T]A	589	73	203	207	1012	162	70	80	110	897	401	130	145	69	168	236	635	289	302	51	71	63	119	114	2243	109
T[C>T]C	349	60	126	116	262	112	58	85	94	342	199	99	95	71	128	179	486	124	206	52	55	73	76	104	562	126
T[C>T]G	382	118	78	122	226	149	33	63	136	340	320	71	102	178	118	55	337	79	175	72	59	38	124	65	340	213
T[C>T]T	497	62	179	175	533	135	54	84	123	581	293	121	148	89	164	196	619	188	273	63	75	71	108	112	1404	130
A[T>A]A	150	26	33	43	42	25	42	74	33	89	87	40	39	52	47	143	767	36	101	32	24	29	19	51	32	93
A[T>A]C	81	19	27	29	25	19	29	44	34	50	40	22	20	33	45	72	507	24	49	25	16	21	25	39	24	60
A[T>A]G	97	25	12	39	43	23	30	40	27	53	48	31	27	21	46	100	205	20	65	21	20	24	20	56	19	36
A[T>A]T	279	29	39	52	77	50	45	86	65	147	141	61	64	81	77	142	998	52	165	43	30	35	51	93	58	148
C[T>A]A	93	14	9	24	20	9	11	36	23	64	30	17	9	12	26	129	96	15	47	11	6	11	7	15	12	43
C[T>A]C	75	14	13	37	17	12	16	26	23	61	44	19	17	23	36	143	112	17	75	13	8	21	16	34	17	41
C[T>A]G	74	19	15	40	27	12	27	33	17	71	29	24	15	13	47	248	113	21	69	6	15	27	14	42	15	31
C[T>A]T	147	16	16	96	26	36	22	62	29	139	96	28	28	25	55	133	192	29	168	15	20	16	29	67	39	91
G[T>A]A	53	3	8	19	20	10	15	18	14	33	20	17	11	12	22	52	120	16	34	7	4	6	10	13	14	28
G[T>A]C	38	9	13	17	12	10	13	8	11	34	21	14	13	15	23	49	120	9	44	9	12	11	11	19	11	27
G[T>A]G	54	16	9	14	21	8	12	18	11	43	16	21	15	16	27	68	91	18	31	5	5	11	5	14	23	24
G[T>A]T	69	10	16	30	20	15	23	43	10	51	49	16	26	17	43	53	314	11	61	13	12	19	11	23	18	46
T[T>A]A	333	37	35	46	73	47	43	64	72	156	168	46	62	93	92	195	536	43	167	42	31	28	62	57	45	169
T[T>A]C	75	9	12	32	19	13	23	34	17	53	26	19	13	20	41	87	236	15	71	9	9	9	15	30	17	34
T[T>A]G	60	7	5	18	20	14	21	10	13	42	22	18	14	13	29	78	83	6	55	7	10	8	12	22	15	28
T[T>A]T	288	35	16	65	42	32	34	70	57	137	148	49	37	85	99	139	1327	35	172	46	32	24	39	81	56	166
A[T>C]A	259	47	59	106	99	65	70	122	85	170	235	94	79	87	137	334	1578	59	167	70	40	83	57	129	72	173
A[T>C]C	80	25	20	42	34	15	25	51	27	60	72	34	23	20	40	90	692	28	76	22	12	37	23	32	33	65
A[T>C]G	136	43	33	51	70	29	72	80	50	114	78	79	48	34	80	271	343	35	110	25	32	48	33	80	46	95
A[T>C]T	207	43	57	113	76	64	67	89	57	134	217	83	71	61	141	226	2575	62	168	51	40	77	57	128	57	192
C[T>C]A	163	20	26	27	33	34	25	46	37	57	83	30	37	33	56	123	147	15	73	26	11	41	31	40	22	83
C[T>C]C	88	11	20	38	21	26	17	40	24	65	83	33	22	15	49	111	135	22	133	12	17	31	16	54	29	62
C[T>C]G	102	32	10	46	41	27	28	44	27	69	80	29	27	21	47	127	129	25	116	19	17	29	29	44	22	54
C[T>C]T	155	16	19	108	43	36	22	63	31	103	215	49	40	46	76	119	283	43	321	22	18	32	30	70	23	103
G[T>C]A	174	22	23	46	41	33	36	94	48	75	79	57	36	31	56	177	239	35	80	30	16	44	28	51	34	73
G[T>C]C	80	29	26	32	32	17	17	37	40	52	51	31	22	21	30	83	124	17	69	11	7	22	19	42	26	53
G[T>C]G	90	24	18	25	30	28	23	43	41	65	52	36	28	26	46	120	140	16	66	16	13	30	20	32	26	39
G[T>C]T	138	37	29	48	44	37	44	86	52	75	95	64	38	50	70	171	465	33	100	30	21	52	27	52	34	80
T[T>C]A	247	30	19	53	54	37	25	64	47	84	122	51	40	36	78	184	419	36	99	37	14	45	32	56	32	185
T[T>C]C	115	14	23	48	26	42	15	59	48	86	88	42	35	53	51	100	243	23	122	22	19	33	30	36	21	76
T[T>C]G	108	16	15	28	29	15	26	28	26	55	56	23	28	18	26	147	119	26	63	18	9	18	10	33	21	61
T[T>C]T	205	32	34	69	65	36	36	82	49	116	167	56	51	77	82	201	1729	36	172	32	29	57	43	71	48	170
A[T>G]A	116	8	13	23	21	12	15	29	12	27	52	18	28	16	33	69	141	7	49	9	10	37	17	15	12	68
A[T>G]C	31	3	3	14	10	8	6	10	6	13	12	10	11	9	6	20	53	7	27	4	6	9	5	8	5	19
A[T>G]G	35	8	7	17	14	14	12	18	9	33	33	17	16	5	27	33	94	12	53	10	11	17	10	22	11	31
A[T>G]T	79	13	10	82	23	14	19	23	14	56	88	21	19	15	40	64	189	29	226	12	11	20	25	35	15	63
C[T>G]A	60	8	2	12	11	9	4	22	9	24	31	10	13	12	20	41	68	11	44	9	5	9	6	19	7	39
C[T>G]C	32	11	7	39	8	5	7	16	10	22	23	10	11	11	18	37	52	10	45	14	3	7	12	19	5	30
C[T>G]G	49	11	6	22	14	6	10	22	19	21	29	13	10	13	27	75	93	17	58	16	7	12	11	28	14	26
C[T>G]T	188	14	12	529	41	14	20	37	30	240	375	29	67	22	104	107	277	64	856	14	20	23	42	104	22	209
G[T>G]A	36	6	3	8	15	5	5	6	11	14	22	12	9	6	10	30	99	5	16	7	2	9	5	11	6	22
G[T>G]C	15	6	9	11	8	3	1	5	7	15	17	5	3	8	11	21	62	1	22	8	1	9	4	9	3	10
G[T>G]G	34	6	5	16	17	2	7	18	9	19	26	14	5	12	26	44	71	7	40	11	2	6	5	22	11	34
G[T>G]T	68	8	3	80	20	17	8	16	16	57	95	12	12	22	44	33	256	20	236	5	6	8	12	31	10	54
T[T>G]A	119	10	15	18	21	9	22	21	15	38	78	13	18	16	43	80	285	16	93	12	12	25	13	21	11	85
T[T>G]C	41	5	4	24	11	9	12	17	9	26	31	19	9	5	16	40	189	20	66	26	2	11	17	18	12	43
T[T>G]G	65	10	7	20	28	17	8	21	16	34	58	19	10	19	28	57	116	19	58	14	13	17	8	25	11	48
T[T>G]T	231	38	19	144	43	23	32	52	35	142	198	44	61	54	90	120	1524	48	537	25	29	24	51	75	30	200
