GEL-2001928-11	GEL-2631345-11	GEL-2156150-11	GEL-2141988-11	GEL-2031143-11	GEL-2052225-11	GEL-2194043-11	GEL-2555980-11	GEL-2067443-11	GEL-2137090-11	GEL-2557228-11	GEL-2873119-11	GEL-2104592-11	GEL-2560019-11	GEL-2074285-11	GEL-2290584-11	GEL-2078471-11	GEL-2048722-11	GEL-2411232-11	GEL-2674549-11	GEL-2302399-11	GEL-2445554-11	GEL-2849973-11	GEL-2826610-11	GEL-2097095-11	GEL-2430582-11	GEL-2470687-11	GEL-2838199-11	GEL-2225692-11	GEL-2363026-11	GEL-2825996-11	GEL-2371976-11	GEL-2308034-11	GEL-2798298-11	GEL-2537426-11	GEL-2509826-11	GEL-2868938-11	GEL-2638733-11	GEL-2990170-11	GEL-2248593-11	GEL-2133581-11	GEL-2167732-12	GEL-2525162-11	GEL-2715996-11	GEL-2692506-11	GEL-2563443-11	GEL-2132869-11	GEL-2907129-11	GEL-2039983-11	GEL-2167732-11	GEL-2243965-11	GEL-2460349-11	GEL-2685254-11	GEL-2190432-11	GEL-2113131-11	GEL-2956618-11	GEL-2751042-11	GEL-2563012-11	GEL-2656112-11
A[C>A]A	109	47	56	304	104	134	133	92	121	92	79	3	212	457	61	74	42	43	57	71	67	98	187	158	23	77	452	59	143	81	64	54	87	47	84	194	83	100	68	92	38	225	58	23	35	53	45	92	216	202	107	37	18	406	79	67	48	82	187
A[C>A]C	114	30	71	120	72	104	142	48	110	144	75	3	226	173	50	83	52	34	55	55	37	75	132	93	7	42	256	34	89	82	52	60	43	35	64	145	59	87	61	75	39	63	40	32	29	47	38	64	141	45	60	33	4	164	59	31	36	60	125
A[C>A]G	19	3	6	16	13	16	15	3	12	15	13	1	20	37	6	11	6	5	10	15	16	13	14	17	3	10	33	9	17	9	7	8	6	9	13	18	8	10	6	9	5	20	7	6	6	7	9	11	18	10	10	8	3	25	10	8	3	7	19
A[C>A]T	66	36	27	142	52	67	115	66	95	55	52	0	227	226	40	50	20	22	34	62	36	64	161	104	12	33	326	37	99	82	53	39	45	40	51	168	54	68	68	43	23	102	44	33	28	39	37	52	162	91	61	24	1	206	44	49	33	42	125
C[C>A]A	66	41	52	161	68	115	108	51	98	97	68	3	161	233	47	45	34	31	32	58	38	51	144	83	11	44	741	41	92	67	52	41	49	31	53	148	75	54	47	59	38	103	33	15	32	40	35	52	143	76	62	30	1	202	40	35	34	52	159
C[C>A]C	63	23	31	123	32	64	88	50	78	78	42	2	182	138	35	39	19	20	21	46	27	45	149	75	12	28	1185	28	65	81	43	30	29	19	36	168	33	45	38	50	26	66	20	22	24	40	21	38	120	50	53	15	5	107	26	24	28	46	139
C[C>A]G	21	10	7	18	12	21	18	7	22	18	11	0	18	42	5	8	8	5	5	7	7	7	15	9	4	6	172	2	10	7	10	10	9	3	7	16	6	6	7	11	4	9	6	5	9	11	5	4	7	6	8	4	0	23	7	4	5	10	20
C[C>A]T	106	24	35	179	31	119	101	61	121	175	40	0	184	260	43	54	25	21	36	37	30	55	221	83	12	48	2843	41	132	49	38	46	72	22	56	154	61	60	41	59	24	71	30	20	29	38	28	52	160	70	69	18	2	191	77	34	44	59	148
G[C>A]A	77	27	22	287	72	75	85	59	107	72	54	0	112	589	69	51	31	28	25	60	30	46	125	86	4	59	516	33	84	59	39	39	65	30	59	102	58	67	58	55	24	219	54	23	28	43	39	48	124	216	62	26	1	496	49	22	37	46	110
G[C>A]C	52	32	29	84	55	55	61	36	53	88	33	1	101	148	36	40	29	22	21	33	21	28	80	44	5	22	262	25	53	40	34	25	21	19	27	92	21	48	29	43	24	60	21	21	17	36	15	25	84	45	34	15	4	109	21	18	22	47	80
G[C>A]G	9	9	11	20	11	13	12	9	10	9	10	2	17	33	9	9	10	9	5	8	8	4	18	11	2	7	55	4	13	8	10	17	10	6	6	5	7	12	4	8	6	12	8	7	3	6	4	3	15	9	9	0	1	33	8	9	6	7	12
G[C>A]T	65	27	34	184	61	55	79	46	75	63	40	2	125	374	36	33	22	20	25	45	26	34	109	66	16	39	647	29	61	41	33	25	49	17	37	104	32	40	44	49	22	137	20	15	20	30	16	35	99	142	67	13	2	293	29	15	24	35	95
T[C>A]A	121	62	70	392	111	166	181	76	156	172	112	7	151	619	92	93	46	51	61	65	61	65	201	127	19	92	451	72	114	58	52	53	90	35	63	120	115	157	76	88	49	122	41	31	40	61	46	66	145	124	85	39	5	496	84	34	43	80	199
T[C>A]C	89	27	46	194	58	82	110	63	70	89	67	0	151	274	66	55	32	29	49	49	34	53	156	82	8	43	378	45	73	45	53	48	48	35	52	125	51	85	45	84	48	68	41	36	40	55	40	52	117	70	74	27	1	282	54	27	31	58	182
T[C>A]G	18	10	16	30	15	22	21	11	18	22	19	1	21	68	7	13	2	7	9	11	14	11	21	12	1	8	69	5	12	11	5	5	15	8	7	12	11	15	7	11	8	16	6	7	4	6	9	2	13	20	9	7	0	54	7	4	7	9	12
T[C>A]T	213	57	116	628	106	257	215	90	233	248	111	1	236	1021	141	129	47	64	82	120	64	92	327	160	21	131	1200	74	174	91	66	96	159	40	109	151	138	202	118	134	83	170	67	44	64	117	55	98	245	154	307	76	7	844	152	45	86	151	251
A[C>G]A	39	18	7	75	33	41	52	53	42	24	42	1	102	78	16	34	8	17	24	27	25	30	66	44	5	19	249	33	43	33	31	22	16	19	27	101	25	34	20	29	28	32	20	17	19	19	12	30	114	34	33	12	9	75	24	18	17	30	86
A[C>G]C	28	6	12	50	23	16	33	27	22	28	24	1	46	41	8	12	9	14	10	16	12	13	37	37	3	12	97	14	29	30	22	9	15	6	13	45	14	15	10	27	10	25	11	8	13	18	9	15	53	22	23	4	2	39	17	14	12	14	47
A[C>G]G	7	8	5	11	3	6	9	7	10	5	8	1	10	11	3	2	5	3	3	7	2	5	9	7	0	5	20	2	9	5	7	1	5	3	5	13	9	6	2	6	2	6	2	3	1	2	2	6	23	4	6	2	0	12	13	1	3	9	12
A[C>G]T	39	18	21	104	21	45	67	65	39	31	45	2	92	71	20	26	12	18	11	27	30	40	92	31	3	12	164	28	46	47	20	17	20	15	24	103	22	28	24	39	25	38	14	10	27	21	19	21	115	35	32	7	4	68	15	16	28	26	92
C[C>G]A	30	13	20	51	15	26	36	41	31	19	23	2	81	39	11	10	11	9	8	19	12	15	58	24	3	5	35	16	20	24	15	15	12	6	13	90	13	28	15	18	25	13	14	6	7	15	0	13	89	15	18	5	3	40	14	9	8	11	60
C[C>G]C	32	12	14	35	23	23	33	27	25	24	23	0	60	36	13	12	8	5	2	22	12	11	43	25	1	8	61	16	22	29	21	19	16	10	18	72	13	21	10	23	17	19	12	10	12	14	12	16	93	17	24	5	2	32	11	3	9	12	55
C[C>G]G	3	7	5	12	10	5	12	2	11	11	10	0	13	10	3	7	2	5	2	5	4	7	13	8	2	1	19	4	10	3	6	6	7	3	4	21	5	6	4	5	7	5	7	4	5	5	4	4	16	2	5	5	2	8	2	1	5	2	20
C[C>G]T	39	9	13	74	26	42	60	45	45	37	34	6	100	75	20	12	16	13	11	29	24	27	51	34	1	17	47	17	59	31	24	14	16	14	27	113	17	23	19	31	26	37	12	15	19	21	9	16	114	29	24	4	4	46	18	14	16	16	139
G[C>G]A	23	8	6	21	17	15	27	18	27	15	19	1	54	28	9	11	11	6	6	6	11	12	27	12	1	6	43	9	30	15	17	7	7	9	7	35	5	15	9	6	13	13	5	2	8	9	3	6	63	11	11	5	3	22	4	7	4	7	39
G[C>G]C	24	11	13	38	22	20	44	17	13	54	15	1	49	35	12	13	8	5	5	19	12	9	40	23	2	4	126	9	24	20	14	12	5	12	11	49	15	16	8	13	11	14	6	9	13	12	6	6	50	8	19	6	0	32	9	6	4	18	23
G[C>G]G	7	2	3	9	2	4	9	3	5	3	3	0	6	0	0	1	3	0	1	0	2	2	4	4	0	2	12	2	2	4	1	4	2	1	4	11	3	5	0	7	6	4	2	0	3	1	2	2	6	1	3	0	2	3	3	1	2	2	11
G[C>G]T	19	6	12	47	18	24	31	33	34	40	20	0	73	30	10	19	5	9	12	18	13	16	43	20	5	15	84	11	28	27	23	17	17	12	18	85	13	23	11	23	24	14	6	8	11	14	6	13	78	13	34	5	1	37	11	8	11	11	58
T[C>G]A	110	29	22	128	211	86	67	107	75	37	129	0	160	114	34	52	15	55	48	67	34	38	126	92	10	18	87	38	62	54	34	38	36	12	46	163	26	320	25	54	64	92	21	9	45	35	18	59	179	107	46	10	3	185	21	19	24	30	363
T[C>G]C	68	23	24	66	50	61	58	57	43	31	54	1	136	58	20	19	20	14	21	34	18	29	65	33	6	10	54	26	49	36	25	13	14	15	27	120	20	85	24	24	49	41	16	9	22	30	19	48	118	39	36	13	0	74	12	15	18	19	174
T[C>G]G	10	6	2	8	11	5	4	6	7	4	7	0	17	8	5	5	1	2	3	3	2	6	11	13	0	3	8	2	6	3	1	6	2	1	9	15	3	14	2	10	3	8	3	1	7	2	3	3	14	11	10	0	1	9	2	3	2	3	14
T[C>G]T	184	56	53	227	251	153	162	190	120	84	210	2	316	205	86	84	45	64	61	80	56	84	234	156	16	42	261	70	134	95	47	58	55	34	71	270	42	431	55	90	86	130	46	31	60	58	49	101	289	160	68	29	12	304	33	29	50	63	633
A[C>T]A	157	82	89	218	107	155	160	92	120	151	126	7	201	290	75	101	76	62	54	85	106	82	182	137	34	60	3869	83	134	94	76	98	86	71	86	175	100	125	94	179	76	77	72	57	75	82	68	106	180	80	111	40	29	227	74	80	83	87	145
A[C>T]C	81	44	53	92	85	61	79	49	78	88	68	4	78	153	50	65	29	29	33	31	45	44	78	47	14	29	703	39	65	56	30	39	62	32	46	67	62	61	28	93	38	47	29	24	24	47	53	41	92	38	64	22	2	115	51	28	22	60	60
A[C>T]G	365	237	248	874	514	489	206	340	658	670	381	6	324	1089	325	560	273	287	251	135	507	300	771	495	85	257	3795	345	393	180	245	364	374	316	419	274	419	657	469	307	105	65	243	67	251	226	337	418	288	55	276	173	14	1201	391	225	364	625	186
A[C>T]T	107	49	74	134	94	99	144	65	96	120	79	4	180	190	69	77	39	45	43	49	61	49	139	104	17	43	792	64	107	62	58	74	61	37	63	145	70	69	56	152	55	44	40	35	38	58	46	72	154	67	91	27	3	212	52	42	43	57	107
C[C>T]A	130	57	88	140	106	106	149	65	99	121	114	2	138	176	74	78	61	45	48	62	63	53	127	88	11	46	558	52	85	73	62	73	62	44	67	121	106	105	59	134	78	52	47	40	44	59	59	65	118	69	76	23	5	176	53	38	52	52	136
C[C>T]C	105	49	80	124	96	84	101	55	88	139	86	4	117	163	61	67	57	35	38	52	70	46	90	80	19	36	672	48	94	62	56	62	61	35	74	92	77	87	52	127	68	67	54	50	26	56	46	47	100	48	86	36	3	144	45	53	32	66	84
C[C>T]G	241	114	135	475	272	306	167	198	393	387	245	8	173	651	223	353	129	133	127	61	288	140	368	264	40	149	2586	196	226	90	144	229	195	185	252	133	252	373	215	206	58	41	156	39	95	103	156	190	137	41	166	91	12	723	183	110	180	328	119
C[C>T]T	117	70	80	171	115	143	196	78	102	170	100	2	166	188	84	86	72	40	64	62	79	58	150	102	20	52	747	59	108	86	68	85	73	53	74	172	103	113	63	151	67	64	59	45	52	70	48	73	155	69	87	36	7	187	66	48	43	71	161
G[C>T]A	111	34	82	150	97	104	126	68	91	111	75	1	122	170	53	75	51	29	35	61	47	57	116	75	17	37	2371	43	81	71	47	65	65	41	87	106	92	104	58	116	55	53	54	43	40	67	53	53	107	43	98	34	4	177	51	32	41	77	86
G[C>T]C	105	45	81	125	97	95	106	71	87	114	68	7	92	156	73	79	49	42	39	34	62	44	92	81	17	38	2485	62	71	47	39	70	51	44	69	91	90	75	65	125	44	49	35	35	36	78	56	46	111	52	273	36	9	162	61	37	37	62	89
G[C>T]G	362	203	183	584	332	368	170	261	496	555	287	2	217	834	242	438	173	148	159	79	382	192	461	350	60	178	4337	209	275	91	157	333	238	172	354	166	385	452	323	262	93	52	153	46	128	176	234	255	216	63	401	115	16	838	268	145	232	486	140
G[C>T]T	100	65	69	125	119	89	148	67	107	144	82	3	121	168	55	83	49	38	37	49	58	63	116	95	23	49	1533	48	103	58	40	59	64	44	74	127	106	80	73	145	64	42	55	41	40	81	35	51	113	34	200	38	3	166	61	34	40	74	88
T[C>T]A	257	89	169	240	473	246	225	123	196	258	386	1	270	389	202	159	98	88	171	151	99	112	257	209	25	81	696	124	161	98	72	131	96	60	125	216	197	633	104	205	177	198	119	83	120	122	83	129	231	355	140	58	6	452	112	55	83	104	524
T[C>T]C	175	79	153	195	196	186	165	86	152	208	163	4	187	285	145	103	89	58	110	113	93	73	188	125	20	70	817	83	139	84	55	95	77	55	94	172	113	212	83	197	133	102	77	63	67	101	83	102	142	125	156	48	10	274	108	50	64	85	260
T[C>T]G	197	115	108	320	247	234	110	132	325	294	187	3	133	469	135	234	96	111	104	51	198	127	267	218	37	95	1418	152	146	64	102	157	161	105	193	122	187	337	169	142	59	56	82	41	88	75	137	165	136	46	162	52	6	531	167	102	138	244	126
T[C>T]T	231	88	148	278	343	183	218	155	182	247	302	4	243	366	210	140	87	95	120	141	118	100	227	210	26	87	755	96	175	122	71	128	99	63	108	247	210	393	93	253	180	129	97	99	79	117	79	132	228	227	178	54	36	394	98	49	70	92	422
A[T>A]A	43	35	30	116	58	65	108	38	69	79	46	3	128	106	29	41	25	24	19	39	37	47	98	62	7	26	259	21	66	59	38	34	36	22	39	103	66	43	30	71	24	51	24	19	27	40	22	47	84	32	35	15	27	81	31	21	21	49	100
A[T>A]C	39	16	46	64	40	60	72	43	49	72	22	2	86	56	39	65	19	23	26	29	39	28	76	53	12	22	301	23	41	62	27	36	36	20	38	86	41	38	33	57	25	28	20	26	17	28	33	41	70	13	31	15	4	70	48	10	23	48	62
A[T>A]G	45	26	30	56	36	62	87	42	49	57	41	2	112	78	23	31	24	28	25	22	33	29	77	47	8	20	102	36	45	58	27	27	29	18	32	110	49	28	20	52	28	50	29	17	19	26	20	42	76	30	37	18	0	63	38	19	23	27	80
A[T>A]T	120	62	107	216	69	146	198	71	154	243	57	1	197	263	77	86	42	40	52	49	48	73	165	115	13	72	1409	64	146	72	51	64	93	43	69	156	151	107	92	115	52	64	50	37	37	88	43	115	149	46	129	53	24	199	110	40	56	106	123
C[T>A]A	39	20	14	53	31	33	55	36	24	40	19	0	82	53	13	12	12	9	9	15	12	25	62	32	5	10	73	11	35	23	27	15	11	13	22	102	24	18	13	38	13	28	15	8	12	20	13	25	66	22	16	6	1	40	13	8	10	17	65
C[T>A]C	38	11	17	68	25	40	200	33	44	43	31	0	99	75	17	20	13	11	15	22	24	22	82	54	4	15	371	17	42	47	24	20	22	13	16	121	22	19	21	56	15	31	14	7	7	20	13	42	62	24	25	6	12	107	23	17	14	22	85
C[T>A]G	40	22	24	60	32	41	89	27	44	50	36	0	124	56	12	22	15	8	17	25	19	24	64	43	5	9	72	11	45	47	33	17	21	13	23	128	32	33	20	46	22	21	14	14	16	27	11	21	75	21	20	8	2	67	20	18	7	21	99
C[T>A]T	62	24	17	182	46	71	533	57	78	67	34	1	170	167	26	37	23	29	24	30	24	43	135	110	9	30	199	33	71	80	46	32	32	22	24	181	44	40	46	117	26	46	19	15	27	37	19	60	156	50	30	10	4	225	40	27	31	24	99
G[T>A]A	20	9	13	35	26	26	32	27	13	16	8	0	45	36	16	8	14	6	10	14	20	15	37	23	0	5	58	12	28	29	18	11	7	11	12	69	18	21	17	43	9	16	4	9	8	13	9	11	49	15	16	7	5	31	9	10	5	13	33
G[T>A]C	29	14	17	34	10	27	53	13	27	19	12	0	50	28	21	16	16	3	6	6	12	12	37	27	4	10	173	9	24	23	17	9	8	11	14	42	14	15	19	31	5	11	13	5	7	15	4	15	37	9	16	6	1	28	19	9	9	14	41
G[T>A]G	32	11	18	26	22	29	49	15	27	26	23	0	69	31	9	19	8	5	17	9	14	15	34	24	5	7	172	12	22	25	17	7	13	9	18	60	18	16	23	35	11	15	10	12	5	16	9	22	44	11	12	5	4	45	19	7	6	16	47
G[T>A]T	38	13	9	61	40	55	127	27	38	38	26	1	129	60	18	19	11	11	17	14	31	27	67	52	4	13	204	28	49	47	20	17	20	11	27	102	30	18	20	41	17	29	13	7	22	12	16	30	90	22	23	11	3	77	14	23	9	24	57
T[T>A]A	108	54	81	263	83	148	119	97	115	207	52	0	141	337	114	60	41	46	71	46	75	55	182	97	4	71	1022	63	162	55	32	66	103	39	71	115	90	99	100	118	52	39	57	17	36	83	35	85	107	35	94	33	34	216	91	34	59	72	112
T[T>A]C	25	18	21	53	19	48	63	20	29	39	17	1	72	61	15	16	17	5	16	23	18	30	51	43	4	9	82	12	36	34	19	14	18	13	18	73	31	15	19	34	23	16	20	10	11	25	15	18	65	18	25	11	2	51	13	13	11	21	61
T[T>A]G	27	16	20	36	19	23	60	17	21	24	20	1	50	34	16	8	5	16	8	17	10	20	32	34	2	7	56	16	27	20	19	18	14	9	17	58	23	13	8	27	16	18	10	9	13	14	13	16	55	15	24	7	3	52	15	10	16	9	41
T[T>A]T	91	47	51	242	84	98	265	65	124	123	68	0	175	216	50	67	30	29	47	62	64	63	146	129	10	65	1256	32	117	78	48	50	40	34	48	182	82	75	55	126	43	62	32	26	28	44	26	73	154	43	84	20	106	192	53	27	36	65	118
A[T>C]A	129	67	81	243	127	156	188	116	105	145	93	3	161	320	80	75	51	57	49	69	77	99	162	108	20	50	1570	90	150	98	67	54	86	61	74	186	124	100	61	115	86	90	68	50	73	103	69	100	137	65	112	40	22	263	70	66	41	88	170
A[T>C]C	50	17	34	78	40	57	97	37	54	73	32	5	53	81	19	45	29	18	13	20	28	24	67	40	4	18	460	22	56	27	33	37	28	18	28	86	46	21	21	55	30	34	26	16	21	32	24	19	78	23	41	21	6	77	23	23	16	38	57
A[T>C]G	83	60	46	137	70	101	140	57	74	127	73	5	132	138	59	47	33	41	27	46	54	53	85	62	14	24	1296	51	83	69	48	40	58	37	56	109	73	49	39	65	47	69	34	38	43	59	34	56	93	48	74	26	8	136	31	32	40	52	114
A[T>C]T	115	80	65	189	95	131	232	84	110	121	88	2	147	242	66	83	50	43	45	50	81	73	137	75	21	46	468	64	137	102	74	61	80	51	58	200	95	82	76	126	82	92	53	50	63	80	44	73	165	82	88	22	15	206	59	54	58	82	143
C[T>C]A	64	26	44	114	50	60	128	50	50	77	31	4	82	138	23	35	9	14	19	31	28	28	56	51	10	22	785	32	60	48	24	23	30	16	23	90	42	35	27	58	23	31	23	22	30	51	26	37	71	17	40	14	7	122	23	12	22	33	77
C[T>C]C	56	21	22	118	31	44	467	40	55	46	41	5	82	126	31	34	14	17	21	24	29	31	66	69	6	21	538	17	69	47	30	30	20	13	28	111	40	24	32	67	24	23	25	10	14	27	24	28	100	30	39	12	4	253	22	19	27	32	86
C[T>C]G	73	24	39	105	47	73	360	54	50	78	39	5	64	128	33	24	25	18	30	27	17	30	69	70	8	19	1403	28	58	24	32	31	27	22	24	98	49	46	34	54	33	31	19	27	19	34	18	18	80	29	34	13	3	186	26	18	17	35	72
C[T>C]T	68	21	33	372	52	83	1763	50	88	95	31	1	108	354	40	44	22	27	28	33	30	56	90	138	9	37	1084	28	99	60	41	49	49	19	45	114	42	44	71	156	33	39	19	17	24	48	22	34	123	33	31	18	36	484	38	14	25	39	112
G[T>C]A	90	36	59	130	93	91	100	58	74	89	39	1	76	163	45	51	28	37	34	26	51	32	92	53	6	29	1246	31	65	47	39	34	31	38	43	98	62	58	43	78	40	31	33	32	40	65	33	36	77	22	96	23	6	118	28	35	44	50	68
G[T>C]C	50	22	46	70	37	44	101	42	30	75	33	3	76	106	24	43	15	21	22	23	23	27	54	46	9	25	604	31	58	34	27	26	30	13	29	55	43	33	39	60	22	27	24	15	17	43	26	32	73	22	145	10	3	103	36	18	27	34	51
G[T>C]G	69	38	49	73	47	71	129	47	40	86	40	15	52	106	27	32	20	20	20	26	28	31	64	38	15	21	1048	28	54	30	23	35	26	24	42	71	69	39	26	47	23	41	27	19	22	42	15	32	54	27	69	7	6	96	23	18	29	27	60
G[T>C]T	87	28	52	126	87	90	240	58	77	86	42	0	87	158	38	57	41	29	32	54	46	51	88	68	9	33	701	25	80	70	22	42	49	26	40	95	99	61	30	83	43	44	46	34	31	68	47	51	86	40	94	18	4	142	30	27	34	52	67
T[T>C]A	68	34	66	177	65	79	133	55	74	103	34	6	92	226	43	50	30	25	42	44	42	58	81	90	9	27	973	34	61	54	35	36	54	25	32	111	74	49	31	87	45	45	29	36	27	64	27	40	116	36	80	24	9	140	43	30	28	55	97
T[T>C]C	85	37	44	131	51	75	157	50	64	112	31	4	81	143	37	48	17	18	23	26	49	36	101	55	5	25	1035	26	85	41	29	29	61	20	36	82	66	39	50	63	32	42	30	23	28	52	22	71	111	23	70	14	33	122	28	23	25	54	65
T[T>C]G	61	32	44	85	37	68	117	36	52	82	36	3	56	95	30	28	22	8	24	12	25	31	54	53	10	19	916	15	34	34	23	22	20	20	32	55	42	27	18	51	14	24	18	16	13	39	16	29	56	14	32	8	6	78	26	9	16	35	33
T[T>C]T	96	58	59	189	76	134	349	67	117	177	60	3	100	232	50	90	32	30	38	37	60	61	104	84	13	44	1999	43	101	55	53	56	71	25	67	106	115	92	55	99	41	49	25	31	40	64	32	82	108	26	85	24	201	167	47	36	39	86	84
A[T>G]A	32	8	18	78	20	15	56	39	26	30	17	1	52	82	9	19	12	9	9	11	17	28	33	31	4	8	83	20	33	31	12	13	11	7	15	37	32	13	13	21	16	18	13	10	5	19	2	21	40	15	17	7	3	53	14	9	16	21	39
A[T>G]C	14	7	10	23	7	15	58	7	12	11	11	0	10	22	8	11	8	5	5	8	11	8	11	11	1	4	41	1	10	7	5	6	7	0	11	15	8	9	6	13	7	7	2	3	5	8	5	11	10	5	14	6	0	18	8	9	5	10	19
A[T>G]G	16	6	8	27	18	21	42	18	20	26	17	1	50	30	13	10	5	6	4	16	12	14	39	21	1	10	67	9	33	24	15	7	7	12	10	57	19	16	11	14	10	12	9	4	10	19	11	19	44	8	13	5	0	39	6	5	6	14	35
A[T>G]T	19	17	18	130	15	29	456	23	41	34	21	0	50	152	22	20	14	16	16	12	14	24	45	51	3	21	210	24	52	20	21	17	16	11	24	56	23	26	32	73	25	23	10	10	11	31	17	20	64	21	37	11	2	229	24	9	20	19	48
C[T>G]A	12	9	10	34	14	15	55	9	19	22	4	0	32	44	15	7	6	7	7	11	14	7	26	15	4	20	66	4	23	10	7	6	14	7	8	27	18	18	6	22	8	7	9	7	12	17	4	15	18	6	18	5	1	38	9	3	3	4	36
C[T>G]C	15	5	7	44	17	18	154	17	24	17	9	2	44	57	13	11	7	4	5	7	17	5	23	13	4	11	241	9	24	15	16	8	9	4	17	42	19	11	16	58	11	8	12	12	8	11	9	13	36	6	7	1	1	193	9	15	3	15	39
C[T>G]G	30	15	16	45	8	31	107	14	27	44	18	1	63	51	33	21	16	8	10	13	13	19	37	20	4	11	271	11	45	34	18	6	12	8	15	73	22	16	20	35	9	19	18	5	13	28	10	12	64	14	18	7	2	93	15	3	16	15	53
C[T>G]T	48	10	33	712	20	99	3061	141	72	62	24	1	69	699	90	50	13	34	16	19	31	90	84	271	5	35	867	30	104	22	36	62	25	16	38	140	35	21	167	608	26	13	16	13	24	43	36	28	162	13	63	19	3	1633	53	13	29	25	90
G[T>G]A	8	3	3	26	8	11	22	5	8	12	9	2	18	19	5	8	4	3	5	5	10	11	17	8	0	2	26	6	13	4	9	2	6	5	8	14	8	2	3	9	7	3	3	3	3	6	5	5	17	6	11	4	2	21	5	3	2	8	20
G[T>G]C	10	6	8	16	4	10	46	6	7	8	6	4	18	27	9	4	2	5	3	5	7	5	20	9	0	2	37	5	10	7	3	8	5	2	8	16	7	8	7	17	6	5	2	3	5	2	3	7	15	4	8	2	1	32	2	4	6	7	11
G[T>G]G	21	6	9	33	11	10	44	15	23	14	17	3	55	30	9	10	5	6	4	14	15	14	26	14	3	6	81	12	20	9	15	8	8	0	4	60	6	10	6	16	14	13	4	4	6	16	9	18	33	10	15	3	2	37	9	8	9	9	41
G[T>G]T	28	16	15	143	16	33	700	23	24	43	13	3	31	161	47	24	7	10	12	9	22	25	41	65	2	10	432	12	57	13	12	17	16	9	14	65	20	20	46	130	14	7	12	9	12	15	13	26	61	10	20	6	10	365	21	11	7	21	46
T[T>G]A	30	10	18	102	20	20	65	40	24	24	23	0	49	98	19	24	6	12	13	3	22	23	50	39	3	12	77	16	46	14	13	17	22	14	22	57	26	17	11	36	16	19	12	9	11	30	8	23	55	15	27	10	2	82	15	6	16	22	52
T[T>G]C	17	12	12	45	14	20	95	18	10	15	13	1	30	29	16	14	11	9	5	14	8	11	20	24	3	7	69	12	22	14	7	6	3	9	13	37	9	7	13	17	13	8	8	10	3	13	10	7	31	8	14	9	2	35	14	19	3	8	24
T[T>G]G	30	13	11	69	15	39	67	16	30	36	31	2	59	69	11	15	11	9	8	16	20	31	45	41	3	11	244	16	43	19	19	17	17	10	21	59	15	22	25	23	23	13	15	5	13	15	8	23	46	8	24	10	11	58	15	11	13	13	38
T[T>G]T	75	23	52	298	47	110	950	93	106	101	46	2	102	345	80	60	28	40	24	22	48	45	127	121	12	43	1444	22	97	37	41	53	49	34	50	110	52	74	94	175	34	29	39	12	33	68	26	65	116	19	112	29	101	332	40	28	31	54	97
