GEL-2371244-11	GEL-2394208-11	GEL-2747967-11	GEL-2428569-11	GEL-2821784-11	GEL-2712389-11	GEL-2363308-11	GEL-2741618-11	GEL-2888061-11	GEL-2075446-11	GEL-2714360-11	GEL-2766820-11	GEL-2748389-11	GEL-2656418-11	GEL-2369837-11	GEL-2275142-11	GEL-2356677-11	GEL-2543450-11	GEL-2590876-11	GEL-2642679-11	GEL-2893055-11	GEL-2252872-11	GEL-2468522-11	GEL-2708257-11	GEL-2385212-11	GEL-2041346-11	GEL-2164278-11	GEL-2944973-11	GEL-2847051-11	GEL-2237337-11	GEL-2997221-11	GEL-2875463-11	GEL-2100285-11	GEL-2133499-11	GEL-2347031-11	GEL-2527080-11	GEL-2146848-11	GEL-2381271-11	GEL-2976002-11	GEL-2419150-11	GEL-2014619-11	GEL-2049778-11	GEL-2257461-11	GEL-2285192-11	GEL-2094781-11	GEL-2520979-11	GEL-2690001-11	GEL-2960224-11	GEL-2443277-11	GEL-2076766-11	GEL-2214945-11	GEL-2408596-11	GEL-2824427-11	GEL-2463637-11	GEL-2519016-11	GEL-2731697-11	GEL-2107273-11	GEL-2005413-11	GEL-2285902-11	GEL-2363831-11	GEL-2121822-11	GEL-2793212-11	GEL-2631837-11	GEL-2645799-11	GEL-2193862-11	GEL-2033682-11	GEL-2439029-11	GEL-2451375-11	GEL-2274104-11	GEL-2381256-11	GEL-2636101-11	GEL-2046460-11	GEL-2145900-11	GEL-2019182-11	GEL-2952418-11	GEL-2715335-11	GEL-2968772-11	GEL-2021283-11	GEL-2875845-11	GEL-2064199-11	GEL-2493920-11	GEL-2487838-11	GEL-2332237-11	GEL-2705290-11	GEL-2881866-11	GEL-2332415-11	GEL-2773600-11	GEL-2725564-11	GEL-2477293-11	GEL-2728831-11	GEL-2649088-11	GEL-2651527-11	GEL-2056953-11	GEL-2723388-11	GEL-2809878-11	GEL-2113109-11	GEL-2076316-11	GEL-2478762-11	GEL-2501742-11	GEL-2119197-11	GEL-2243811-11	GEL-2779963-11	GEL-2661070-11	GEL-2686353-11	GEL-2363376-11	GEL-2712915-11	GEL-2907553-11	GEL-2063152-11	GEL-2573546-11	GEL-2524047-11	GEL-2390404-11	GEL-2928971-11	GEL-2345599-11	GEL-2539505-11	GEL-2329140-11	GEL-2999291-11	GEL-2307838-11	GEL-2994865-11	GEL-2609780-11	GEL-2641332-11	GEL-2123483-11	GEL-2499478-11	GEL-2574734-11	GEL-2614603-11	GEL-2095189-11	GEL-2784142-11	GEL-2258527-11	GEL-2074537-11	GEL-2812957-11	GEL-2146014-11	GEL-2509139-11	GEL-2287675-11	GEL-2568549-11	GEL-2815459-11	GEL-2636535-11	GEL-2146877-11	GEL-2735541-11	GEL-2124045-11	GEL-2034422-11	GEL-2506379-11	GEL-2087954-11	GEL-2316411-11	GEL-2953057-11	GEL-2534850-11	GEL-2012607-11	GEL-2106960-11	GEL-2291745-11	GEL-2319236-11	GEL-2691306-11	GEL-2867425-11	GEL-2631270-11	GEL-2752095-11	GEL-2147140-11	GEL-2247202-11	GEL-2899770-11	GEL-2448857-11	GEL-2604139-11	GEL-2236651-11	GEL-2751192-11	GEL-2515912-11	GEL-2560836-11	GEL-2105920-11	GEL-2495701-11	GEL-2166818-11	GEL-2708591-11	GEL-2419645-11	GEL-2077558-11	GEL-2308168-11	GEL-2735741-11	GEL-2298816-11	GEL-2251940-11	GEL-2268820-11	GEL-2483040-11	GEL-2239142-12	GEL-2325578-11	GEL-2507595-11	GEL-2597941-11	GEL-2893321-11	GEL-2354798-11	GEL-2752095-12	GEL-2103921-11	GEL-2085535-11	GEL-2491292-11	GEL-2467542-11	GEL-2693710-11	GEL-2662906-11	GEL-2469347-11	GEL-2342245-11	GEL-2181490-11	GEL-2689116-11	GEL-2097079-11	GEL-2482303-11	GEL-2693422-11	GEL-2066495-11	GEL-2005733-11	GEL-2057036-11	GEL-2118183-11	GEL-2013872-11	GEL-2860644-11	GEL-2661121-11	GEL-2362997-11	GEL-2788050-11	GEL-2374518-11	GEL-2225281-11	GEL-2259376-11	GEL-2184028-11	GEL-2191573-11	GEL-2889743-11	GEL-2225051-11	GEL-2381511-11	GEL-2742190-11	GEL-2775396-11	GEL-2249687-11	GEL-2576974-11	GEL-2585207-11	GEL-2616586-11	GEL-2204175-11	GEL-2130495-11	GEL-2369894-11	GEL-2496901-11	GEL-2962339-11	GEL-2429749-11	GEL-2096062-11	GEL-2296520-11	GEL-2401952-11	GEL-2488788-11	GEL-2233767-11	GEL-2814208-11	GEL-2083420-11	GEL-2362240-11	GEL-2807696-11	GEL-2491176-11	GEL-2899551-11	GEL-2458706-11	GEL-2049800-11	GEL-2240470-11	GEL-2723923-11	GEL-2148627-11	GEL-2345911-11	GEL-2980595-11	GEL-2707005-11	GEL-2297316-11	GEL-2474309-11	GEL-2902488-11	GEL-2403411-11	GEL-2214191-11	GEL-2170458-11	GEL-2107088-11	GEL-2388836-11	GEL-2549886-11	GEL-2331315-11	GEL-2402936-11	GEL-2707978-11	GEL-2559047-11	GEL-2935188-11	GEL-2107247-11	GEL-2367392-11	GEL-2135561-11	GEL-2734826-11	GEL-2530503-11	GEL-2520002-11	GEL-2200519-11	GEL-2014016-11	GEL-2829390-11	GEL-2130839-11	GEL-2779862-11	GEL-2243220-11	GEL-2828023-11	GEL-2237221-11	GEL-2302405-11	GEL-2527441-11	GEL-2900689-11	GEL-2488483-11	GEL-2560274-11	GEL-2081148-11	GEL-2978276-11	GEL-2447623-11	GEL-2512640-11	GEL-2419099-11	GEL-2402411-11	GEL-2556313-11	GEL-2472709-11	GEL-2689833-11	GEL-2484231-11	GEL-2262772-11	GEL-2255033-11	GEL-2008381-11	GEL-2567417-11	GEL-2829849-11	GEL-2985664-11	GEL-2640961-11	GEL-2616285-11	GEL-2497935-11	GEL-2030966-11	GEL-2303866-11	GEL-2222743-11	GEL-2034135-11	GEL-2249494-11	GEL-2486967-11	GEL-2809043-11	GEL-2298336-11	GEL-2596847-11	GEL-2000858-11	GEL-2990115-11	GEL-2040706-11	GEL-2140361-11	GEL-2916665-11	GEL-2399192-11	GEL-2624416-11	GEL-2283445-11	GEL-2231069-11
A[C>A]A	37	70	70	276	64	71	120	62	71	73	60	50	98	73	106	97	34	88	23	64	132	292	43	43	63	57	96	69	69	53	77	105	60	45	80	148	73	72	45	59	53	47	73	86	65	118	50	51	108	50	60	58	40	133	72	46	49	75	32	53	58	115	157	75	73	51	114	69	130	50	49	73	56	132	127	117	105	56	44	84	81	62	80	75	135	71	118	45	33	99	87	87	66	82	88	67	73	77	57	36	41	44	58	54	79	152	74	29	81	68	47	40	110	41	76	55	72	66	64	37	80	61	109	75	48	50	74	94	48	74	69	126	71	139	78	50	75	314	83	57	52	196	120	82	1	72	64	43	41	119	60	47	68	61	74	95	69	78	80	75	75	54	60	98	70	89	80	50	35	52	67	50	95	62	41	62	65	119	45	49	91	49	85	127	49	58	36	77	78	243	79	59	63	57	33	39	42	62	87	71	50	71	72	78	66	47	52	85	53	47	58	68	39	46	55	59	68	37	64	24	30	43	92	48	82	50	56	30	29	60	47	36	88	39	58	69	26	76	32	72	42	105	45	175	63	85	68	46	68	51	46	67	44	38	38	98	58	49	55	49	47	57	77	77	57	85	74	66	66	50	114	66	64	62	156	95	81	51	68	31	69	32	45	72	55	52	65	319	96	28	217	33	48	80	55	67	71	40	62	26	78	66	79	59	102	236	117	127	72	68	79
A[C>A]C	33	48	42	272	42	54	80	50	44	49	34	39	76	43	61	49	24	82	13	53	77	165	27	26	35	41	69	62	36	43	41	55	40	24	48	87	55	42	25	37	35	42	54	70	38	119	40	39	53	21	37	27	31	67	40	31	28	52	28	42	32	67	143	54	40	28	73	43	72	35	29	41	22	90	67	94	61	35	37	59	45	57	44	34	102	54	89	31	16	68	43	45	37	58	51	45	32	50	35	33	41	38	37	45	59	91	35	24	55	51	30	42	44	30	41	38	40	47	28	22	52	44	97	41	21	26	36	71	29	53	32	54	55	77	36	39	40	308	66	30	52	132	97	45	2	41	37	37	22	72	44	30	42	42	46	55	54	44	59	41	47	35	38	55	48	38	40	27	16	18	30	35	58	37	33	22	45	75	26	41	63	35	40	98	58	46	22	62	41	201	50	41	25	39	22	25	28	34	59	35	30	36	49	49	44	30	35	39	36	35	41	43	30	29	32	27	43	25	36	17	16	28	47	23	39	36	47	22	13	48	35	21	59	28	31	34	22	49	28	45	31	42	28	114	45	35	69	18	46	40	49	69	28	36	25	78	40	31	42	24	24	45	33	51	30	39	64	33	38	32	66	39	45	27	115	78	59	33	44	17	42	23	29	47	30	35	50	175	81	13	125	22	42	44	37	35	35	23	33	12	60	34	57	38	77	216	90	106	39	39	76
A[C>A]G	7	8	4	36	9	5	18	8	9	5	15	10	8	12	16	11	1	18	9	12	17	24	5	9	8	7	13	9	13	10	11	15	8	11	10	27	7	13	5	5	8	14	11	12	10	9	8	15	12	9	7	9	7	19	10	8	13	11	3	10	9	12	17	9	6	4	12	7	17	11	8	11	7	20	17	19	14	9	7	15	12	13	8	11	16	12	15	6	4	10	10	14	8	15	10	5	3	11	6	6	7	8	7	14	13	15	7	8	18	6	4	7	19	7	11	7	9	15	5	6	3	10	13	10	7	7	14	8	5	7	11	15	9	18	16	3	12	29	12	7	9	22	20	11	0	13	9	7	2	11	6	4	11	11	17	14	16	11	4	10	10	16	1	10	8	19	6	4	6	7	9	3	7	9	6	8	11	15	5	7	11	11	10	15	10	11	9	16	12	19	2	8	12	9	7	6	2	7	13	6	6	13	9	9	10	6	7	8	6	5	7	9	2	8	7	8	15	10	9	5	2	9	11	4	11	8	11	4	2	8	10	5	9	9	8	7	6	9	12	14	8	12	4	30	12	8	5	6	2	5	12	12	5	5	5	14	9	6	12	5	7	8	12	6	8	13	14	8	12	11	8	7	7	5	19	20	8	8	10	6	11	5	9	8	11	6	11	31	17	2	17	7	9	15	6	10	4	6	10	3	11	4	9	11	12	46	18	17	14	7	14
A[C>A]T	23	44	28	244	35	29	74	41	50	37	33	30	44	29	41	51	28	62	13	47	74	191	23	35	47	28	76	51	38	29	46	56	29	30	53	104	42	39	30	41	27	28	62	53	31	84	31	28	47	38	48	28	26	75	49	44	44	51	26	20	21	73	163	51	27	23	59	44	64	21	32	43	26	77	51	63	72	39	26	42	52	39	56	51	131	55	77	35	19	61	26	64	22	81	47	59	36	60	33	28	28	39	37	37	63	92	53	31	65	37	37	37	59	28	51	33	55	42	31	27	44	30	106	36	20	35	38	61	38	40	41	75	48	98	35	42	36	468	67	29	35	178	75	35	2	46	27	29	24	73	48	23	34	33	51	63	43	39	45	49	48	47	26	70	43	59	54	26	15	28	44	30	60	47	27	23	47	68	18	32	64	40	36	66	30	37	24	54	70	179	37	32	37	51	24	35	25	35	93	29	28	32	67	41	36	34	27	40	30	28	39	31	27	20	40	38	44	40	34	17	11	30	46	25	45	23	29	24	13	36	34	17	46	23	36	45	26	40	23	58	32	53	26	125	42	50	49	21	45	32	30	47	27	31	13	62	27	31	36	25	23	51	43	59	34	42	52	27	34	38	55	34	48	33	125	74	75	33	40	23	43	23	35	54	29	28	54	178	62	14	157	25	47	50	32	23	41	13	30	12	37	34	30	48	57	195	68	73	63	33	51
C[C>A]A	29	35	51	234	54	48	75	31	46	50	46	35	47	30	77	50	39	47	12	39	83	243	21	33	49	30	67	42	51	28	51	62	40	24	42	134	39	46	27	45	34	35	37	73	45	79	43	33	65	41	36	33	32	99	51	32	33	62	19	38	32	75	129	47	42	34	53	39	101	30	38	38	22	70	46	84	75	49	22	40	42	24	51	64	123	70	84	28	19	66	37	64	46	45	63	44	40	37	23	23	30	35	41	32	56	66	29	14	68	31	29	42	78	29	51	25	30	63	29	26	50	32	196	39	15	33	44	54	36	32	46	68	52	95	39	38	41	995	60	37	48	145	83	47	1	59	29	32	24	74	36	34	42	40	46	44	47	41	41	51	43	42	28	66	51	51	43	18	17	19	37	32	58	39	32	22	52	55	27	41	51	36	37	77	51	43	25	48	47	183	51	45	33	30	19	30	36	45	64	36	27	50	38	40	44	37	39	41	22	37	35	52	22	28	36	35	28	26	34	15	20	35	36	25	54	26	25	24	17	34	32	14	63	27	45	46	29	32	22	41	33	58	21	125	31	37	58	22	55	39	24	29	28	26	21	65	37	32	32	24	31	39	36	53	34	45	60	34	39	41	74	32	33	36	116	113	51	32	32	20	39	31	33	44	42	45	36	221	93	15	168	18	27	57	31	30	39	23	28	19	50	26	39	39	61	263	75	75	57	48	58
C[C>A]C	15	32	33	226	30	33	57	30	29	44	30	19	40	25	39	34	13	50	13	37	53	121	13	29	23	21	55	39	26	26	34	43	24	24	30	81	33	20	13	28	14	21	36	56	18	69	18	25	45	28	28	26	20	45	38	18	24	40	12	22	21	39	105	28	21	28	37	32	54	21	24	26	15	64	42	60	55	33	19	39	41	24	35	32	121	69	44	19	17	39	18	43	25	21	35	37	15	25	21	17	26	29	28	21	43	53	31	13	48	32	18	28	51	20	38	24	32	35	13	14	25	24	338	28	10	26	20	37	22	33	23	53	34	54	20	22	37	1919	39	28	42	136	65	35	0	29	27	23	20	42	19	35	34	41	32	49	29	34	34	22	31	23	20	36	26	44	23	12	14	15	22	15	47	32	30	24	34	39	22	32	35	29	32	71	28	22	23	44	38	184	34	18	30	28	18	21	15	23	49	30	20	32	40	35	31	15	17	22	29	22	25	28	12	25	25	29	24	13	21	6	22	22	33	12	26	34	19	16	9	23	19	13	33	13	21	18	12	32	25	23	19	40	17	82	25	26	35	15	61	29	26	16	18	15	18	30	34	19	21	16	12	25	24	45	24	24	51	25	27	37	42	21	23	24	134	94	39	19	35	14	39	16	17	37	36	18	42	138	93	5	78	10	14	33	26	13	29	19	22	7	37	18	28	30	41	211	51	62	22	35	40
C[C>A]G	6	6	4	31	7	4	19	8	11	7	13	4	12	2	8	7	5	14	1	7	16	40	3	4	4	4	10	9	12	6	7	8	6	4	8	15	10	5	0	4	9	7	11	12	6	19	9	3	10	9	10	2	5	13	5	8	3	9	6	5	11	14	13	5	15	7	12	16	13	9	6	9	2	10	14	24	9	9	4	14	9	9	8	10	17	8	16	2	3	12	8	14	6	13	11	8	8	7	6	4	4	5	9	7	12	7	10	2	12	5	5	4	17	5	5	6	10	7	2	2	5	3	60	8	5	6	9	5	3	11	7	14	10	13	6	5	8	288	7	4	6	16	9	11	1	9	4	4	2	6	4	5	10	7	10	11	8	3	4	10	9	7	2	6	9	4	10	2	4	9	6	7	12	9	4	5	10	19	2	7	10	4	5	6	5	5	4	5	7	16	5	7	6	8	2	3	3	2	15	4	3	9	8	6	6	5	9	5	9	8	7	6	8	3	12	4	6	8	6	1	1	4	5	4	4	4	1	4	0	6	5	9	12	8	4	5	8	11	8	7	8	20	5	22	2	7	9	2	13	5	3	8	9	3	6	7	10	5	6	3	2	11	10	11	11	9	8	2	13	8	16	8	4	4	18	18	10	5	6	3	6	9	5	13	9	4	9	32	10	0	18	2	3	6	4	1	3	4	1	1	15	3	9	6	11	51	12	8	8	1	10
C[C>A]T	21	20	26	272	25	45	57	26	34	36	19	28	32	27	52	40	10	44	11	29	59	172	22	14	35	14	41	32	35	30	37	28	37	28	43	122	26	17	20	22	16	19	35	46	25	78	39	27	37	28	39	25	27	65	39	26	20	41	25	21	28	61	97	38	29	17	38	28	63	30	27	22	21	70	50	52	55	29	18	45	28	33	26	41	130	60	58	25	12	47	26	57	23	35	44	37	19	31	21	10	22	31	31	44	39	48	26	16	57	40	26	22	50	18	34	24	32	36	23	16	28	24	772	26	20	27	27	39	30	41	37	53	47	69	26	18	30	4614	25	21	32	128	83	28	0	45	32	29	23	49	25	15	36	26	45	39	26	35	24	41	35	28	21	39	28	36	38	15	11	25	27	31	32	34	18	20	24	39	21	28	44	24	32	84	23	30	20	31	46	153	54	19	27	36	23	18	25	17	58	21	27	24	53	32	38	17	22	29	27	23	23	38	21	21	24	25	27	26	22	8	12	27	34	16	37	20	20	25	11	17	28	11	42	20	39	39	14	25	19	27	18	42	25	92	21	42	49	29	108	33	23	36	17	27	11	46	31	25	24	9	32	46	29	57	26	39	34	21	34	18	56	22	34	10	114	81	45	27	30	15	38	15	25	36	25	28	29	204	76	15	148	11	15	53	27	27	37	15	27	3	47	17	17	25	49	219	55	64	37	32	48
G[C>A]A	24	39	42	146	33	42	78	54	34	45	54	42	64	43	109	52	18	54	13	40	94	219	21	33	30	29	63	39	44	36	49	56	52	24	55	87	47	34	24	42	53	28	42	66	44	81	43	34	65	46	51	34	33	84	48	23	30	55	17	25	33	68	69	52	28	32	71	44	73	35	31	50	39	83	60	98	84	49	31	48	54	43	50	50	72	33	93	33	9	72	33	45	53	53	44	69	33	45	37	32	15	31	35	30	53	58	51	22	44	37	21	31	66	24	51	28	42	60	32	17	52	50	105	44	15	38	33	66	33	56	51	75	77	84	41	27	60	244	49	42	46	107	74	42	1	38	39	26	24	61	33	33	42	41	45	58	39	47	41	65	53	48	34	60	60	43	60	15	19	46	52	42	59	31	21	30	35	54	34	43	46	34	42	56	35	63	18	51	34	143	42	31	24	37	36	25	41	57	50	39	43	45	44	18	39	34	39	40	35	47	41	59	23	39	43	27	47	29	39	17	12	29	49	22	60	31	35	29	18	53	30	29	37	24	56	52	36	42	17	52	29	55	34	136	36	58	64	32	49	59	27	37	33	34	22	58	42	41	37	23	28	38	61	79	30	39	53	45	49	28	72	35	31	30	77	71	65	28	43	23	49	24	32	33	26	27	40	370	72	11	217	25	42	57	36	28	49	29	25	14	60	20	60	55	59	185	55	70	61	48	61
G[C>A]C	9	31	34	124	21	35	49	24	29	45	23	20	35	34	33	37	10	48	12	24	44	94	15	15	15	18	32	43	23	18	18	29	22	22	22	68	34	24	18	22	21	23	20	51	27	60	18	25	31	12	18	17	20	54	32	19	25	26	13	19	13	36	69	20	23	18	34	32	41	19	10	14	13	37	31	60	26	24	18	37	41	23	28	27	67	26	42	27	8	37	23	27	16	26	22	28	20	28	21	12	15	23	18	21	19	34	28	10	31	25	16	27	31	14	32	19	27	30	10	8	28	22	153	23	9	15	29	33	24	32	22	51	22	66	23	19	28	406	29	16	26	85	47	21	1	31	18	18	15	31	20	23	23	26	22	30	34	35	30	25	20	15	12	39	35	21	24	13	13	12	23	18	30	18	24	11	29	46	17	32	18	23	23	45	26	28	13	45	29	110	26	19	21	24	13	12	13	23	31	15	17	31	25	24	18	16	22	16	26	22	18	22	22	22	20	19	24	15	15	7	7	19	26	22	28	23	19	15	8	26	18	13	22	13	23	26	13	21	23	32	16	31	15	51	18	29	36	14	33	26	14	37	19	19	13	43	24	14	15	17	16	29	21	27	24	20	30	26	20	16	44	18	24	13	71	53	25	12	24	9	29	16	17	11	22	16	29	90	58	7	75	14	17	30	10	15	26	9	24	14	37	20	27	35	44	184	31	43	20	24	38
G[C>A]G	4	14	2	25	9	9	9	8	8	6	10	4	9	11	12	6	6	16	7	12	18	24	1	5	2	4	6	5	5	7	9	13	3	4	9	16	9	3	7	11	3	4	12	11	4	10	10	5	20	5	4	3	7	11	6	2	7	4	2	10	2	14	9	4	9	2	10	4	25	6	6	8	7	13	4	10	9	8	7	8	10	7	5	9	6	7	6	4	1	8	4	3	6	13	8	11	8	10	4	4	5	4	6	9	8	6	6	1	8	5	1	4	17	4	9	2	7	9	5	4	7	6	24	7	2	6	5	10	4	6	7	7	9	11	3	1	7	80	7	5	7	10	13	7	1	8	1	3	3	13	3	9	8	5	6	6	5	3	5	7	5	5	3	9	7	3	4	6	2	7	2	3	2	5	7	4	14	11	4	11	6	5	10	5	5	7	7	10	7	18	7	4	6	6	5	2	6	7	10	9	3	8	8	5	3	14	6	6	7	9	7	6	0	2	2	4	11	5	0	1	3	4	7	4	4	5	7	3	4	6	4	2	10	6	4	8	6	11	3	9	7	6	11	14	4	14	7	4	8	7	6	10	7	2	2	10	7	6	4	2	3	6	6	9	4	2	12	9	7	8	9	2	3	5	7	18	9	2	5	1	5	4	7	5	12	8	5	21	16	1	16	3	7	8	1	5	4	2	6	5	8	0	10	6	12	54	10	16	7	10	8
G[C>A]T	13	33	26	145	24	36	66	24	23	28	28	12	37	27	62	24	12	36	6	32	63	162	19	22	29	15	44	31	31	33	31	39	25	9	34	74	29	18	18	22	27	15	31	39	18	63	30	15	47	14	29	15	14	52	36	22	18	39	17	18	22	47	64	29	26	26	46	25	45	24	31	32	11	74	42	51	34	24	25	30	27	24	22	31	63	36	69	18	12	39	25	43	29	19	29	29	18	27	25	15	10	25	15	15	28	41	28	11	30	21	20	22	43	19	25	21	19	32	21	13	30	21	327	21	10	21	24	42	22	34	36	37	41	62	21	24	39	989	27	21	16	86	56	33	0	30	19	15	14	40	27	26	26	24	35	37	27	29	28	49	29	23	24	23	33	27	37	13	12	28	36	22	38	23	19	24	28	44	14	38	30	27	35	46	25	19	12	29	28	141	28	33	13	22	19	20	33	25	43	18	16	20	28	24	20	24	24	21	24	26	21	33	13	17	29	30	36	15	16	18	10	22	36	19	27	23	22	14	6	26	30	8	32	19	32	23	15	25	15	24	18	32	16	80	27	45	42	9	42	34	12	21	16	15	13	38	21	20	16	16	15	23	37	43	16	34	34	26	31	26	46	19	19	12	91	36	44	14	27	12	30	14	24	21	21	22	35	259	54	3	152	10	17	28	21	19	29	16	20	6	38	16	29	32	39	168	46	51	40	22	33
T[C>A]A	26	51	35	241	63	53	85	53	42	66	57	34	73	51	77	62	33	60	22	46	74	246	33	37	31	37	71	95	44	57	55	74	61	39	77	152	63	42	28	39	42	34	48	87	48	119	46	39	91	39	57	33	32	96	48	41	43	59	28	34	35	87	112	57	49	49	91	56	89	40	35	48	32	122	56	102	91	38	39	55	65	59	49	50	94	50	107	33	6	65	39	72	53	59	49	61	48	55	42	26	30	38	66	45	58	83	54	21	64	37	24	41	90	30	65	28	67	51	32	20	44	53	100	52	32	39	60	75	42	67	49	90	95	153	47	46	66	236	69	30	46	128	86	58	0	71	52	35	23	92	31	48	36	69	47	73	62	57	55	85	57	34	45	68	47	58	50	36	38	44	77	50	81	46	33	35	44	82	30	55	58	33	50	79	63	48	26	70	55	170	63	29	37	51	34	30	51	52	89	37	35	51	43	53	60	40	27	50	39	36	58	61	27	47	44	39	65	34	35	18	17	31	63	31	68	55	36	22	20	53	35	20	41	23	52	65	26	80	34	58	26	55	38	150	52	79	81	28	45	51	35	64	44	28	25	57	39	38	36	27	44	51	56	75	39	60	56	37	46	49	79	54	58	46	110	125	72	30	68	19	54	26	30	47	48	29	71	379	175	5	244	19	32	61	37	40	48	33	40	8	83	30	62	44	94	225	103	112	58	47	74
T[C>A]C	31	56	57	202	51	64	82	42	34	62	37	26	81	39	84	60	33	94	14	58	90	183	32	40	30	45	57	78	33	43	55	66	57	39	53	101	63	41	40	43	31	40	56	79	38	90	29	49	73	34	53	37	46	97	75	52	32	60	23	29	41	103	135	54	39	46	66	51	72	35	34	33	33	85	66	83	72	43	38	65	67	62	36	38	97	68	93	32	21	88	41	52	43	68	54	48	34	49	16	20	40	39	66	29	50	91	44	16	66	54	22	38	68	32	56	40	60	52	40	25	45	51	150	57	22	33	59	78	39	67	46	109	76	107	37	38	49	355	56	37	38	133	88	59	0	60	54	32	25	87	44	33	46	50	54	83	54	52	69	70	52	54	34	62	46	45	47	28	32	39	46	47	75	43	42	35	50	93	31	39	57	36	72	69	73	38	18	63	54	155	59	36	35	50	24	17	30	60	62	35	31	56	47	68	51	51	26	55	42	35	44	40	27	36	35	23	59	37	30	16	17	30	58	38	55	47	40	21	16	53	42	29	54	28	52	71	21	59	28	48	32	49	35	144	46	75	46	23	43	51	47	49	25	27	22	50	44	32	36	29	29	62	39	56	39	55	75	50	56	38	84	39	44	44	106	99	67	38	75	18	69	37	22	44	42	25	41	213	115	13	162	26	61	70	35	42	53	27	50	12	64	37	62	50	104	213	89	107	58	43	58
T[C>A]G	3	7	7	27	12	9	18	12	5	15	8	7	11	16	10	8	8	15	1	12	23	41	6	3	7	5	11	11	16	4	15	6	12	5	7	21	12	2	6	7	11	6	11	14	5	13	8	9	11	9	11	4	5	20	8	5	8	19	2	7	5	21	9	10	7	2	6	11	11	4	3	3	7	15	17	22	20	15	7	12	14	11	13	8	14	6	11	2	4	11	4	15	9	9	9	7	9	2	8	1	6	12	5	4	11	10	5	2	12	11	7	6	12	10	10	4	9	9	11	9	7	12	10	8	6	8	4	12	8	9	3	14	10	14	10	3	8	32	9	7	3	8	15	8	0	11	4	6	5	7	6	4	13	10	11	9	16	6	11	10	8	9	8	12	6	7	8	1	6	8	10	7	11	8	12	5	6	15	5	4	7	4	8	7	11	8	6	13	6	25	8	5	5	9	8	2	8	8	12	4	5	12	4	12	7	7	8	11	9	10	6	11	4	12	6	4	10	5	6	0	2	8	9	5	8	7	7	7	3	15	0	3	8	6	8	6	6	7	8	8	4	9	5	14	8	6	6	6	3	8	6	4	8	3	1	8	5	9	7	11	4	10	9	9	3	6	5	1	9	7	19	3	5	3	16	17	12	3	7	5	9	4	8	13	9	5	6	43	21	3	24	3	9	8	8	7	8	5	8	1	11	8	9	17	18	30	8	13	8	7	9
T[C>A]T	32	76	83	221	63	73	114	46	39	72	57	46	108	58	148	74	29	92	8	53	123	362	37	31	48	37	88	64	74	58	101	76	82	38	81	146	58	49	39	48	63	49	57	120	37	186	48	31	112	67	54	56	51	125	92	42	44	71	50	39	46	89	164	67	48	45	102	58	114	45	37	48	51	157	102	117	105	59	61	87	73	41	70	69	117	64	163	48	22	109	52	99	71	86	57	58	51	54	55	36	41	48	60	54	84	91	79	32	81	62	45	59	91	64	70	46	85	75	37	44	68	79	404	55	40	68	61	116	53	94	60	118	124	203	59	57	98	1203	60	48	52	192	166	72	1	92	84	41	42	105	56	71	75	68	62	110	68	102	64	109	72	68	52	83	88	77	68	28	26	45	86	55	130	59	40	46	71	84	44	59	68	46	61	107	109	56	36	72	65	224	72	57	50	78	42	27	59	74	96	47	43	102	56	66	76	64	48	73	53	38	69	84	42	63	67	65	79	40	45	31	20	48	97	39	74	42	38	31	36	76	53	30	73	34	77	96	37	87	34	74	50	88	50	176	49	111	87	30	82	76	59	60	44	50	30	70	64	47	55	33	37	77	77	106	56	62	81	52	74	49	132	47	51	46	120	134	88	47	70	29	75	45	34	60	33	40	73	674	170	9	376	29	54	88	61	52	72	41	34	24	112	45	76	54	78	252	111	135	81	63	89
A[C>G]A	19	14	21	158	19	25	44	21	21	21	9	25	24	32	22	34	12	33	12	21	34	97	8	17	22	12	38	29	14	21	25	37	21	12	31	67	26	17	20	19	11	15	24	41	11	48	20	26	39	17	23	15	9	42	37	16	13	29	7	24	14	44	106	20	15	14	30	17	27	18	18	16	16	42	26	29	32	16	18	29	29	18	24	24	70	35	40	20	10	20	22	22	20	33	43	26	17	28	19	18	12	15	16	27	26	44	25	12	45	20	14	18	33	18	29	18	18	28	21	13	21	21	60	26	12	21	15	28	21	31	22	31	17	49	13	10	14	267	34	18	22	78	65	22	0	32	16	22	10	55	22	18	23	15	23	28	20	19	14	26	19	23	26	29	25	22	13	13	11	24	17	19	34	29	24	12	22	50	20	21	23	20	21	62	16	15	19	28	25	120	27	19	23	17	15	16	19	21	40	16	14	24	20	21	22	17	23	28	21	28	26	23	12	13	11	11	19	20	20	6	11	16	16	15	13	21	16	10	6	26	19	28	28	13	13	26	12	17	15	25	15	30	16	53	14	21	19	17	27	22	20	29	16	17	13	37	21	14	12	16	5	22	15	25	15	19	38	23	23	37	37	20	38	25	75	38	30	16	21	5	16	14	10	15	28	10	24	94	53	7	106	11	20	23	18	22	20	11	17	13	33	12	19	32	31	126	36	50	24	23	33
A[C>G]C	10	16	12	84	16	11	22	21	17	14	18	10	20	12	15	22	7	24	5	22	16	58	15	12	10	24	16	19	11	15	11	16	21	16	20	54	23	11	14	15	12	15	20	42	10	28	16	27	22	10	9	12	12	23	23	15	9	16	7	12	5	23	62	13	11	4	11	18	23	11	7	13	9	18	15	26	16	7	10	12	21	18	14	8	34	19	32	7	3	32	7	28	12	28	14	15	16	16	8	6	12	12	17	17	8	22	17	4	21	18	7	11	22	9	17	12	17	27	19	10	11	10	25	6	11	12	18	22	12	21	5	25	19	32	8	12	10	120	16	19	8	49	35	10	0	19	9	9	10	29	11	12	14	7	15	21	22	16	15	16	9	16	13	16	21	19	10	10	4	14	6	10	21	13	13	10	12	29	14	13	21	14	15	40	23	11	10	22	8	65	18	10	9	11	13	11	10	19	15	8	5	23	13	30	10	11	16	6	16	18	6	16	8	8	8	11	10	10	5	5	8	11	9	8	17	13	11	3	0	11	8	8	11	6	10	17	5	17	11	17	10	10	9	40	11	13	18	6	8	18	12	19	13	12	2	22	17	12	16	9	9	12	9	18	13	11	25	18	11	15	26	14	18	12	37	14	19	12	18	1	18	8	6	13	9	11	22	50	38	3	42	6	8	12	13	12	13	6	13	3	24	10	12	17	18	60	25	26	13	18	25
A[C>G]G	5	4	3	25	6	4	6	3	2	5	5	2	7	2	3	6	6	7	5	7	14	21	4	6	5	2	8	6	4	4	4	5	4	5	5	15	5	3	4	1	3	2	5	3	1	7	7	4	15	2	6	5	2	5	4	5	0	1	1	0	2	7	23	6	5	3	4	4	11	3	2	7	2	17	7	9	3	4	4	5	6	3	5	3	11	6	10	7	0	5	3	2	4	4	6	3	3	7	2	3	8	3	6	5	7	6	4	6	11	2	4	1	7	3	1	3	4	7	2	5	1	7	4	4	2	3	3	4	3	3	5	11	5	4	4	3	6	19	7	9	8	11	13	1	0	3	3	4	2	8	9	5	7	2	2	4	2	3	8	6	3	5	2	5	6	4	3	0	1	0	3	7	7	11	5	3	7	11	4	8	4	4	5	11	2	5	3	5	10	20	6	2	3	3	2	2	6	5	10	4	3	3	3	2	5	4	3	4	8	3	1	7	1	1	3	4	1	5	5	2	1	1	6	4	4	5	2	2	2	3	4	5	7	3	4	6	7	3	2	5	2	3	3	12	6	2	3	1	5	4	5	2	5	3	3	6	7	4	4	5	7	6	2	5	4	3	3	2	1	5	8	6	6	3	12	7	6	2	2	3	4	5	8	2	5	3	4	18	10	3	9	1	1	4	3	4	4	1	2	1	4	2	1	5	3	22	3	5	3	4	10
A[C>G]T	17	24	25	141	25	15	31	21	40	30	26	18	28	28	35	33	13	51	14	16	35	105	12	12	13	29	21	25	10	26	18	25	21	35	28	92	38	22	31	16	11	26	28	54	21	41	13	22	43	18	21	12	22	27	33	18	26	27	11	20	15	44	103	19	17	17	25	25	41	23	11	24	20	34	24	40	25	30	12	28	28	28	32	27	76	48	36	17	7	28	21	31	23	38	27	24	9	34	22	16	19	27	25	25	26	45	26	11	42	22	12	19	28	17	32	25	20	23	22	10	18	14	33	21	9	20	27	31	22	28	8	42	24	52	20	16	26	254	29	16	26	81	42	12	1	45	14	16	14	37	22	9	25	24	19	56	37	20	26	30	21	27	14	29	29	24	17	13	12	16	19	15	28	23	21	24	30	41	23	9	28	19	26	61	37	21	15	40	40	141	37	29	21	22	19	13	18	33	45	22	12	43	21	20	28	17	15	30	28	20	25	20	15	15	13	10	22	21	28	7	8	15	22	12	22	22	21	20	5	27	11	11	23	14	11	25	8	17	31	20	18	28	20	61	19	18	16	21	27	30	21	29	14	6	18	40	27	14	13	24	15	23	16	21	24	30	33	18	8	24	32	18	28	17	78	39	26	16	34	7	30	21	12	32	23	10	42	105	55	5	182	17	23	20	7	19	21	20	20	10	30	17	25	25	38	112	45	53	23	35	37
C[C>G]A	7	11	18	89	15	9	21	15	17	14	9	13	12	17	21	17	6	17	7	11	24	71	3	13	7	13	16	13	11	10	7	16	11	10	11	44	23	17	7	10	15	9	13	22	14	30	9	11	22	5	16	11	9	26	14	13	7	20	4	8	9	19	62	9	5	9	20	10	7	13	8	17	10	36	14	15	8	16	7	21	11	12	15	10	27	29	23	8	12	24	7	18	14	15	11	13	6	14	10	6	4	18	14	12	8	19	10	6	28	8	12	6	19	12	22	6	12	18	12	6	17	3	16	9	6	11	13	15	12	8	12	20	15	22	8	8	9	33	19	10	13	52	27	9	2	14	3	9	6	20	8	10	9	11	10	17	16	9	17	12	6	12	10	11	17	12	11	8	9	9	4	8	14	11	3	8	15	22	8	7	13	13	12	26	20	7	7	22	14	64	17	7	6	10	4	11	7	11	19	7	7	8	14	14	11	10	10	8	17	15	5	7	3	10	4	9	12	7	15	3	7	9	7	7	14	10	12	5	5	10	2	8	8	10	5	9	6	12	9	7	6	19	6	36	15	10	10	5	2	11	8	15	12	6	10	22	7	4	13	7	12	10	7	15	13	12	23	11	8	12	18	11	10	11	59	42	13	8	15	7	15	8	6	16	11	10	14	34	29	6	38	8	5	10	7	12	19	6	14	7	13	6	16	10	24	82	16	37	7	12	21
C[C>G]C	10	11	13	81	23	13	16	14	17	21	12	7	16	13	14	22	9	18	7	18	21	52	7	8	9	19	15	13	16	11	7	19	13	15	16	41	24	13	13	7	4	13	13	31	11	28	13	17	21	6	8	12	7	21	26	5	17	16	2	9	8	18	51	15	10	11	21	9	17	9	11	12	6	12	16	20	15	15	10	22	15	18	13	12	35	31	24	10	5	17	15	29	16	21	17	14	10	20	9	7	9	11	8	7	17	21	13	4	25	16	12	18	16	3	18	7	7	27	17	7	4	7	33	11	3	10	12	13	18	9	8	16	15	27	11	7	9	101	22	13	10	51	27	11	0	28	6	8	8	21	12	11	16	12	11	17	16	10	13	18	8	9	10	15	13	10	12	8	8	13	6	7	20	10	9	3	15	25	13	12	22	8	18	33	18	12	15	18	19	79	22	8	14	10	7	11	6	12	9	11	11	20	8	8	11	11	8	7	15	6	10	8	12	12	10	10	7	11	17	8	4	6	12	6	7	10	11	1	3	15	6	8	12	10	8	9	8	11	12	11	10	18	8	31	10	14	5	10	13	13	10	5	7	4	9	16	12	12	14	12	7	10	11	11	12	21	17	12	10	15	26	4	10	14	42	23	11	6	14	7	22	5	11	14	12	5	20	42	24	9	22	5	6	12	10	10	12	6	14	7	17	9	16	17	24	84	34	20	5	19	21
C[C>G]G	4	10	8	28	9	4	8	8	8	4	7	6	10	9	6	9	3	10	4	4	19	16	2	2	9	7	18	8	7	5	5	12	7	8	9	22	10	1	9	7	6	5	11	15	4	12	5	3	9	8	11	8	9	10	4	5	7	9	4	8	9	11	19	14	7	7	14	14	8	6	4	13	9	11	15	10	11	14	6	12	10	19	10	6	8	12	9	7	1	12	6	9	10	14	7	10	4	8	7	6	5	12	6	10	5	6	6	6	15	7	8	2	16	5	12	4	9	15	7	3	4	4	9	7	2	9	5	8	12	11	11	8	13	15	8	4	7	25	8	3	10	20	15	4	0	16	7	8	6	5	4	5	6	7	9	7	15	1	7	17	15	5	6	15	4	8	6	8	5	10	7	7	10	11	6	9	14	21	4	8	4	12	5	14	8	4	2	11	10	28	9	13	2	8	9	4	1	6	8	7	4	4	5	5	5	3	2	7	12	13	12	3	6	4	7	5	7	9	8	5	1	0	10	4	5	9	6	2	2	10	7	4	3	5	8	11	4	4	10	7	4	5	6	22	7	7	6	3	5	9	8	10	8	6	4	9	6	12	11	6	9	10	5	5	8	3	4	10	11	6	8	10	8	7	18	10	13	6	6	6	9	13	6	7	6	6	9	11	19	0	9	2	3	6	6	11	6	5	2	4	8	8	4	8	15	28	5	14	7	8	10
C[C>G]T	11	22	16	113	14	24	24	19	32	15	15	11	18	25	31	25	10	34	7	31	37	75	12	17	14	12	24	26	16	16	18	26	13	16	18	68	33	19	17	14	19	21	27	36	15	39	14	22	31	11	26	11	17	24	19	17	24	15	10	17	13	27	102	16	19	24	21	12	28	27	12	21	13	49	20	36	21	22	21	34	38	28	26	12	58	41	27	13	8	34	20	31	21	30	22	17	6	26	19	14	18	14	22	17	24	39	20	5	45	20	15	11	30	18	39	8	13	23	19	9	26	11	20	16	9	10	15	13	20	19	13	36	27	49	20	11	17	50	28	10	23	77	45	18	1	32	12	21	13	29	19	12	16	16	9	29	33	14	25	17	20	14	15	22	28	27	15	16	7	20	11	16	23	12	25	9	16	29	23	18	21	30	19	58	29	11	6	27	25	106	28	18	14	22	16	13	6	22	40	13	15	18	16	21	28	20	16	11	23	15	13	15	14	7	12	14	17	17	18	4	5	12	13	8	25	15	11	15	5	28	11	21	19	9	10	15	9	20	17	14	19	26	16	46	7	22	17	10	17	16	24	27	10	11	13	25	17	14	9	11	12	29	15	16	23	21	29	24	18	19	30	19	19	20	74	51	16	17	22	11	23	9	19	24	27	8	28	67	44	12	83	13	15	21	5	17	20	12	20	4	16	13	17	24	37	118	43	45	17	26	25
G[C>G]A	6	5	9	53	13	9	11	5	14	12	6	16	11	11	14	21	5	15	1	17	20	41	5	8	5	12	8	11	8	7	13	10	6	8	11	36	15	12	8	12	7	7	7	21	10	14	8	8	14	7	10	3	4	12	9	8	7	7	4	4	6	13	47	5	9	3	11	11	16	10	5	12	5	20	15	15	10	13	5	11	9	5	6	4	25	16	14	5	6	14	5	21	2	13	11	9	5	15	11	5	5	9	12	9	11	23	4	5	9	8	7	12	12	4	5	8	10	8	12	7	7	7	11	14	6	6	11	17	4	7	4	10	11	15	5	4	12	66	12	8	10	25	23	6	1	12	5	4	7	11	8	6	8	4	5	13	13	4	10	12	7	11	4	9	9	8	4	8	2	12	5	3	14	5	4	8	12	18	7	4	8	3	7	19	13	5	7	12	13	45	11	8	4	10	7	12	7	10	18	3	4	8	11	14	8	7	7	6	13	4	10	5	3	5	10	1	7	10	9	4	6	5	7	4	9	13	10	4	2	9	3	6	12	7	5	7	7	9	9	10	5	12	9	19	5	11	6	5	14	7	6	15	7	8	5	5	10	3	8	5	3	9	4	10	7	7	18	3	7	13	11	11	8	6	31	14	9	7	15	0	15	1	9	5	14	5	7	28	25	4	43	10	7	12	11	5	9	3	6	7	9	9	3	8	19	55	12	12	5	13	12
G[C>G]C	10	13	8	65	16	14	15	14	16	25	9	12	20	13	12	20	6	17	5	17	27	49	5	12	9	13	13	31	12	22	13	17	9	15	13	59	22	11	9	8	10	9	20	22	14	19	14	17	32	8	15	7	8	19	29	14	10	18	8	7	12	21	41	16	15	12	18	12	23	21	6	14	7	11	13	27	13	8	13	16	18	12	13	3	23	19	18	3	3	25	11	18	19	19	17	12	7	16	6	6	11	9	12	12	3	22	11	6	22	13	8	9	28	5	18	9	16	13	11	4	11	9	40	10	9	7	19	25	8	22	13	14	12	15	15	11	6	169	12	10	7	36	17	12	0	14	8	9	7	15	13	10	6	10	11	14	12	10	14	11	9	14	4	16	3	8	7	7	4	14	7	5	22	10	12	7	16	21	4	13	14	14	15	24	16	3	0	17	8	52	10	5	11	9	13	10	8	20	8	9	10	16	5	10	13	7	11	13	10	12	10	16	11	11	9	10	7	9	15	5	6	10	9	12	11	11	6	4	5	15	12	13	10	5	7	17	5	5	8	17	9	14	10	30	12	16	12	8	14	9	11	15	6	9	9	16	14	8	4	12	3	11	6	14	13	13	11	13	7	12	22	10	18	15	30	17	9	7	17	3	16	7	3	14	10	8	18	32	21	5	52	9	11	15	4	6	10	11	7	8	13	11	15	15	25	52	26	19	11	19	25
G[C>G]G	2	3	2	20	3	4	1	2	1	4	2	5	4	1	4	4	2	3	1	2	10	9	1	2	4	1	3	5	3	1	4	2	5	2	4	9	6	3	1	2	3	2	2	5	3	7	3	6	5	1	0	1	1	7	3	1	6	4	1	4	2	3	8	1	2	2	5	0	4	3	2	1	3	8	3	2	4	5	3	6	2	3	1	6	3	1	1	2	1	3	5	5	8	3	0	4	3	1	1	2	2	2	4	2	4	6	3	2	7	4	2	0	4	0	4	1	8	3	2	2	3	2	10	2	2	4	0	5	3	2	1	5	25	2	2	1	1	28	1	2	4	10	4	4	0	2	5	2	5	3	2	5	4	1	5	7	4	2	3	6	1	1	2	4	0	2	1	0	3	6	1	3	5	2	0	2	2	6	1	1	1	1	2	2	4	2	2	7	1	10	3	1	2	1	3	3	0	1	2	1	1	6	2	2	0	2	1	2	3	4	1	0	4	3	4	2	2	2	1	2	1	0	2	0	4	3	2	0	0	2	1	2	2	2	3	1	3	2	6	3	3	6	4	6	0	2	0	1	7	0	0	3	1	0	1	4	1	1	1	1	4	3	1	1	2	5	5	1	3	3	3	5	1	3	7	7	2	1	6	2	2	3	0	5	0	1	4	8	8	2	5	0	2	4	4	0	1	2	2	1	5	1	3	3	8	18	4	5	1	3	3
G[C>G]T	7	14	8	102	9	10	14	17	23	17	9	11	11	16	11	14	8	28	5	14	20	55	3	7	7	14	18	13	5	6	12	19	9	12	14	49	14	14	7	9	15	6	12	34	12	20	9	18	27	10	13	8	7	17	23	5	10	13	3	12	6	18	69	13	13	10	17	15	24	11	6	7	7	31	15	28	18	6	6	10	17	18	15	3	39	23	21	5	2	27	13	17	13	21	17	11	9	12	4	4	4	18	18	9	13	18	16	6	27	12	5	6	17	11	7	12	12	15	11	3	11	6	30	10	6	10	14	13	9	13	10	28	13	16	11	6	14	123	13	8	12	45	32	10	1	18	6	10	7	26	9	8	7	10	10	20	18	6	22	11	17	16	11	14	12	11	6	4	8	9	7	9	9	9	7	12	8	18	13	9	13	7	13	43	14	10	12	25	14	82	22	11	7	17	8	8	11	12	19	8	11	17	7	8	6	9	5	13	14	10	17	6	5	9	7	8	10	11	13	3	6	9	8	7	13	10	9	12	6	16	11	12	14	4	8	10	8	7	4	6	9	12	10	25	6	17	7	10	10	17	9	12	12	8	11	11	19	4	5	6	13	6	15	13	18	14	17	13	3	12	11	5	29	6	44	17	6	12	19	4	16	5	13	7	7	5	19	51	30	4	58	12	8	9	12	7	11	4	15	10	18	11	12	14	29	83	32	25	13	19	19
T[C>G]A	10	11	20	136	16	31	39	15	43	31	15	17	15	19	33	39	25	32	13	24	47	136	10	28	17	21	42	25	25	29	24	35	23	18	35	104	55	18	16	13	17	22	31	38	16	94	22	41	54	12	30	18	16	32	41	16	18	20	14	11	8	27	140	18	12	13	33	29	34	28	18	17	11	113	17	49	36	10	24	15	18	35	20	17	56	37	41	16	6	37	22	40	25	59	19	21	18	20	22	10	15	24	28	15	12	39	21	9	78	20	18	24	26	16	34	16	13	34	23	14	26	15	24	32	22	14	14	23	15	17	16	41	38	46	21	12	21	47	97	17	26	79	55	11	0	39	16	17	8	33	30	12	8	26	26	47	34	15	55	39	14	42	25	21	57	25	19	21	13	25	11	16	29	16	18	19	16	38	31	9	48	26	39	62	27	16	22	23	34	123	36	12	16	24	19	17	14	27	41	26	11	56	24	19	23	16	14	23	20	10	13	10	17	17	12	17	21	16	24	7	13	14	23	10	15	20	26	14	10	23	14	20	27	10	16	17	10	28	16	22	13	32	21	61	19	18	11	15	13	15	19	29	21	9	8	31	23	21	11	13	11	33	18	22	24	22	34	32	12	27	36	23	45	18	103	371	27	21	32	4	31	17	18	36	23	12	47	112	404	7	135	19	14	22	10	18	24	14	13	8	43	27	26	29	40	180	57	108	24	35	32
T[C>G]C	11	17	18	100	15	19	24	10	34	26	13	21	24	12	30	35	8	32	8	19	40	105	10	27	11	16	28	17	9	22	12	21	8	22	16	80	37	22	16	17	16	18	26	40	10	46	17	34	41	12	25	15	8	24	32	14	19	28	6	14	15	30	90	13	14	10	19	21	32	24	14	15	17	47	15	37	29	11	16	27	20	20	20	11	63	48	32	13	7	32	21	29	23	31	27	10	10	23	10	9	12	27	24	17	25	46	19	6	41	12	10	16	28	9	34	10	13	28	22	5	28	15	22	34	12	18	23	27	9	22	21	40	32	38	21	12	13	47	34	17	14	69	50	17	1	21	12	11	15	27	26	7	14	22	19	23	23	19	29	27	16	23	18	15	30	15	14	14	8	18	9	6	18	17	21	17	21	26	20	10	28	26	18	63	34	11	13	32	21	95	26	17	18	18	16	13	13	24	36	16	12	32	19	17	9	17	25	24	23	7	16	13	8	11	8	7	12	12	22	9	5	10	15	20	8	21	15	12	5	17	10	19	21	10	17	18	11	25	17	16	12	16	20	49	10	20	18	10	17	20	18	27	10	12	8	32	14	16	17	13	9	22	14	21	19	22	16	27	7	21	34	17	34	17	73	96	29	19	24	4	26	14	8	17	20	11	29	54	115	7	62	6	12	24	15	12	17	11	18	10	40	22	30	27	33	149	38	68	18	21	29
T[C>G]G	2	0	4	21	5	12	10	5	4	2	4	3	4	2	6	6	2	3	3	8	9	12	3	6	8	2	10	1	1	7	4	6	1	5	5	10	4	0	3	5	6	2	1	8	4	7	6	5	12	2	8	0	6	8	3	1	3	4	3	0	5	5	16	6	7	2	3	9	11	2	3	3	2	10	13	17	8	6	3	3	6	7	8	3	13	5	13	1	4	5	3	7	3	9	3	6	2	7	0	0	1	3	5	2	3	5	4	5	13	2	1	4	5	4	8	1	7	8	5	2	3	5	5	6	3	1	3	7	2	7	6	9	4	8	2	3	9	9	4	4	7	7	13	4	0	8	2	2	1	3	4	4	2	2	5	5	7	2	6	10	3	4	3	5	3	3	10	4	3	5	4	4	5	2	2	8	5	6	3	5	6	2	4	8	2	3	1	5	3	14	7	1	2	5	5	1	0	4	7	5	2	8	4	3	1	3	5	8	2	6	4	3	3	5	2	4	7	5	6	3	0	5	7	3	7	1	1	2	0	5	4	4	4	1	4	2	1	1	4	5	2	2	4	4	0	4	0	2	4	2	1	7	5	1	2	3	5	13	5	3	1	6	5	4	4	3	6	4	2	3	6	2	5	4	9	16	6	3	2	5	5	7	3	5	1	3	7	7	23	0	13	1	1	4	4	8	4	0	4	3	7	3	8	1	8	16	10	3	6	7	10
T[C>G]T	17	50	41	225	41	46	66	48	69	66	40	31	35	50	60	73	24	67	12	60	91	265	21	37	34	42	72	59	40	49	59	68	34	45	71	170	93	54	31	38	26	43	46	108	40	136	37	63	115	24	58	26	29	57	77	32	38	51	19	29	29	62	233	35	32	24	78	49	78	64	37	44	35	176	45	83	62	38	38	50	52	51	49	40	129	79	74	33	22	58	37	50	37	75	56	30	32	60	36	19	45	62	45	41	46	122	46	13	154	46	26	45	48	35	73	36	39	76	53	21	40	32	69	58	34	37	68	46	38	46	25	88	91	83	35	29	58	267	138	40	53	147	109	34	1	68	40	40	21	66	40	26	32	46	36	85	69	52	99	55	36	63	60	43	70	41	33	40	17	35	27	29	49	45	32	35	38	76	40	26	66	42	91	138	70	30	32	65	60	232	49	47	38	48	29	32	21	60	98	41	36	96	41	62	55	29	25	45	40	33	23	34	36	33	32	32	38	19	38	11	27	28	46	28	46	50	37	38	7	39	19	30	53	22	35	48	15	50	41	31	34	59	36	114	29	49	43	24	35	59	29	43	32	29	15	85	48	24	30	28	13	60	30	54	62	50	73	50	29	50	84	34	75	42	149	486	43	31	56	20	61	30	33	49	50	20	70	214	504	14	368	34	23	44	26	41	42	32	42	17	96	48	60	63	78	296	120	164	42	41	60
A[C>T]A	56	74	61	282	72	63	101	64	69	71	67	66	86	83	101	80	32	87	36	75	161	167	49	43	71	58	91	93	70	69	71	83	55	61	82	135	74	54	49	71	56	48	100	115	55	131	69	62	124	53	62	60	59	112	78	52	65	71	47	47	61	110	173	80	65	61	102	67	141	55	47	60	68	155	107	122	90	77	62	67	79	69	92	76	110	69	111	48	39	91	63	78	60	76	67	82	75	79	54	47	58	74	62	80	84	161	78	52	121	72	52	64	76	47	54	53	98	94	48	45	54	45	1434	74	41	64	76	100	68	65	76	98	70	114	67	56	81	5887	60	56	65	179	134	66	6	95	60	58	41	85	67	60	73	62	74	89	89	60	65	78	69	48	47	81	83	84	57	61	42	58	54	74	89	88	62	63	90	120	50	74	75	69	68	130	66	55	44	62	62	191	85	57	65	52	58	36	55	61	110	51	49	83	69	58	64	54	61	91	67	66	63	52	53	52	64	42	59	50	76	32	33	58	73	38	62	48	62	42	37	91	49	35	66	41	49	58	42	71	50	62	47	88	57	144	68	65	61	46	225	88	44	76	62	48	47	82	79	54	49	40	46	217	52	84	59	58	95	62	64	76	110	62	75	54	127	212	75	62	78	39	75	45	58	70	70	54	63	340	141	40	154	46	60	74	51	68	60	37	69	34	89	61	98	65	85	193	103	130	92	80	102
A[C>T]C	21	44	35	124	30	38	44	52	50	41	38	37	55	31	70	43	26	59	24	52	88	94	22	36	31	27	50	41	30	38	40	58	24	31	35	72	34	26	31	25	22	17	35	63	29	61	40	41	55	20	24	24	32	64	47	24	33	33	24	39	19	68	69	48	47	24	52	40	67	31	25	38	22	79	43	66	51	28	26	30	46	45	36	34	46	37	46	28	13	64	22	37	38	57	42	58	33	49	19	22	30	32	31	32	34	76	21	39	61	32	28	32	49	17	42	30	37	44	33	25	27	23	305	25	19	31	28	44	34	38	24	54	29	60	46	24	42	1345	34	34	29	78	62	33	2	31	25	29	28	44	31	22	44	34	46	45	42	33	35	43	28	28	24	33	59	34	24	37	20	33	32	25	43	34	29	16	47	46	35	25	32	31	35	39	46	20	20	39	35	88	61	20	29	41	33	19	29	38	40	35	20	26	25	38	41	39	31	29	33	47	39	27	24	24	28	27	22	36	50	19	10	29	39	27	37	24	29	22	22	34	28	28	30	18	25	31	31	43	28	34	28	32	34	74	33	38	38	19	80	48	21	33	29	31	20	45	35	29	21	31	22	114	18	37	27	29	62	34	42	40	84	31	42	22	52	111	41	30	25	23	40	23	18	32	24	26	34	166	78	19	82	20	24	28	32	25	29	24	25	20	38	28	50	44	65	107	61	83	35	41	60
A[C>T]G	159	348	208	310	200	277	373	202	142	183	237	93	230	160	305	377	141	254	43	200	562	314	124	156	243	94	326	147	270	221	159	403	217	117	306	232	182	91	95	228	191	156	237	170	186	332	170	108	201	189	91	162	212	522	145	149	150	288	110	204	131	448	259	391	236	204	296	271	454	111	114	258	182	380	253	326	246	171	149	194	191	262	338	293	198	136	284	284	112	181	156	219	143	145	147	312	227	227	180	132	168	136	116	259	227	392	156	152	333	185	105	253	396	148	168	174	368	254	139	124	221	168	6063	147	125	132	130	377	216	246	199	150	242	201	222	184	195	4283	136	89	146	259	311	187	7	320	216	178	134	179	323	157	451	191	191	211	146	249	109	120	222	151	153	201	172	293	195	162	94	82	191	241	164	235	65	158	292	247	100	156	107	181	123	221	130	135	136	130	175	175	222	237	128	196	141	71	217	125	259	189	166	118	124	173	221	135	264	312	222	221	263	261	84	155	250	180	162	132	209	83	73	166	270	188	241	98	108	111	82	347	226	58	241	172	217	232	143	102	123	219	170	211	210	415	168	180	300	163	1154	106	86	132	202	172	92	275	270	206	224	77	94	209	196	301	144	84	207	81	232	117	377	149	160	94	154	195	281	171	131	124	117	147	180	238	109	173	197	1010	214	64	590	98	129	301	178	231	283	141	147	80	191	182	381	139	164	205	290	257	433	298	220
A[C>T]T	26	50	40	202	58	54	73	42	52	47	45	55	63	60	63	68	27	65	25	46	130	130	26	31	50	41	55	45	31	41	37	64	41	27	54	99	55	31	36	39	32	46	73	73	40	97	41	45	72	33	40	32	49	82	59	30	28	48	26	41	33	81	126	58	35	34	63	63	88	37	33	57	34	115	64	93	59	39	31	53	58	41	39	49	81	44	64	43	19	55	31	49	52	62	51	52	42	68	34	35	28	36	46	51	76	88	47	35	68	46	31	40	65	29	52	50	35	54	40	22	47	34	257	45	43	44	47	66	33	44	45	80	57	78	44	36	46	1608	65	26	48	116	77	45	3	60	46	45	31	79	48	30	53	52	52	72	53	54	51	47	41	33	36	49	42	54	33	32	26	41	30	36	60	43	34	28	46	70	36	30	60	33	57	84	59	28	28	55	60	157	61	45	39	49	39	30	34	47	69	42	30	51	43	40	40	40	51	46	41	48	54	31	29	28	53	30	45	27	56	20	34	40	27	29	46	36	52	31	23	50	35	43	47	21	40	52	26	44	38	45	36	46	27	106	33	62	52	34	80	34	33	50	34	33	25	57	35	32	34	31	36	211	32	58	40	45	72	23	48	45	68	42	51	29	98	109	65	36	42	18	38	27	39	47	44	40	45	323	102	26	111	29	31	50	41	28	49	17	40	23	56	42	60	56	64	182	60	96	60	51	56
C[C>T]A	34	54	58	170	71	52	77	44	39	64	55	53	56	64	58	50	26	64	20	53	116	137	25	21	32	39	78	61	31	50	39	50	43	56	55	127	60	32	39	34	31	27	68	77	32	85	41	53	70	36	47	32	29	84	61	36	45	67	18	33	25	93	100	45	48	46	70	49	91	40	40	50	36	139	46	102	40	34	48	47	72	63	51	55	70	57	58	35	12	69	40	63	43	53	58	73	33	58	25	25	23	36	49	49	39	75	52	30	97	55	34	29	76	41	52	32	61	80	29	32	45	22	257	43	26	47	41	71	29	41	40	71	42	94	34	25	49	779	38	45	39	110	81	48	4	52	29	40	30	61	41	44	48	47	40	75	54	44	37	54	27	46	42	47	48	41	39	31	24	45	40	32	67	39	39	35	59	69	38	30	38	30	48	70	49	38	26	72	45	137	60	41	28	54	40	22	39	40	43	35	21	56	30	39	44	34	46	38	49	45	36	30	28	31	38	34	54	36	45	23	20	35	43	34	34	33	37	23	18	48	33	21	56	26	46	35	25	42	40	43	40	43	31	111	39	49	41	21	89	52	35	51	32	34	42	56	44	28	36	34	23	103	41	49	34	49	69	38	41	51	70	46	62	38	80	253	42	32	45	22	60	33	34	38	41	32	51	227	133	22	91	26	34	49	24	27	38	22	39	38	63	42	55	69	75	158	84	94	53	53	66
C[C>T]C	36	57	41	129	54	58	58	39	55	36	45	41	61	48	56	57	35	81	18	42	95	110	38	32	32	30	57	55	29	41	35	38	28	33	56	84	58	30	48	31	26	33	50	64	45	74	29	41	75	28	48	26	29	79	59	26	28	56	21	35	36	87	89	47	53	32	61	47	91	44	24	36	31	126	60	95	47	40	29	61	49	60	37	44	68	33	65	32	17	67	34	49	44	50	44	55	36	64	30	12	32	26	47	40	43	64	30	20	50	29	20	28	54	40	49	32	60	71	33	29	43	30	362	40	23	38	41	60	29	58	35	65	47	77	32	29	44	1051	41	35	35	81	68	41	1	31	17	38	30	64	49	38	45	42	37	59	42	44	36	55	40	42	26	65	56	39	25	27	18	47	29	23	62	31	33	29	35	62	40	35	38	30	48	62	52	45	25	70	31	109	50	29	34	41	28	14	25	38	51	32	27	45	23	51	30	40	34	32	46	58	37	47	17	35	37	36	27	29	32	20	13	27	31	35	39	33	40	20	17	54	33	22	38	24	34	42	27	41	28	61	27	38	45	104	42	52	26	25	80	59	40	29	29	35	20	43	47	25	26	31	28	51	28	38	39	40	49	41	41	39	79	29	62	29	59	269	54	41	40	17	51	22	34	36	37	26	42	275	126	21	80	11	31	41	25	23	51	20	43	18	41	37	63	52	69	155	53	75	42	52	67
C[C>T]G	83	204	93	194	128	158	218	107	83	95	141	81	149	101	178	234	76	127	29	117	283	208	58	79	121	58	189	90	97	106	80	175	97	60	122	158	83	40	34	118	102	55	106	108	105	173	121	49	124	112	56	72	109	280	60	74	78	158	58	104	61	196	143	212	134	88	122	149	239	54	55	150	93	222	144	176	111	108	72	105	82	103	131	120	99	56	149	119	35	102	78	101	74	86	95	166	121	93	57	55	86	62	55	81	82	162	72	74	206	87	47	98	268	84	90	59	151	127	81	46	104	86	3705	79	53	62	51	162	80	105	105	87	106	102	109	80	106	2559	53	38	72	117	141	106	4	119	111	94	52	97	143	69	235	92	85	99	69	105	86	78	101	62	65	99	85	162	84	63	45	43	103	87	73	97	37	71	153	140	60	65	63	84	71	86	81	56	77	78	84	101	120	64	55	78	64	37	109	58	119	94	61	50	62	73	101	63	140	134	104	140	117	106	53	87	99	78	77	53	77	45	32	74	125	81	93	42	47	53	28	154	110	62	103	61	105	122	79	61	62	97	66	90	74	191	76	96	116	76	647	58	58	61	105	73	54	128	134	97	109	36	43	110	90	135	73	56	136	55	117	69	195	70	90	52	86	163	135	81	65	57	70	67	76	113	57	80	94	583	142	24	307	46	50	132	87	101	105	61	68	45	88	100	209	93	110	156	169	130	197	176	140
C[C>T]T	38	50	50	235	64	46	92	50	56	67	59	52	63	66	62	60	33	78	23	71	128	138	33	45	62	38	75	67	51	47	57	62	36	52	74	99	69	52	43	45	37	52	64	75	53	99	59	41	81	42	51	40	46	101	57	42	57	74	32	39	33	108	106	62	40	39	93	61	113	43	42	50	54	156	67	103	64	47	48	72	46	70	65	49	105	75	75	49	29	67	55	54	53	79	62	49	44	76	31	21	40	51	64	50	51	104	47	29	88	51	39	53	75	30	69	32	52	76	47	42	49	40	308	43	32	48	49	71	42	60	49	55	64	99	64	45	43	953	48	49	55	125	111	57	3	52	37	57	33	78	47	33	52	53	61	64	66	45	63	46	55	43	43	64	53	52	34	49	36	39	38	39	83	56	32	35	65	90	39	25	66	52	52	82	44	53	28	75	48	174	68	51	29	43	36	33	48	56	79	55	38	42	59	50	50	46	61	57	53	55	42	27	31	34	42	43	45	52	54	20	17	33	32	46	53	40	50	47	28	60	47	39	53	40	32	47	42	48	55	54	41	67	40	113	48	68	52	28	84	57	45	63	33	29	27	59	53	51	36	28	30	84	34	50	48	48	84	49	61	54	85	39	87	40	102	262	82	50	69	33	49	33	44	66	36	52	49	327	174	28	127	28	46	64	47	49	55	25	39	25	72	52	62	50	76	206	84	97	63	76	80
G[C>T]A	42	46	55	159	65	65	72	51	54	75	43	49	88	55	66	77	29	75	26	68	92	143	30	33	40	42	61	78	39	91	56	48	52	58	59	126	79	39	38	44	42	29	59	120	40	84	54	52	92	44	46	31	39	83	80	48	35	70	30	38	17	79	97	55	61	34	63	56	66	70	29	38	43	80	62	120	57	33	54	62	73	60	67	37	71	41	79	45	17	84	49	54	59	61	64	61	48	57	41	19	35	28	62	46	50	75	39	30	62	37	34	43	60	39	61	37	57	75	50	19	55	48	1275	52	23	45	53	69	36	69	43	79	53	106	48	35	41	3862	44	34	39	102	86	48	0	51	35	42	28	75	39	52	57	45	37	81	79	46	61	59	46	50	41	64	51	52	40	41	34	45	37	27	92	60	51	37	56	94	41	57	50	37	59	80	63	29	32	75	42	132	65	32	43	59	36	16	36	54	55	45	32	56	31	51	43	34	39	48	47	53	43	44	34	45	40	43	38	40	45	23	15	25	31	30	44	51	36	28	18	62	34	36	49	23	27	62	28	75	34	48	31	51	36	130	40	59	36	30	153	77	58	74	44	39	37	66	48	22	34	34	38	73	41	49	32	58	72	47	47	53	76	40	80	39	90	109	56	38	45	25	54	30	32	60	37	22	44	173	120	6	111	33	65	41	36	36	54	28	56	28	63	42	51	69	110	182	73	108	56	53	89
G[C>T]C	45	52	62	147	52	55	60	35	44	59	47	46	70	61	84	81	33	75	24	57	114	122	34	32	34	42	72	51	56	65	37	54	44	49	50	94	66	38	45	43	31	28	49	100	40	92	48	63	71	23	41	31	31	96	80	19	33	60	32	37	34	89	82	61	40	33	47	57	76	48	29	50	30	77	57	108	55	35	43	52	68	65	53	33	64	27	75	44	19	89	50	60	50	53	54	58	49	59	33	22	36	42	59	57	48	72	45	21	65	50	28	30	70	35	80	34	82	68	38	24	45	41	2208	40	32	44	67	105	48	82	28	63	33	63	39	29	28	4618	47	36	27	77	79	38	0	59	41	35	21	71	63	56	53	43	45	75	47	47	55	58	39	48	27	48	34	50	27	41	23	38	41	30	62	33	45	31	61	71	35	55	69	46	50	68	65	33	19	46	30	102	42	31	39	44	40	18	45	61	46	38	29	55	32	36	49	34	40	50	50	43	42	37	21	33	39	34	44	25	41	16	18	33	27	27	35	46	30	21	18	53	30	30	44	31	34	36	23	55	30	47	27	38	30	99	38	45	49	25	242	60	47	45	32	38	30	46	49	24	35	35	33	90	29	44	31	46	59	43	36	42	69	31	60	40	71	100	42	29	58	18	48	32	27	47	39	20	49	164	102	15	108	27	48	47	34	31	58	20	60	24	57	37	68	60	90	151	69	100	51	52	65
G[C>T]G	112	218	198	265	186	202	297	131	90	138	208	96	195	132	260	383	77	198	41	127	428	301	74	135	141	58	261	137	151	153	122	232	128	73	177	212	125	55	56	136	125	68	147	172	107	268	132	140	198	134	70	86	112	403	96	88	83	220	92	160	79	360	180	271	174	127	208	213	386	86	62	204	103	220	198	271	171	118	99	143	154	205	225	190	111	76	218	172	44	155	117	142	106	135	110	223	165	145	92	72	93	82	81	143	125	191	81	80	213	129	84	146	236	92	140	80	206	191	104	76	174	119	5853	100	72	76	85	235	102	188	122	104	143	147	142	105	132	5017	70	66	79	167	214	112	2	192	134	113	73	182	180	94	359	147	143	151	90	151	105	115	131	92	87	142	99	227	139	93	58	61	119	140	89	141	63	93	201	158	71	107	75	114	82	156	115	100	78	125	85	139	146	125	73	127	76	31	119	87	154	148	107	83	71	103	108	84	203	176	158	176	177	144	49	113	171	101	117	78	93	63	34	122	136	107	156	58	69	69	47	198	120	42	145	90	127	137	77	88	98	152	83	124	126	274	96	133	208	84	761	93	72	73	142	93	59	177	166	117	125	60	62	157	141	175	85	73	141	43	140	71	218	102	99	73	112	145	193	82	109	60	84	82	117	164	93	92	138	706	147	28	417	54	84	164	143	132	167	62	116	48	127	122	289	145	137	193	217	189	259	250	178
G[C>T]T	32	58	62	178	49	61	67	55	53	76	60	48	58	44	65	70	30	67	30	55	95	105	42	37	47	53	80	75	36	46	44	65	26	55	43	87	77	38	28	42	29	38	49	100	40	73	46	43	70	34	32	35	33	97	67	38	39	69	25	61	27	99	93	65	68	36	60	50	86	49	37	54	41	100	66	111	64	40	47	50	47	69	45	36	88	45	73	45	23	69	33	57	53	57	42	66	43	55	37	25	46	39	54	36	49	115	46	30	86	46	33	53	71	37	59	40	51	48	30	26	52	28	1524	50	33	45	42	75	48	58	45	59	36	92	61	37	49	3399	47	45	44	89	83	44	4	60	42	33	38	66	40	48	71	47	54	74	56	41	43	42	45	50	33	55	34	39	43	29	26	47	38	27	77	50	48	45	39	75	34	55	57	37	51	84	46	37	29	64	35	112	44	35	33	41	31	14	44	59	58	32	27	58	40	46	53	43	36	46	62	44	44	60	23	32	53	42	46	33	38	22	24	38	44	49	56	47	54	18	20	71	40	31	44	33	35	56	23	51	42	47	37	40	40	108	24	37	66	32	149	50	31	47	48	35	23	59	48	34	43	31	50	65	37	47	39	42	64	30	40	44	84	39	61	34	73	103	50	34	55	35	44	35	41	47	35	23	52	221	148	29	106	20	44	49	31	35	50	24	47	27	54	56	49	64	78	152	63	102	57	67	74
T[C>T]A	37	61	75	198	80	68	101	62	80	104	60	62	87	74	102	73	44	82	26	64	149	257	35	52	48	69	83	109	60	61	73	93	65	72	102	161	83	82	51	38	52	50	97	117	52	151	53	105	113	45	61	49	34	91	104	45	45	103	34	51	36	91	219	71	48	51	104	122	89	73	39	44	51	264	74	120	99	55	73	72	76	70	75	62	110	80	150	59	21	90	61	80	64	125	89	64	53	85	40	31	64	71	63	65	62	125	69	29	165	49	38	64	92	62	88	45	72	77	54	40	67	55	376	77	32	40	59	82	62	67	55	118	97	166	47	49	68	852	149	59	71	148	123	77	1	81	50	43	33	132	74	60	73	58	53	102	107	74	115	88	45	93	71	70	78	59	60	58	33	76	60	38	107	55	51	34	58	83	55	54	67	56	99	104	128	38	48	105	89	225	75	44	54	62	55	26	40	91	100	49	42	92	43	73	58	50	49	65	55	56	50	58	39	44	46	56	68	39	61	21	23	45	62	37	59	74	60	33	25	86	49	49	67	38	55	61	37	69	57	52	46	63	58	176	67	68	80	35	98	91	71	73	45	49	21	80	61	38	56	50	28	96	38	79	74	82	105	89	63	75	105	56	82	61	117	600	65	52	97	29	110	38	47	74	78	40	74	316	723	19	156	45	52	58	45	41	61	41	49	41	105	63	92	68	123	259	121	204	64	82	106
T[C>T]C	50	53	71	171	58	64	98	55	65	90	63	53	102	84	70	57	29	119	22	79	125	183	41	45	47	60	77	104	48	80	52	60	58	59	51	131	94	47	52	44	50	51	67	115	49	114	66	78	117	37	61	31	31	114	91	53	51	67	27	42	38	91	163	52	50	33	104	95	94	56	55	50	53	176	78	117	73	60	47	67	64	74	58	46	92	52	101	48	26	104	57	60	48	83	87	61	52	86	51	29	39	40	66	58	66	112	57	34	88	54	29	43	65	48	67	42	55	81	47	35	63	37	522	60	26	42	71	76	56	72	58	109	64	145	42	37	48	1077	84	49	59	140	90	59	1	49	49	52	38	96	63	51	49	58	52	101	86	52	57	52	52	66	37	78	62	52	67	37	43	53	53	38	88	50	75	44	61	84	52	52	52	37	75	92	66	47	33	100	69	169	77	47	40	55	42	27	36	62	70	46	28	87	38	87	55	40	53	77	62	52	50	42	48	47	40	31	62	46	62	14	34	48	52	44	56	54	43	38	25	64	38	32	65	31	43	48	32	65	50	62	39	49	51	148	55	70	68	34	84	62	69	69	36	44	18	64	53	47	49	49	40	92	48	61	53	69	84	51	58	74	104	49	81	37	87	207	56	37	80	24	96	43	34	54	66	34	50	257	273	14	128	43	59	45	47	52	75	31	51	34	114	43	77	87	106	185	86	122	63	62	78
T[C>T]G	59	156	111	134	95	117	129	72	54	70	95	39	100	67	151	166	59	117	26	85	211	148	49	76	121	52	120	82	93	76	75	133	82	39	91	129	84	35	35	95	75	62	102	83	60	134	68	58	92	67	35	53	73	209	50	51	73	114	35	104	57	172	133	134	100	74	130	106	165	50	42	89	76	158	97	138	101	94	62	81	63	117	113	106	79	50	121	112	34	93	64	95	63	79	60	125	102	69	55	51	62	44	80	93	92	151	58	60	148	66	51	90	151	74	70	65	122	104	51	47	98	84	2329	66	51	61	38	134	94	113	92	79	90	92	75	83	75	1298	61	34	70	107	113	76	3	114	86	78	44	75	114	45	216	85	80	84	53	84	57	52	60	50	62	67	78	120	71	79	38	44	67	70	51	78	41	65	127	157	36	45	42	74	58	108	64	58	49	68	72	85	85	67	45	72	70	32	92	59	110	98	67	36	51	72	71	60	96	129	75	91	90	90	45	62	84	60	69	45	86	31	29	57	99	65	94	45	47	53	34	131	100	30	90	73	93	112	56	45	34	89	48	74	93	162	68	85	119	51	420	45	42	53	85	49	44	97	95	79	72	33	33	101	69	130	59	36	76	43	70	65	152	57	70	37	65	99	115	58	61	44	63	56	72	87	32	67	58	395	164	20	229	34	55	127	83	99	93	45	59	31	91	76	158	69	74	90	126	99	151	139	94
T[C>T]T	31	75	66	186	64	78	114	55	76	81	61	43	74	63	89	95	29	94	28	74	118	196	31	31	40	49	97	81	58	63	87	70	59	47	73	190	86	36	48	41	37	42	88	107	57	143	64	68	125	52	76	44	55	111	90	56	54	68	34	41	42	92	201	57	56	43	104	125	98	50	33	57	35	258	117	141	88	68	56	85	92	75	65	60	119	80	111	66	20	89	69	83	64	86	68	71	71	75	59	44	54	50	73	57	53	128	81	31	142	66	46	58	57	48	77	46	61	100	48	30	66	57	495	89	34	68	56	83	55	68	64	101	88	149	55	33	49	1042	100	45	58	150	129	77	1	77	64	59	44	95	74	46	84	76	73	101	78	62	91	53	56	73	57	69	74	52	57	53	29	60	55	43	94	59	54	40	77	81	44	50	88	61	70	100	81	46	37	77	68	204	77	59	38	63	30	36	51	58	99	69	50	87	55	65	55	53	57	57	59	54	58	56	49	32	53	44	68	39	46	42	32	45	54	39	64	62	62	35	23	84	46	55	54	34	51	59	35	60	48	84	46	75	48	172	55	71	70	38	92	80	56	70	56	42	17	92	71	34	51	43	28	84	46	60	72	54	93	71	46	64	107	50	77	48	120	382	72	58	80	30	83	36	58	67	62	46	66	369	486	30	176	42	45	70	51	43	49	40	64	31	127	58	83	65	92	248	113	181	72	72	93
A[T>A]A	17	33	32	123	18	41	48	31	41	40	29	21	22	28	41	41	17	38	5	47	61	70	21	24	27	29	44	44	36	27	40	60	32	23	39	94	32	28	31	23	16	35	48	56	26	64	30	43	86	34	39	25	26	54	55	38	32	41	14	18	25	46	73	29	29	33	46	27	48	30	18	45	27	85	55	61	63	26	25	57	42	24	47	38	66	34	52	38	7	48	51	37	23	67	44	24	48	42	26	16	23	23	30	36	32	81	19	24	50	33	25	24	39	25	44	20	31	40	26	18	47	19	488	33	25	24	36	58	21	40	33	48	35	72	33	34	32	629	40	25	37	81	54	51	1	41	24	24	20	70	59	43	53	32	40	62	38	47	40	28	55	34	24	36	39	36	38	25	19	41	17	29	42	53	40	32	26	57	31	42	45	25	39	46	52	30	19	52	32	86	43	32	36	29	14	21	30	34	55	24	22	38	45	40	34	34	33	34	31	26	20	32	24	14	31	21	34	16	34	7	15	25	32	29	47	32	24	14	8	43	24	15	43	11	31	40	23	38	27	34	15	40	24	86	20	45	50	24	64	37	33	34	25	22	15	74	30	21	40	23	21	29	21	27	26	33	44	28	38	42	50	37	41	38	58	92	44	23	30	14	32	22	31	46	31	21	46	131	66	10	138	22	36	45	24	30	37	17	38	7	55	27	28	29	39	94	48	98	52	42	51
A[T>A]C	6	22	21	87	18	21	37	11	23	32	23	19	26	26	20	21	10	32	8	18	34	58	16	11	21	13	33	33	23	18	18	28	12	17	22	39	18	20	6	17	17	18	23	33	14	35	21	22	24	9	18	14	14	21	31	15	17	32	7	17	13	35	52	19	11	22	31	23	32	21	10	23	22	37	22	29	34	23	20	23	27	22	22	13	41	29	40	14	7	33	14	16	15	36	31	24	11	21	19	9	14	24	18	29	20	29	27	14	36	19	7	12	22	14	26	11	24	25	16	8	25	18	699	10	11	17	20	28	14	26	14	29	16	52	20	15	25	605	21	17	21	49	40	26	0	29	21	17	8	30	22	21	27	13	27	27	30	29	16	9	22	12	20	30	26	25	25	3	9	22	8	12	30	24	23	14	16	34	21	24	24	18	28	42	36	18	10	44	25	71	25	14	13	8	8	10	14	18	31	14	14	22	23	24	12	15	13	20	15	10	13	9	7	14	24	13	21	7	15	3	8	12	27	9	21	15	14	5	3	25	11	16	25	7	21	21	20	33	19	17	14	27	12	54	15	21	27	8	59	17	16	28	17	12	4	36	14	11	14	13	8	27	14	18	18	18	27	19	24	17	20	15	19	23	44	45	24	15	16	10	33	16	12	17	22	17	26	105	56	2	55	17	18	13	16	14	22	11	17	5	33	21	25	19	22	91	32	46	15	25	30
A[T>A]G	12	21	34	111	9	19	45	12	24	24	18	14	15	20	33	29	18	32	17	30	54	64	9	11	16	13	41	13	18	18	28	33	15	12	38	54	23	16	13	20	10	24	38	34	20	45	19	20	25	11	13	6	14	30	26	19	22	26	10	16	17	43	61	14	30	27	41	24	30	17	19	26	25	50	34	38	40	19	25	35	19	28	18	27	53	44	33	13	19	30	24	27	13	36	26	16	14	26	15	8	9	20	20	20	36	43	26	12	37	35	20	19	36	17	22	12	26	30	18	19	27	14	59	20	9	18	20	25	29	12	22	43	22	40	20	20	21	197	29	11	31	58	39	24	1	30	22	16	12	29	24	11	14	22	23	33	19	18	17	18	27	22	15	27	17	16	15	19	12	13	14	21	30	28	13	18	23	35	13	14	34	23	25	37	14	27	7	34	33	80	28	19	17	24	7	14	26	22	31	16	23	27	31	24	19	17	21	26	22	15	13	17	12	19	17	14	22	20	20	4	14	19	29	19	24	21	12	13	9	31	15	11	20	10	31	20	13	15	25	23	14	29	16	59	13	22	31	11	25	17	18	16	9	22	9	29	25	13	13	17	19	26	15	27	31	14	27	22	32	32	20	17	20	16	66	90	28	17	15	13	18	19	15	28	20	21	34	65	48	12	51	11	15	32	20	16	27	12	19	5	19	18	20	11	36	110	38	45	28	26	36
A[T>A]T	21	62	67	186	61	49	72	53	42	67	57	24	56	70	49	63	14	48	9	54	100	131	51	35	30	37	61	43	53	31	49	87	58	31	59	106	52	27	37	45	30	36	63	70	26	113	28	41	68	43	45	28	29	76	67	32	43	64	26	24	18	79	125	61	36	22	58	38	72	34	34	53	37	102	84	88	85	37	42	54	58	32	53	43	118	52	86	51	17	40	46	60	38	59	51	54	73	45	35	34	29	49	31	33	44	88	45	12	65	33	27	41	50	26	59	37	77	55	31	21	67	35	658	42	23	38	53	71	36	66	39	80	52	84	33	36	58	2128	68	29	46	128	116	60	0	54	51	49	26	78	58	39	66	54	46	64	82	46	38	41	42	44	31	51	24	46	43	23	16	29	42	31	44	71	51	25	41	59	29	46	54	41	43	87	73	42	28	51	55	124	57	35	28	43	30	22	42	49	87	34	31	62	46	50	67	48	44	40	42	32	56	41	27	35	47	42	55	29	26	18	20	40	49	22	42	27	24	21	19	66	47	23	76	17	33	81	28	64	46	40	31	70	26	100	39	59	95	16	128	55	31	51	39	26	22	71	57	33	41	25	25	49	25	50	41	41	73	27	51	34	82	34	47	42	106	100	66	44	53	15	32	34	30	50	45	35	62	301	109	8	179	23	33	47	36	43	49	26	31	18	90	43	51	47	68	153	79	116	62	47	69
C[T>A]A	9	14	16	98	17	24	27	16	18	9	15	10	13	14	25	21	10	19	5	15	39	48	14	16	11	16	25	17	10	8	25	29	16	13	16	70	16	11	7	8	18	20	25	32	7	42	22	17	11	15	11	12	6	25	23	19	13	20	8	9	11	32	53	18	14	7	23	12	24	19	17	12	18	35	17	37	30	18	9	20	24	11	20	15	44	36	26	16	4	21	18	19	11	22	26	8	8	21	11	9	16	12	5	10	20	37	20	7	27	18	9	19	28	11	17	13	14	26	11	4	24	10	24	9	10	12	11	20	7	8	18	37	24	39	12	19	20	140	23	9	20	51	33	18	0	17	17	14	6	34	21	10	18	15	15	25	11	21	18	16	17	13	10	13	17	15	26	9	7	10	8	14	22	22	18	13	14	17	7	11	14	21	14	45	21	15	17	23	28	56	17	14	16	11	12	15	10	17	29	8	13	22	22	18	15	16	17	13	8	16	14	19	5	14	20	12	13	9	27	3	15	7	8	7	16	18	14	5	5	18	9	4	17	6	13	34	8	21	11	14	16	17	12	54	12	28	22	7	18	23	12	26	8	12	8	23	22	10	11	12	8	8	13	13	10	17	27	15	8	24	44	14	22	15	64	72	18	13	18	9	24	10	12	14	10	14	25	59	24	4	88	10	11	17	13	12	21	7	15	6	16	9	16	14	28	113	19	23	16	30	10
C[T>A]C	3	15	12	153	9	17	20	13	14	18	14	16	13	13	26	18	7	22	6	10	31	53	3	14	17	3	26	14	21	15	13	23	12	11	30	45	17	8	13	11	12	11	17	35	13	38	17	24	35	11	10	13	8	27	14	14	10	21	6	15	10	25	70	27	19	19	14	24	19	14	13	12	17	31	26	25	27	25	11	21	14	18	12	12	65	35	31	9	6	20	26	22	15	22	19	13	20	11	16	8	13	10	14	10	25	31	20	7	27	16	6	7	30	15	12	15	13	28	9	10	12	13	171	19	10	13	16	17	8	14	20	27	20	34	11	17	15	460	17	14	21	71	33	13	0	12	7	16	13	23	18	9	18	18	13	25	18	18	15	16	17	15	14	18	15	14	15	9	15	9	5	7	17	23	12	10	14	28	9	14	23	14	15	39	32	10	10	28	22	87	16	14	17	11	5	9	15	9	25	11	9	8	18	16	7	10	13	13	13	16	8	12	7	3	9	10	11	7	16	5	4	11	9	9	16	5	8	12	6	13	12	6	20	6	8	21	9	18	9	13	9	10	14	48	8	19	20	7	26	12	18	11	8	9	13	25	9	6	10	15	7	19	9	21	13	21	17	9	11	16	18	14	23	12	65	36	20	7	16	11	15	10	11	21	9	9	16	138	26	2	55	6	10	18	14	16	11	3	14	6	19	6	16	14	31	121	21	39	16	21	34
C[T>A]G	15	24	16	137	24	14	36	15	28	29	18	31	21	22	29	22	7	27	4	24	39	69	9	15	24	16	18	20	18	24	16	27	17	12	22	77	19	11	15	14	20	17	26	25	22	38	30	12	29	19	13	12	18	38	26	12	17	25	12	12	12	48	53	22	21	13	24	21	27	19	19	22	7	50	17	41	30	32	16	38	20	25	22	21	72	37	34	14	10	22	15	29	17	29	16	22	15	18	10	14	16	34	18	27	23	39	17	7	44	23	9	13	39	19	19	17	19	18	11	9	26	10	32	14	6	16	17	28	19	21	18	31	20	32	15	19	13	184	28	12	20	84	36	21	0	30	18	14	15	46	23	8	16	21	29	25	21	18	24	18	12	15	24	23	21	18	14	14	10	18	14	17	31	20	11	11	22	24	12	10	22	23	31	39	22	17	9	39	18	117	26	18	22	14	13	12	8	16	33	18	12	21	32	22	19	16	14	20	19	19	15	12	13	12	14	9	16	13	11	7	5	10	15	9	16	19	15	11	10	22	16	14	29	8	21	22	18	12	18	20	13	18	15	73	12	20	19	14	18	21	17	14	15	13	7	25	17	10	16	15	9	13	20	29	18	23	24	17	20	26	16	18	23	14	73	64	28	18	22	14	29	19	17	28	12	19	38	88	32	3	53	12	17	21	9	11	23	9	12	7	21	16	22	21	29	140	33	50	14	24	30
C[T>A]T	8	18	24	247	17	20	48	12	25	21	20	14	25	18	23	35	11	33	4	31	41	68	13	22	27	21	55	36	14	25	18	45	21	13	26	89	19	14	13	23	19	21	31	31	23	58	25	24	32	21	24	20	12	40	30	12	22	36	12	16	16	33	110	25	20	17	36	24	43	26	12	31	17	58	28	42	39	14	25	31	27	14	24	27	117	65	50	22	10	23	27	34	11	39	31	22	19	22	25	11	19	27	28	23	35	49	18	7	50	31	11	16	34	16	24	24	26	35	26	12	23	18	58	24	13	25	22	26	21	16	24	58	23	63	14	22	18	299	39	21	30	99	66	17	1	37	19	22	16	45	16	22	17	21	28	38	25	25	26	20	26	23	11	22	24	30	34	21	10	18	15	17	21	31	24	18	27	29	9	17	39	24	25	62	30	24	22	25	49	141	35	23	22	15	12	22	11	20	72	35	23	23	43	20	27	28	23	20	30	27	18	21	12	17	19	20	15	20	24	9	7	7	23	11	32	13	16	14	5	18	17	4	32	12	30	33	13	18	21	20	14	40	24	76	8	26	37	8	30	15	17	32	14	26	17	53	26	12	20	17	22	26	22	33	20	16	29	29	33	28	38	31	34	25	131	83	48	21	22	14	29	13	22	42	12	31	36	433	53	9	144	13	18	37	12	18	21	8	20	9	25	19	23	18	29	156	28	43	24	28	29
G[T>A]A	5	13	9	57	14	10	13	7	15	12	15	6	14	7	12	16	5	18	5	18	32	41	5	5	6	11	23	13	13	3	10	21	14	12	15	37	15	7	10	15	6	8	10	27	12	23	10	13	19	6	9	8	13	22	7	11	8	16	7	6	9	23	30	13	6	9	22	5	19	11	8	9	11	30	10	26	26	13	11	24	17	9	11	8	23	24	22	13	5	16	7	15	12	29	17	12	5	10	7	6	8	15	11	4	9	21	8	4	23	10	9	7	16	8	17	10	14	12	13	6	14	4	83	12	4	4	10	23	7	10	13	27	13	20	6	7	5	217	11	6	11	36	27	13	0	21	9	14	7	22	10	7	12	13	10	14	14	22	14	7	11	14	12	15	8	12	11	8	7	9	12	7	10	18	10	13	10	14	5	9	18	18	12	19	22	10	4	13	17	48	18	9	9	12	8	8	9	14	21	8	10	17	20	11	8	3	11	7	13	18	8	6	5	3	6	10	10	7	6	2	4	8	11	2	21	13	12	9	3	9	10	6	10	9	15	18	9	9	7	4	7	7	4	42	7	13	16	3	17	14	7	10	8	11	6	19	9	2	7	1	7	15	7	14	5	15	20	7	14	15	13	16	18	10	32	50	12	5	11	8	14	3	5	18	7	11	5	60	21	4	45	6	9	14	9	7	8	4	11	3	13	13	11	18	17	69	16	25	15	16	15
G[T>A]C	4	12	6	58	8	7	19	5	16	12	6	10	10	11	3	7	2	9	3	5	22	34	5	6	5	7	12	13	8	10	12	16	9	18	14	24	9	9	7	8	5	10	7	15	6	25	11	9	15	6	8	7	9	15	11	4	12	10	3	10	5	13	34	9	9	4	11	3	20	10	5	10	3	22	12	21	13	8	7	7	11	13	15	10	22	15	22	1	6	16	6	13	12	10	18	6	7	12	5	6	8	11	10	10	7	13	10	5	13	1	3	10	12	4	11	7	8	19	4	3	7	7	329	11	4	13	10	19	4	17	11	9	7	13	6	3	13	317	17	11	5	31	19	7	0	10	5	3	5	23	9	5	8	15	7	23	15	7	10	9	5	12	7	11	13	10	6	3	4	8	7	5	5	13	5	3	8	5	7	8	9	4	8	16	12	7	3	7	9	51	10	4	8	8	2	7	5	10	8	9	14	14	10	8	6	7	11	11	10	5	7	12	5	8	4	9	8	9	7	2	5	8	7	6	13	11	8	3	4	15	5	9	16	6	9	9	2	4	9	4	6	9	6	32	11	6	16	5	24	10	5	12	9	7	3	11	8	3	10	5	7	20	3	5	5	6	19	7	6	12	5	6	7	7	34	18	16	3	9	11	12	7	6	9	4	7	10	52	20	4	26	5	5	11	8	2	16	3	12	3	13	8	5	3	16	55	17	21	6	9	16
G[T>A]G	3	17	14	71	12	16	20	11	12	24	12	9	20	17	17	17	7	17	3	24	32	49	6	7	14	18	25	14	21	9	16	16	12	14	14	40	7	13	12	12	13	10	15	30	14	19	14	14	22	12	6	10	11	25	12	6	8	17	8	16	10	23	47	9	11	6	28	8	23	14	14	14	5	23	18	22	20	11	8	27	19	27	7	13	44	33	26	17	6	19	15	15	15	26	22	16	11	15	11	6	12	9	7	14	18	23	11	6	33	8	12	14	17	14	22	5	13	22	7	5	13	9	59	17	3	14	15	15	7	11	14	28	22	32	13	11	19	265	19	8	22	61	29	13	3	15	15	10	5	16	16	11	8	13	14	22	8	6	16	7	16	7	6	10	15	12	12	2	3	19	8	9	15	14	15	9	11	26	10	16	8	8	14	23	7	4	6	12	12	57	14	11	9	10	3	7	12	9	14	13	13	12	25	11	21	6	12	16	15	14	9	12	7	11	12	11	9	8	11	2	4	5	15	8	17	8	5	4	6	20	9	6	18	7	12	12	8	12	10	12	1	12	9	41	13	15	18	8	19	12	11	14	7	13	2	19	19	8	10	15	10	11	9	12	16	16	15	13	15	19	25	14	20	11	37	49	12	11	18	11	14	14	8	22	15	5	26	31	23	2	30	7	7	21	9	13	9	7	7	4	16	8	22	9	18	95	28	31	12	22	10
G[T>A]T	6	11	19	152	16	11	27	13	18	14	10	7	20	8	16	26	8	21	9	16	34	54	8	10	11	12	35	23	17	12	10	25	8	11	21	38	11	3	13	13	12	11	18	32	7	40	12	13	10	8	14	11	16	22	18	11	10	15	5	9	13	22	44	15	17	11	16	3	30	16	14	17	7	34	22	22	45	18	15	17	23	11	25	15	64	30	29	12	6	19	9	26	6	19	19	8	13	15	7	8	5	20	17	6	17	30	21	7	27	18	9	15	24	17	10	11	13	19	15	7	11	8	116	18	10	6	12	16	13	12	15	31	15	38	13	16	15	307	23	13	17	64	42	14	0	13	16	12	5	32	20	11	22	14	17	23	15	17	18	10	28	4	9	16	9	23	11	8	4	12	12	14	16	14	9	11	12	22	7	15	33	15	17	32	12	14	6	19	31	65	22	15	12	13	13	14	9	9	18	8	15	18	23	12	14	9	11	17	10	17	10	13	8	10	16	9	11	7	15	7	8	5	17	12	18	13	7	14	2	12	10	8	21	5	19	28	12	12	12	11	15	16	11	51	11	7	26	11	20	12	11	17	8	10	11	31	6	5	13	10	14	14	8	15	13	9	24	9	16	9	21	9	22	12	67	45	32	12	14	9	23	9	8	20	13	15	24	94	30	6	60	5	11	24	7	9	18	6	8	4	15	13	7	12	15	83	21	31	15	13	20
T[T>A]A	17	43	44	140	55	71	61	38	35	70	48	31	73	57	60	74	21	61	10	39	84	120	20	25	39	29	67	58	44	40	42	69	40	29	63	130	54	33	45	50	38	37	56	88	27	76	40	34	118	51	28	26	35	79	64	41	35	58	27	35	41	83	110	41	46	25	71	40	79	37	45	36	39	95	92	80	77	34	28	59	64	51	61	41	88	52	109	45	18	60	84	51	50	63	44	37	56	37	33	35	42	47	44	47	43	77	44	22	65	47	29	56	51	26	42	36	82	50	23	29	61	47	588	60	22	40	40	84	52	54	44	75	36	102	46	41	50	1161	59	41	42	74	106	44	2	53	53	46	19	77	65	39	65	60	42	77	76	48	59	33	54	51	46	66	41	43	42	31	16	23	35	43	61	61	38	34	58	63	17	44	44	41	50	72	95	41	25	60	66	116	60	52	33	57	30	21	33	52	70	57	26	44	43	52	42	35	58	50	30	38	42	45	29	41	56	40	42	12	46	23	18	37	45	33	63	54	39	13	13	65	37	39	51	20	44	60	27	59	38	32	39	47	47	133	32	49	88	28	95	48	36	65	42	33	14	72	55	26	52	28	24	54	34	49	50	32	75	38	57	42	82	46	52	50	81	103	60	35	53	16	45	37	47	49	45	35	50	333	79	8	208	20	39	69	46	34	54	28	37	14	47	44	64	40	60	133	73	94	64	62	83
T[T>A]C	7	10	15	86	14	14	15	16	11	23	15	10	14	12	13	20	12	20	3	22	23	64	10	14	12	12	24	16	11	13	16	38	9	14	15	35	14	10	13	15	11	15	18	25	5	38	23	7	20	11	14	14	8	25	17	7	15	19	6	11	13	13	49	10	16	12	22	14	30	12	9	10	7	31	19	21	39	14	20	25	17	18	21	12	53	22	22	8	9	20	15	20	16	24	21	12	9	21	16	4	15	21	12	22	10	27	18	5	16	8	8	15	24	8	13	11	19	18	7	9	14	8	155	15	10	8	19	13	13	7	15	33	12	30	26	10	19	187	19	13	19	62	30	14	0	17	10	10	7	33	12	7	9	10	20	20	17	20	18	9	16	14	15	21	19	18	17	7	8	11	8	16	18	17	17	11	16	21	13	12	23	11	19	43	21	12	11	17	11	80	23	15	13	17	6	12	10	21	21	8	7	15	18	16	9	11	11	17	18	12	10	6	10	13	9	8	13	10	15	7	6	6	13	10	18	16	8	4	2	15	8	3	22	5	3	18	9	21	18	6	15	10	10	43	14	17	16	16	26	21	16	19	14	14	11	29	13	7	10	5	8	11	11	16	8	17	25	14	16	15	17	16	19	21	53	40	14	10	20	5	11	7	10	19	17	10	16	64	29	5	49	4	15	23	6	4	19	9	16	3	18	9	13	14	29	95	32	33	15	19	20
T[T>A]G	9	9	8	81	17	14	16	17	9	7	9	6	6	15	17	26	5	25	5	8	35	42	8	13	8	10	18	22	10	8	12	21	14	8	15	48	14	4	13	11	13	9	17	20	10	18	13	11	20	11	18	9	10	32	15	7	14	20	6	8	11	19	48	7	11	9	22	20	23	11	4	11	8	22	17	18	27	13	10	16	12	13	12	12	48	26	24	6	6	13	12	13	5	22	14	7	7	19	7	7	9	13	9	22	6	28	19	8	34	17	10	6	19	4	14	4	10	19	11	5	19	7	28	11	11	10	13	17	6	13	19	19	14	38	17	14	7	165	16	5	15	35	23	10	0	10	5	13	8	20	19	7	7	5	7	20	13	9	11	14	15	8	4	17	14	17	12	7	9	6	5	7	15	14	10	9	9	25	6	7	13	12	11	17	16	9	10	16	21	49	27	9	10	5	5	4	7	9	23	13	12	10	20	11	11	6	6	8	15	8	11	9	2	9	8	7	8	8	10	11	5	9	12	5	17	8	11	2	3	13	12	6	16	3	11	11	5	13	12	13	6	18	8	41	8	18	19	4	20	7	10	18	8	7	2	19	15	3	14	4	7	10	14	17	10	10	21	11	12	11	19	17	10	10	39	38	16	17	22	1	14	7	9	17	13	15	13	46	19	3	39	5	6	19	13	13	10	8	13	6	13	10	8	6	23	74	26	26	15	12	19
T[T>A]T	15	44	42	232	31	40	75	39	41	56	47	25	44	44	53	64	16	59	8	32	85	137	23	19	39	19	77	46	37	31	33	53	38	26	63	103	56	23	30	48	22	29	42	76	32	89	37	37	179	29	24	34	30	68	39	24	38	61	12	32	28	60	113	38	39	32	57	45	70	30	22	38	29	90	212	55	75	34	21	47	46	40	33	37	118	61	57	29	12	55	97	54	32	69	46	28	101	41	29	23	31	46	39	30	58	90	36	21	59	42	26	35	50	30	43	32	48	45	29	17	40	36	403	34	24	42	26	49	32	42	28	69	44	81	33	31	44	1871	53	29	39	147	77	40	0	48	26	27	23	55	35	23	52	30	55	48	32	58	35	36	37	38	25	56	40	43	30	31	7	24	20	41	47	45	18	33	44	62	20	26	54	33	58	70	50	37	26	66	63	150	48	38	42	25	30	25	35	36	71	26	27	36	42	33	30	26	38	34	37	31	33	52	23	23	43	30	32	23	31	9	14	31	39	18	43	28	25	31	13	37	29	24	51	26	23	58	16	43	22	39	29	51	29	103	30	43	51	26	72	60	36	52	28	24	23	73	37	16	32	17	28	50	18	57	36	39	36	21	26	30	54	34	48	37	122	89	70	29	38	18	34	27	25	49	38	31	50	305	57	12	170	14	31	41	24	30	44	17	29	13	49	30	42	29	73	156	55	73	43	54	40
A[T>C]A	55	82	70	194	74	78	93	70	74	84	71	65	86	73	89	90	40	113	24	101	144	177	54	55	43	54	88	99	67	85	65	96	72	70	83	166	89	66	71	63	60	65	111	119	50	116	84	85	133	67	68	53	64	115	106	64	76	90	37	48	55	134	166	70	61	59	115	92	124	97	54	78	53	211	114	137	100	79	67	118	90	87	91	90	127	78	109	54	34	98	67	59	67	182	88	88	59	115	62	51	65	82	84	67	87	113	79	42	104	80	59	61	91	42	109	41	93	110	48	60	77	55	576	62	36	52	89	100	56	76	71	104	82	162	72	55	68	4063	88	61	80	122	111	72	2	94	59	67	37	103	85	63	76	59	76	143	104	67	81	81	54	82	75	93	95	78	75	70	34	66	41	47	92	66	63	50	68	119	62	65	92	80	98	94	99	68	49	107	72	189	97	80	76	66	43	43	46	70	97	47	55	103	70	94	70	64	55	84	71	59	52	58	64	43	60	51	60	64	83	33	32	47	48	68	86	68	71	38	22	97	55	53	91	56	41	70	45	72	67	68	55	89	81	183	63	106	79	55	151	77	50	104	63	58	38	117	83	48	53	61	60	66	52	85	71	76	106	71	69	113	124	80	75	88	101	443	70	52	82	30	80	57	62	81	92	52	98	323	179	42	228	40	63	79	66	74	88	39	64	33	90	79	79	94	110	195	120	175	69	77	134
A[T>C]C	29	26	25	95	28	32	31	21	33	40	23	16	32	33	34	39	20	34	13	34	54	53	10	14	26	20	30	27	23	21	22	34	23	13	35	72	39	21	23	22	17	28	43	55	27	50	25	36	38	17	31	14	21	29	30	23	17	33	5	17	12	48	57	20	29	14	36	39	43	30	15	32	17	41	45	51	27	24	20	35	41	26	38	25	44	28	35	13	6	42	21	34	16	42	36	36	12	40	25	14	13	28	17	16	28	44	17	10	39	17	18	27	36	19	35	12	31	29	13	18	28	31	236	17	12	24	28	36	24	23	24	36	31	38	18	22	29	1311	29	23	28	53	41	16	0	21	31	20	21	43	30	14	36	13	26	47	28	27	33	27	26	26	17	23	28	21	29	14	9	23	13	20	37	21	30	18	31	37	22	16	29	22	39	37	33	8	14	27	36	77	31	27	25	22	12	12	12	33	41	17	17	26	24	21	18	19	29	27	25	20	24	25	26	16	24	17	24	20	25	14	9	20	27	23	28	23	21	12	8	29	22	18	27	10	13	18	4	28	21	25	28	30	24	55	22	29	17	12	40	36	22	33	18	26	9	40	26	23	18	20	15	23	22	22	15	34	36	20	26	29	34	22	28	27	49	56	21	13	14	8	27	24	17	38	25	15	37	128	47	12	78	11	20	25	19	18	30	10	20	11	22	19	15	30	35	75	36	54	31	33	37
A[T>C]G	33	35	47	141	59	49	53	41	47	72	36	38	54	39	66	69	26	78	38	64	80	117	33	49	52	34	61	45	36	47	50	63	39	49	56	137	73	52	31	36	26	54	76	80	40	75	52	51	75	38	38	27	33	95	73	27	50	45	20	30	38	78	130	40	51	38	65	52	90	55	27	61	48	110	64	81	59	44	41	61	60	44	50	32	71	40	70	35	16	84	35	57	32	85	66	54	34	79	39	12	36	49	46	44	43	85	65	15	92	43	25	32	74	25	68	30	51	63	33	20	54	28	317	39	14	28	45	50	41	31	60	60	40	74	35	26	33	3391	59	24	57	99	98	34	1	59	30	41	31	47	38	30	40	33	45	77	66	44	44	46	47	45	31	53	51	44	36	36	20	52	34	41	73	45	35	44	63	76	34	36	43	51	67	57	51	43	33	56	52	131	48	43	53	35	27	32	32	38	63	33	28	59	52	33	28	44	38	51	60	54	28	25	32	27	35	31	30	31	47	12	23	31	48	35	46	41	43	21	24	47	33	47	46	25	55	46	27	42	35	38	42	60	40	116	40	63	34	23	92	41	28	64	35	38	25	52	43	21	40	39	34	46	32	41	36	39	74	26	42	71	387	44	37	46	77	229	46	35	43	22	50	23	22	42	47	46	54	165	147	28	101	26	36	52	36	20	43	32	22	21	40	37	45	41	71	152	65	91	44	54	69
A[T>C]T	46	63	61	192	68	59	118	42	58	80	74	45	66	61	60	91	28	90	20	83	137	147	34	52	63	33	97	72	60	56	55	82	43	61	74	150	75	69	56	42	39	60	79	102	42	87	60	75	127	46	45	62	49	116	112	51	74	76	28	41	35	115	144	78	56	44	97	67	110	81	47	67	44	197	83	100	77	68	61	73	93	86	63	59	121	75	93	49	32	93	76	62	70	112	83	76	54	119	56	36	51	62	68	65	48	118	63	38	118	71	46	67	81	62	96	44	81	85	47	45	60	48	238	59	36	56	66	68	50	65	55	103	69	129	58	64	65	1687	69	41	77	149	101	75	1	96	56	52	42	101	69	49	71	61	49	116	87	70	65	76	54	60	50	68	76	65	54	66	24	69	31	42	96	68	65	49	55	101	41	52	53	69	89	91	67	50	48	99	70	169	64	61	69	58	44	31	42	62	74	69	36	91	64	63	53	56	42	64	66	53	57	42	59	36	44	52	50	57	72	28	31	43	65	53	60	47	66	37	18	96	51	47	69	44	51	63	44	70	63	58	55	68	55	145	49	82	69	36	106	85	56	97	43	47	34	88	65	49	64	44	43	56	46	70	61	79	83	45	43	90	84	39	69	58	118	241	66	49	66	34	70	58	48	70	52	44	81	371	129	32	238	37	63	61	48	46	74	32	71	28	59	66	65	74	104	209	87	125	73	67	86
C[T>C]A	21	26	28	74	35	35	42	21	25	34	29	12	28	26	38	34	20	37	5	37	58	69	17	19	26	20	31	32	25	23	21	34	22	29	29	77	30	18	21	19	14	26	41	33	22	37	34	37	40	15	26	23	17	50	37	14	26	29	10	16	25	44	54	15	26	15	35	18	49	28	13	22	16	65	42	43	30	21	19	45	32	23	27	32	49	34	45	16	7	36	21	36	23	105	26	26	16	30	18	18	19	32	23	34	34	46	26	11	34	28	23	24	42	18	50	17	25	23	23	19	31	18	273	19	11	27	33	30	23	25	23	34	30	64	19	16	20	2167	36	19	31	44	61	19	2	26	26	26	21	40	26	23	26	13	17	33	25	23	27	24	19	20	23	29	30	19	31	25	12	17	13	14	36	28	23	17	26	36	20	27	26	27	33	29	35	26	20	30	31	74	35	24	28	16	26	13	15	16	42	30	27	24	19	30	23	24	12	25	37	21	31	21	18	17	16	15	17	19	22	8	5	17	23	18	37	26	15	11	8	32	16	11	35	12	12	27	15	23	18	27	17	35	22	83	13	37	21	20	71	26	16	33	20	22	9	35	22	12	16	22	18	31	19	25	18	34	43	25	25	29	92	19	22	26	38	123	30	21	28	4	31	18	20	24	23	14	41	162	53	7	159	15	23	29	25	21	27	16	18	11	28	20	28	29	40	75	37	60	32	30	46
C[T>C]C	7	24	29	163	27	32	28	30	27	41	14	30	27	24	26	29	11	43	13	25	50	73	20	17	23	16	35	31	17	17	19	32	23	21	18	65	28	16	13	19	17	22	32	43	15	46	27	41	35	16	19	14	12	27	32	24	16	24	7	20	19	43	83	30	18	21	28	25	32	28	14	19	19	40	34	59	20	23	13	35	28	25	30	19	57	40	36	23	17	36	24	39	16	40	35	28	15	31	21	5	12	21	31	24	26	41	23	12	39	19	10	21	30	10	35	20	25	30	27	12	24	15	157	22	7	23	19	31	16	16	15	34	49	58	22	17	22	1162	18	22	23	59	52	27	0	22	15	23	11	37	21	21	14	18	24	42	29	23	20	16	21	25	24	35	20	22	26	17	5	14	16	18	34	24	19	16	26	31	26	17	33	25	34	37	22	18	5	29	21	81	31	11	30	12	9	10	16	26	27	20	17	29	22	28	25	17	13	24	30	25	24	17	16	25	19	19	23	16	11	6	9	17	23	16	21	17	19	10	7	23	20	19	21	10	22	23	16	34	27	12	18	24	14	68	5	30	22	13	49	30	25	30	19	13	9	27	20	6	12	14	14	28	20	29	20	17	42	24	17	28	100	19	22	29	94	29	29	10	27	12	28	11	13	26	21	15	30	285	39	14	73	14	20	30	16	15	28	6	16	7	47	20	28	21	35	118	39	50	17	25	44
C[T>C]G	27	34	31	113	31	39	50	26	29	35	18	22	39	39	30	49	14	49	27	32	60	67	13	22	32	16	30	25	21	23	28	35	20	25	27	110	40	26	17	21	17	30	24	36	19	36	32	26	51	24	29	13	16	65	26	12	27	33	9	20	10	47	80	24	25	25	30	31	44	20	23	24	20	45	33	48	33	37	15	33	33	32	20	17	47	31	34	24	11	59	34	49	23	78	36	42	13	35	13	13	28	22	37	20	28	38	23	15	55	25	20	12	61	17	35	17	28	30	19	12	32	8	263	37	7	29	23	28	20	27	16	28	24	45	17	17	27	3026	30	9	31	47	38	32	0	33	21	17	10	47	31	17	34	21	28	48	34	20	25	17	16	23	12	24	21	29	20	11	13	24	16	13	35	23	25	19	24	44	19	19	25	21	33	40	29	14	12	34	19	96	32	23	26	17	18	33	21	18	27	14	18	28	19	28	17	27	24	24	32	33	14	12	11	14	11	10	22	12	17	12	12	22	17	18	24	21	15	11	12	26	22	29	24	16	15	30	17	19	19	26	24	23	24	58	12	32	20	9	86	35	24	28	17	19	15	25	28	16	12	23	17	23	21	27	26	19	33	19	17	30	281	26	26	15	54	67	21	13	30	5	24	13	18	23	25	19	29	238	74	5	50	14	15	32	19	14	23	8	23	18	30	12	30	32	47	81	40	50	24	29	38
C[T>C]T	16	22	33	112	34	29	47	25	27	38	25	29	24	27	38	28	18	39	18	28	49	79	21	20	18	26	33	28	24	28	23	37	16	22	35	83	32	20	15	20	16	14	39	44	21	67	31	31	57	9	26	19	31	48	47	16	22	25	9	14	24	36	87	19	26	22	39	30	41	29	19	26	20	56	83	51	40	23	20	27	36	39	25	21	63	43	50	19	11	43	40	37	27	54	32	31	23	30	18	22	16	35	34	18	21	45	20	14	37	23	19	21	35	14	37	19	31	35	20	15	33	19	241	26	22	29	24	27	28	29	22	43	22	65	30	27	19	2261	32	12	31	69	65	18	0	33	22	26	15	40	32	27	25	31	20	56	31	32	28	23	25	33	26	30	27	27	39	13	9	27	20	15	22	21	21	19	19	40	14	30	30	18	34	51	38	23	12	41	28	89	26	22	26	17	14	22	17	23	38	30	20	44	31	28	15	31	19	25	26	21	21	23	23	21	30	13	30	23	32	8	10	18	28	14	29	22	21	11	6	35	16	18	25	12	21	29	10	24	27	21	22	23	26	74	25	39	24	15	75	31	35	33	17	16	11	36	28	15	26	21	20	31	23	30	33	37	32	18	24	29	47	21	30	28	64	93	26	19	19	9	37	14	23	26	21	17	52	1174	59	11	76	16	12	24	20	21	36	17	31	9	32	22	28	19	49	110	44	40	27	29	46
G[T>C]A	25	38	53	103	33	46	46	21	54	44	44	35	60	39	50	64	21	68	7	55	99	93	27	24	22	32	53	38	47	36	44	72	46	45	39	105	42	41	37	24	32	30	52	76	27	81	47	57	73	28	49	28	30	52	57	33	35	49	18	19	24	66	69	34	39	32	47	32	65	37	32	43	31	59	51	66	53	37	43	52	62	55	40	33	58	40	51	23	13	61	32	40	35	71	56	28	22	54	41	18	38	33	63	39	35	52	24	15	45	26	27	32	55	21	52	27	40	47	38	22	49	44	870	43	27	32	30	69	38	49	23	60	34	80	34	27	38	5446	42	32	48	72	75	38	1	55	42	40	19	58	46	33	57	40	41	75	34	49	53	48	46	38	34	39	42	31	40	35	19	39	25	24	52	39	35	30	29	56	28	30	50	28	44	53	63	23	23	70	40	95	49	31	42	39	29	12	38	40	38	48	23	51	35	36	35	29	34	27	48	33	45	19	24	28	33	28	28	30	36	12	19	28	46	31	32	35	35	17	12	64	20	26	42	27	26	53	13	47	41	38	32	39	26	94	39	44	48	22	197	52	36	41	26	23	12	44	51	26	31	17	19	55	24	38	45	45	62	30	49	55	57	39	37	45	66	147	50	17	42	17	31	31	39	44	43	20	63	132	88	14	105	24	19	47	34	27	58	24	36	14	58	44	29	53	61	116	47	99	53	49	63
G[T>C]C	15	27	32	80	21	28	39	16	24	35	20	23	23	45	45	43	8	30	13	26	60	54	17	18	23	18	33	27	20	28	28	37	24	25	38	66	34	30	20	16	13	25	36	54	15	53	27	40	36	13	23	15	19	38	48	12	29	20	16	15	13	55	67	32	28	13	26	19	43	41	13	25	20	32	44	59	36	29	21	31	44	35	21	27	42	23	41	18	9	51	18	23	19	38	35	23	18	30	26	14	18	29	22	21	26	38	26	10	36	18	21	17	35	13	45	22	37	27	24	15	18	34	607	27	14	21	23	58	17	27	22	40	30	44	20	12	17	1693	26	21	32	52	52	26	1	35	19	22	13	37	35	28	35	31	26	31	32	28	26	26	28	21	25	20	25	18	29	15	12	27	12	18	45	24	21	14	34	43	23	26	30	24	22	41	30	22	20	36	18	51	28	11	29	17	12	14	18	27	33	16	16	39	20	24	27	29	12	25	30	19	29	24	12	21	21	22	23	11	19	9	2	18	23	25	20	20	22	7	5	32	17	14	34	26	17	43	12	25	22	19	15	24	18	58	18	30	27	16	79	41	21	25	21	16	16	30	33	15	20	17	18	13	21	19	18	30	31	15	24	30	27	17	33	27	44	28	23	12	20	9	21	17	8	28	28	14	47	135	39	4	47	13	16	29	35	18	43	11	21	15	35	22	29	26	37	81	35	65	33	32	54
G[T>C]G	28	35	23	96	43	53	38	27	31	43	28	35	47	36	32	42	20	39	22	28	51	81	17	28	23	14	41	28	18	24	24	46	31	28	20	116	34	26	20	17	14	22	40	41	21	43	33	34	63	18	25	11	21	41	39	21	23	20	9	18	23	46	61	30	33	18	32	32	51	33	11	33	9	34	70	53	32	49	22	26	52	40	25	19	29	27	42	27	9	68	36	53	22	64	29	38	23	35	23	15	10	21	35	25	29	29	22	9	61	23	10	27	53	22	45	11	26	28	18	13	27	30	483	15	5	24	21	34	22	26	19	29	28	39	20	12	33	2896	28	18	22	49	44	31	1	26	12	16	8	54	27	20	34	25	27	44	42	26	34	29	21	22	23	30	18	19	27	17	12	25	12	9	31	21	26	13	39	54	20	21	22	25	34	43	36	17	16	32	20	53	34	23	23	27	12	17	19	30	27	23	19	38	27	29	12	25	20	18	35	29	23	19	25	25	22	18	10	18	20	9	8	13	27	17	25	29	20	10	9	40	14	9	24	13	14	19	18	27	25	36	21	17	15	69	19	27	32	12	116	35	27	30	20	9	11	37	21	13	11	13	13	19	19	13	18	20	40	22	21	32	644	9	21	15	38	56	29	12	15	10	24	18	20	23	20	13	31	91	110	14	57	18	17	30	21	19	17	11	26	10	37	16	30	29	47	65	31	61	25	48	45
G[T>C]T	27	43	47	97	41	39	53	45	46	73	56	41	48	48	55	48	20	73	14	58	83	110	26	24	40	30	37	65	40	43	40	60	33	29	43	121	49	34	33	18	20	30	55	74	30	83	53	62	68	32	44	43	32	58	67	26	48	46	22	27	30	86	107	38	49	31	57	40	67	52	24	45	32	68	47	64	47	26	35	64	59	48	46	35	56	55	64	30	26	64	35	42	44	59	51	46	25	45	32	27	28	45	37	49	59	69	22	20	57	31	29	32	65	14	48	23	48	60	26	25	44	35	578	42	27	33	42	65	28	42	39	59	32	81	33	16	37	3518	58	45	47	69	82	33	1	45	30	23	27	70	49	39	47	34	33	90	61	58	48	43	35	28	46	52	51	29	48	43	23	44	20	23	60	41	33	36	37	44	33	49	57	26	68	59	59	44	24	62	45	117	51	29	40	42	29	22	31	38	50	38	25	49	40	56	28	31	43	38	53	37	31	34	32	29	28	25	34	22	40	16	21	26	46	30	40	32	26	16	13	64	31	33	46	18	23	45	17	46	39	48	35	36	44	87	49	64	44	19	127	57	35	63	29	20	19	58	39	18	21	27	30	41	26	41	39	40	40	32	45	52	47	45	32	60	79	91	38	17	31	23	52	40	21	38	44	33	53	225	65	11	94	33	32	37	42	31	44	16	33	19	57	21	47	49	89	87	64	95	34	48	62
T[T>C]A	21	40	45	103	39	54	42	36	47	78	46	37	55	32	60	58	10	69	18	48	117	103	25	26	24	29	43	68	49	25	43	70	44	49	41	101	51	37	43	28	25	23	68	73	41	61	51	59	73	35	44	23	21	79	73	31	51	41	12	31	49	69	95	36	28	29	73	34	74	44	31	24	25	80	49	62	60	39	39	84	54	55	52	45	72	45	52	21	17	63	39	37	48	213	56	35	21	58	26	21	36	37	44	35	36	56	46	18	56	41	24	30	43	27	69	19	61	50	29	26	45	40	630	47	30	35	48	66	31	36	37	67	42	79	45	32	41	2917	54	37	51	82	81	34	0	47	32	40	20	64	59	30	54	53	28	96	45	38	49	47	27	35	40	44	47	33	45	29	21	50	18	30	72	45	51	30	36	63	25	42	44	48	60	56	37	40	17	63	34	124	39	34	32	39	23	17	22	32	48	35	31	61	52	53	38	32	32	43	48	36	40	29	32	26	34	25	49	31	39	19	26	36	33	32	41	37	36	19	16	57	25	27	53	24	25	36	17	56	33	35	34	39	36	115	40	64	43	25	124	43	45	56	31	28	16	74	38	30	36	31	39	40	38	37	43	40	82	36	58	46	55	41	42	47	75	172	43	30	58	18	47	27	34	58	40	39	47	302	100	14	259	22	43	39	40	33	50	17	44	14	70	53	46	54	85	101	59	112	38	52	68
T[T>C]C	16	28	28	94	29	47	37	33	36	60	35	28	40	30	28	64	14	45	13	40	58	88	14	24	20	28	24	38	28	38	39	57	27	31	31	82	46	30	23	30	12	28	32	69	16	58	27	35	73	27	32	20	26	56	45	17	24	23	15	18	17	52	87	34	19	31	39	16	50	42	18	26	24	62	90	55	35	14	28	39	51	45	26	19	52	41	63	27	15	44	32	32	28	81	38	30	22	33	37	16	29	32	28	24	26	39	42	18	53	35	21	30	44	19	45	21	53	29	20	17	34	31	694	31	15	28	42	55	28	36	27	53	34	51	36	23	33	2083	37	21	33	62	71	34	1	57	32	18	16	45	46	35	27	32	32	65	45	34	42	32	34	25	20	41	33	30	27	24	14	24	17	23	43	32	27	17	42	63	25	47	31	32	57	51	45	20	18	48	33	67	38	24	26	25	10	18	26	35	33	32	23	42	31	43	25	24	16	34	32	17	28	33	25	19	31	24	25	23	27	10	8	22	24	23	42	33	34	11	12	31	22	23	39	21	15	43	15	44	30	29	24	35	31	79	23	35	43	14	106	56	33	49	29	29	14	38	25	16	24	23	22	28	21	30	35	36	48	28	37	47	51	33	37	44	56	41	27	22	39	21	35	26	21	33	38	19	40	208	62	11	85	26	18	37	29	35	33	12	25	17	52	35	30	23	56	78	44	68	36	48	65
T[T>C]G	27	27	24	66	36	23	41	23	28	43	26	29	33	38	44	34	9	33	21	32	52	76	5	23	22	16	33	29	24	19	17	20	52	12	16	115	49	21	17	22	14	18	33	51	15	49	23	24	33	16	15	18	17	40	28	11	28	37	14	17	17	41	53	22	33	25	29	40	35	26	25	24	15	37	32	51	36	33	23	34	34	36	24	14	27	21	44	23	6	64	20	51	24	80	33	40	15	25	14	11	20	23	18	15	16	40	17	13	56	20	16	26	55	6	45	21	27	29	18	11	21	10	305	16	8	22	20	21	28	28	23	39	16	42	21	17	32	1819	35	13	20	41	29	23	0	27	12	15	13	27	33	19	22	20	17	35	22	18	21	25	20	18	20	25	34	31	21	18	8	20	13	15	47	24	18	16	32	30	17	15	20	12	29	20	30	15	19	35	14	62	31	15	15	29	11	24	20	28	24	20	11	37	13	29	22	17	26	21	28	22	21	26	20	18	12	10	21	14	26	10	11	15	11	13	26	16	29	8	6	28	6	24	28	17	17	23	14	20	18	22	20	33	25	66	13	39	19	8	87	30	22	39	21	21	6	32	33	11	26	26	15	19	5	21	18	21	25	24	22	20	1336	13	21	22	40	57	17	14	28	16	28	17	19	18	18	9	24	129	144	10	63	13	22	18	22	11	25	13	19	6	34	22	23	30	45	59	43	51	31	26	46
T[T>C]T	25	48	54	108	59	55	67	30	61	75	49	39	59	56	47	68	35	76	30	60	91	116	27	38	30	40	64	54	30	38	42	50	42	44	40	121	68	34	44	38	25	26	55	87	33	74	40	55	264	35	39	27	31	75	70	42	32	42	15	25	38	89	131	32	49	37	56	42	65	46	25	31	28	77	374	85	46	45	36	48	66	58	42	33	57	46	46	34	23	79	171	44	41	95	53	51	162	55	23	19	23	32	50	35	43	65	40	19	76	39	24	35	60	33	76	21	38	46	39	21	41	30	757	31	31	31	43	60	24	49	21	59	53	81	37	29	42	3775	35	25	46	96	80	30	1	62	40	21	25	74	59	46	65	40	41	81	55	36	40	26	48	42	25	53	51	40	47	25	17	43	17	43	71	50	43	28	51	63	21	44	42	45	48	54	67	34	18	63	31	103	39	41	26	36	22	31	29	38	54	33	20	49	30	35	33	30	32	39	42	35	25	34	36	31	29	35	38	27	35	19	23	20	34	32	42	38	46	24	14	66	38	37	55	28	31	52	8	48	34	35	32	41	34	93	36	45	43	25	131	53	34	52	24	27	24	66	38	31	27	26	37	39	25	39	44	49	49	36	43	58	60	36	44	49	87	96	44	31	48	21	35	26	31	38	37	28	71	346	87	10	184	26	43	45	29	34	45	15	31	19	50	38	43	51	71	128	87	128	54	64	89
A[T>G]A	13	23	20	44	14	33	30	21	15	35	17	9	14	8	18	34	13	20	7	19	39	42	12	6	14	9	19	81	17	26	17	36	20	19	28	47	49	15	12	14	15	24	26	31	9	36	15	29	36	12	6	20	18	26	43	16	12	11	6	16	12	31	56	9	16	18	20	9	26	23	7	20	12	17	19	30	20	17	18	27	18	27	27	16	37	22	30	19	7	20	22	24	15	117	20	26	10	36	13	8	21	14	17	30	10	41	16	7	30	24	9	14	29	17	34	10	27	26	20	11	22	12	44	14	13	14	16	33	15	20	15	30	15	35	11	16	11	140	25	14	14	49	39	18	0	21	13	14	11	48	16	16	15	27	11	38	22	20	26	26	15	25	18	11	22	17	18	15	6	19	12	10	33	16	13	11	14	27	11	16	23	15	28	39	25	25	13	25	20	46	29	10	13	13	11	6	17	21	27	13	12	24	16	32	7	12	15	21	22	10	10	11	10	14	12	11	13	14	26	7	11	13	25	13	21	29	14	6	4	21	12	12	17	10	11	31	11	22	13	14	17	17	16	46	16	24	17	8	22	29	15	32	11	8	12	30	20	10	17	16	9	14	16	9	15	20	28	13	20	26	17	19	37	20	27	22	17	17	20	8	23	10	16	26	25	9	25	123	25	3	109	19	16	17	11	10	21	9	15	4	29	12	17	25	37	37	32	50	21	26	25
A[T>G]C	4	18	12	34	8	20	15	13	12	16	8	10	8	4	16	12	1	21	2	18	18	32	6	10	11	16	6	22	4	17	6	25	8	31	14	14	15	13	11	7	5	14	8	21	6	14	7	23	14	7	11	9	6	19	14	11	9	11	7	10	7	16	32	8	9	8	12	5	14	10	10	9	6	10	10	17	13	7	10	11	21	12	13	5	7	9	15	4	6	20	7	10	9	21	17	8	2	20	10	4	13	6	3	10	10	14	8	4	18	10	8	2	16	6	10	6	14	9	9	8	9	7	22	7	9	9	11	12	10	10	1	14	8	27	7	11	10	174	12	8	8	25	15	13	0	5	12	5	10	16	16	8	10	16	7	14	11	8	13	14	9	10	5	7	7	9	8	7	1	9	8	6	13	5	7	6	11	19	12	13	14	13	10	16	14	4	9	10	13	25	11	16	9	5	7	6	9	7	8	5	4	19	9	16	10	8	7	10	16	5	7	8	7	5	6	8	9	5	8	9	5	14	22	9	7	13	9	5	2	11	10	13	6	9	5	20	2	8	8	10	8	11	4	20	12	14	7	1	14	16	11	10	8	8	5	15	10	5	5	1	11	12	8	10	8	9	10	11	12	21	15	18	10	10	15	4	10	3	12	3	8	10	7	7	10	4	14	51	8	1	18	8	11	6	6	7	16	9	11	3	12	3	7	9	16	18	12	23	15	6	17
A[T>G]G	11	18	13	57	10	15	25	14	6	14	9	16	18	18	11	16	8	18	2	19	24	40	7	8	10	12	25	12	12	17	13	23	6	18	19	44	14	8	13	11	11	13	13	16	12	31	14	12	19	15	11	9	8	19	22	10	12	14	8	11	11	18	36	14	10	9	21	14	17	21	9	17	14	34	12	23	19	14	10	15	12	21	19	14	32	13	29	12	5	20	13	16	11	29	15	14	5	22	15	19	10	10	15	10	16	22	19	15	23	14	10	11	12	11	16	3	17	12	15	6	9	5	24	10	14	13	24	16	16	20	12	17	15	26	10	5	16	156	17	12	20	37	28	9	0	24	9	11	8	24	10	7	15	13	9	18	16	8	12	18	7	19	9	18	9	16	12	12	1	11	5	11	15	9	5	8	12	23	20	10	13	16	25	22	20	13	8	13	21	48	17	9	10	19	10	5	7	6	22	9	7	12	10	9	7	11	9	12	14	7	13	14	11	11	7	6	14	11	8	2	4	12	12	13	12	13	9	5	8	11	6	9	23	13	6	21	7	11	12	14	10	22	9	24	11	12	12	10	16	10	9	15	9	9	13	20	15	11	11	9	9	11	10	9	15	16	24	15	13	11	27	16	22	14	39	19	22	17	7	8	11	15	13	25	18	9	20	66	11	3	38	7	16	13	12	9	12	6	7	4	13	10	13	16	28	56	16	26	6	19	14
A[T>G]T	15	15	17	69	20	22	34	21	16	41	20	14	24	26	27	30	15	37	4	28	58	53	13	12	21	30	26	18	24	23	20	40	23	28	32	57	27	31	23	10	15	18	35	36	20	37	25	29	35	16	17	6	11	34	40	20	23	15	13	17	17	29	51	13	18	15	38	22	29	28	12	8	25	33	28	27	23	19	20	19	24	28	29	19	31	28	28	26	12	29	22	26	20	70	36	17	14	30	12	13	17	17	25	18	14	41	19	5	30	23	16	18	30	18	35	15	21	21	18	16	23	17	63	18	10	18	39	22	26	25	11	33	15	39	21	15	22	370	34	23	23	55	57	15	0	32	12	16	16	30	17	26	13	19	9	32	25	24	27	25	16	23	19	20	23	13	24	19	9	18	18	13	35	16	29	25	22	26	15	26	29	22	32	31	32	9	14	34	17	62	28	24	19	13	12	12	18	35	17	11	15	30	10	26	22	28	23	16	19	18	22	12	9	16	12	19	28	24	26	7	8	22	17	23	31	25	14	11	5	24	20	11	16	17	17	31	10	24	9	17	19	19	14	54	9	26	14	6	16	26	18	27	23	17	15	27	23	15	19	24	15	23	10	25	14	25	29	24	15	25	24	24	34	29	37	49	15	17	26	11	21	11	23	17	28	4	24	414	40	4	62	14	25	19	13	18	22	17	25	5	19	16	29	40	48	60	30	46	13	37	34
C[T>G]A	3	10	8	31	6	11	8	7	15	14	9	10	10	4	12	14	3	17	3	4	18	15	3	4	6	5	14	13	3	15	11	18	13	17	8	31	15	4	7	6	5	5	19	19	9	20	9	17	14	1	4	7	7	14	17	7	10	3	3	5	12	22	26	8	8	5	11	6	11	14	5	9	8	16	10	12	16	16	9	11	15	13	12	5	12	8	10	9	4	11	9	8	5	26	21	9	5	10	6	3	7	13	9	10	8	14	7	3	9	12	7	9	9	6	7	5	15	7	10	1	11	9	22	11	8	5	13	19	5	11	5	4	23	12	10	1	8	109	4	16	11	14	18	8	0	10	10	10	7	15	15	8	6	10	10	12	7	4	15	7	7	15	7	10	11	15	12	6	3	7	3	8	13	9	6	3	6	10	4	8	9	8	9	18	11	13	9	15	15	31	11	4	6	15	5	8	3	10	7	4	5	12	5	13	6	10	6	9	16	8	10	3	9	4	4	4	6	5	11	3	4	9	2	4	10	13	3	5	6	16	7	9	5	8	6	10	3	14	5	9	7	9	8	23	6	12	8	6	11	14	11	20	12	7	3	11	9	7	5	2	8	9	4	7	8	7	9	6	2	10	52	7	13	13	11	10	9	8	13	5	8	8	3	15	6	3	17	59	11	1	50	4	5	7	5	10	12	3	9	1	11	9	9	8	12	33	12	14	8	14	11
C[T>G]C	12	14	8	38	8	11	20	11	13	14	17	10	20	14	12	15	9	20	5	17	21	28	6	9	10	14	10	10	8	10	10	57	8	44	8	24	23	15	13	9	3	10	14	24	9	17	19	14	16	6	10	8	11	20	17	9	15	8	4	10	4	25	33	7	13	10	13	7	17	10	9	14	7	14	18	16	13	12	15	10	23	18	8	6	17	10	19	11	1	23	15	24	11	22	12	4	9	17	5	3	9	9	7	13	5	17	9	3	13	7	6	10	17	9	11	14	12	11	16	3	17	6	49	2	2	5	19	8	8	10	4	11	13	17	11	7	12	454	15	6	10	27	22	7	0	13	8	7	4	24	11	8	7	11	9	14	20	7	19	13	9	13	14	9	14	14	12	10	3	13	5	6	20	9	10	11	7	17	10	5	13	6	14	21	13	8	5	20	7	26	10	8	10	7	10	5	5	12	5	7	6	14	6	15	5	11	8	13	10	13	9	5	6	2	8	4	11	8	14	15	6	17	15	5	10	19	8	4	1	10	6	7	8	8	12	12	4	13	12	6	8	12	7	13	7	12	9	12	19	16	7	14	11	5	4	13	14	5	5	11	6	14	6	13	8	13	13	12	12	33	36	21	6	21	27	7	14	6	19	3	12	5	6	11	10	8	11	131	6	3	37	8	9	10	7	8	14	5	10	6	12	6	6	12	26	48	17	19	14	18	12
C[T>G]G	8	9	10	77	17	16	30	11	20	16	17	11	15	26	14	25	7	18	4	17	29	41	1	9	19	13	18	14	24	16	11	19	9	13	16	42	30	11	16	9	11	13	20	26	16	39	19	26	30	9	14	7	15	25	18	10	11	13	12	5	7	28	64	10	12	7	20	10	28	9	7	10	7	30	19	27	13	14	7	18	24	19	9	10	43	28	22	12	4	22	19	20	8	27	21	13	13	26	9	7	14	12	17	10	15	22	10	5	21	15	8	11	18	7	22	10	18	14	12	13	12	10	64	16	5	12	12	14	20	7	10	24	23	19	21	7	15	541	19	11	24	45	44	9	0	14	13	7	2	24	12	9	9	14	17	22	26	9	17	15	11	7	12	17	13	12	7	9	13	13	5	16	13	8	13	15	13	28	11	12	16	14	14	21	16	5	10	25	17	53	21	14	13	10	8	8	14	10	21	16	8	24	18	10	11	11	6	16	14	14	8	9	12	12	12	9	15	7	15	4	5	7	11	12	17	14	13	4	5	19	5	9	23	12	10	13	9	10	8	6	10	18	8	28	14	14	8	10	47	8	18	18	15	9	7	11	18	10	9	12	5	18	9	13	16	26	11	12	6	20	28	12	19	8	48	19	16	4	13	9	16	13	14	7	20	2	22	108	22	3	30	16	16	13	10	8	16	2	8	7	20	11	8	25	35	69	19	15	5	18	16
C[T>G]T	6	23	24	79	24	16	32	19	31	21	20	21	28	30	18	36	10	39	8	22	47	41	13	18	10	23	23	22	23	19	8	35	17	30	24	63	21	14	16	16	14	19	39	30	13	88	21	33	39	10	25	10	18	32	34	18	14	18	5	13	16	32	118	21	10	17	41	16	28	34	13	18	23	38	20	17	30	21	21	26	33	24	26	29	40	29	62	22	4	34	15	29	29	73	29	20	11	28	17	15	22	21	23	18	9	34	23	7	19	23	17	16	22	10	29	8	26	18	22	9	22	21	102	21	4	21	24	30	24	17	12	27	18	41	22	14	15	780	33	27	29	48	101	16	1	23	15	15	14	32	28	14	21	17	18	38	40	19	23	19	18	20	15	19	22	16	19	21	10	24	17	13	29	16	14	10	11	27	13	22	35	14	34	31	25	11	9	30	23	62	25	20	26	20	5	8	14	25	27	21	11	30	14	35	21	20	18	25	15	12	26	14	11	8	12	9	23	11	11	12	10	19	16	13	24	16	19	10	8	17	9	14	19	13	17	30	12	27	14	16	9	18	10	53	18	25	23	6	43	25	27	35	17	11	10	14	21	10	12	22	9	28	13	21	22	31	26	21	9	18	35	17	25	27	57	20	21	13	22	6	24	15	18	26	32	9	26	2872	54	2	117	13	24	22	7	15	17	20	20	6	22	14	25	28	34	44	33	43	21	31	23
G[T>G]A	1	3	2	28	7	3	13	4	8	12	9	8	11	10	5	11	4	13	2	9	13	21	5	8	7	9	6	15	1	7	5	9	3	6	12	26	15	5	13	6	4	6	11	9	6	13	4	8	16	5	3	5	0	7	12	3	5	6	3	3	5	15	19	3	12	7	10	7	15	11	2	5	14	12	8	10	8	10	9	5	8	6	5	4	11	12	6	4	1	11	8	18	10	18	9	3	2	12	3	2	7	12	8	10	6	18	4	0	11	6	3	8	16	7	6	5	4	11	4	3	7	2	17	8	6	5	8	15	8	10	2	11	8	12	4	7	5	61	4	5	9	14	11	6	0	10	4	9	4	13	9	4	5	6	6	7	7	5	10	4	2	4	3	7	8	10	5	4	2	6	3	5	15	4	9	6	8	8	6	5	9	10	7	10	6	9	3	12	3	23	6	3	7	5	9	6	4	7	5	7	3	8	9	14	8	3	4	4	10	10	9	5	6	4	7	4	8	5	6	3	2	11	7	7	7	6	5	2	2	8	5	5	7	6	5	13	8	9	11	9	4	7	7	17	8	13	10	1	6	8	5	11	5	2	8	6	4	4	3	9	4	9	2	1	5	3	17	4	6	9	6	7	4	7	16	8	7	6	8	1	12	5	9	14	10	6	11	33	8	3	33	9	6	5	8	0	10	0	4	3	9	8	13	12	11	21	9	18	6	6	7
G[T>G]C	6	3	8	19	7	12	9	2	10	14	14	4	4	16	6	12	2	7	6	6	26	8	3	9	10	2	6	10	7	5	4	24	3	22	4	8	16	9	8	5	1	8	4	11	8	18	5	13	9	3	7	5	2	7	4	8	7	8	2	5	4	12	19	8	7	5	10	4	9	4	6	6	5	3	8	11	6	6	5	5	15	5	5	3	10	3	9	4	2	18	9	10	4	13	10	7	4	13	9	2	7	15	6	5	5	10	4	4	12	3	3	8	11	5	10	4	6	6	6	3	3	7	46	9	1	8	1	5	6	8	7	8	6	9	3	3	6	103	17	8	5	12	13	2	0	5	3	6	6	19	6	4	5	3	4	11	7	6	8	8	6	8	5	6	6	8	3	3	2	9	5	4	8	6	5	3	3	4	3	6	7	6	9	9	6	10	4	6	7	25	9	4	6	3	5	10	3	12	6	8	7	7	1	5	3	7	7	10	5	5	9	7	4	5	2	7	5	4	10	3	3	6	5	7	6	4	5	2	1	4	5	5	6	6	1	9	1	7	6	9	3	8	6	15	1	8	9	2	15	5	6	12	2	1	3	6	3	1	6	5	8	2	3	8	6	9	10	4	4	11	6	9	7	5	17	5	12	3	3	2	10	5	4	10	6	3	11	45	7	1	22	7	5	3	8	7	4	3	10	4	8	4	6	12	14	17	8	10	13	5	10
G[T>G]G	4	13	10	59	15	13	15	12	11	12	8	12	10	19	11	22	5	14	4	12	25	38	4	7	8	5	15	12	13	6	16	23	5	9	16	26	14	8	6	10	5	4	9	17	10	26	6	8	18	4	6	8	11	14	7	12	4	12	3	5	6	13	42	10	10	7	15	13	17	11	5	13	7	21	16	18	15	13	9	10	19	9	24	11	17	12	10	7	7	17	15	9	18	22	8	10	6	17	8	4	6	9	11	7	8	26	11	6	19	12	9	15	22	7	19	2	7	16	16	6	13	6	38	13	6	6	14	11	4	9	13	14	134	11	8	6	16	180	16	10	10	18	35	11	3	21	11	12	7	13	13	7	2	7	8	17	11	14	17	6	7	10	11	16	11	31	10	7	5	7	1	6	7	4	5	6	13	13	10	6	7	5	13	17	11	9	3	21	11	49	15	11	8	8	5	18	6	7	12	9	5	14	7	8	4	8	7	7	10	7	10	6	10	6	8	11	7	8	10	4	2	4	12	9	11	6	10	3	3	12	5	7	8	5	6	6	5	9	7	11	14	14	8	26	7	9	4	10	13	13	8	14	3	7	6	8	13	9	4	4	8	12	9	5	7	11	14	11	6	11	48	7	13	9	37	9	9	10	18	3	7	12	2	8	9	6	11	72	16	7	15	3	8	15	9	2	11	5	10	6	13	6	11	12	22	53	19	23	5	10	14
G[T>G]T	9	12	8	44	9	17	19	8	11	21	9	9	24	25	16	25	6	20	8	17	45	41	7	9	10	16	19	20	8	22	15	31	10	13	8	37	20	16	9	14	9	13	17	28	14	37	11	18	25	9	12	9	6	18	17	7	11	16	6	9	6	12	38	14	11	6	13	10	16	17	4	11	7	21	29	25	17	8	14	14	21	14	15	14	23	7	38	11	0	27	17	17	15	31	18	9	10	19	8	2	6	10	17	9	11	21	12	8	22	12	4	14	18	7	22	15	18	9	19	3	8	15	175	16	6	18	13	23	15	13	6	19	10	22	6	5	19	678	22	10	12	28	38	10	1	15	11	6	7	25	9	16	22	11	13	19	21	7	16	11	6	13	7	13	18	16	11	12	5	8	6	11	14	14	6	10	16	16	11	17	17	12	14	25	20	9	4	22	16	37	19	10	17	7	7	6	12	11	14	9	11	15	13	6	5	14	8	10	11	7	7	11	13	13	9	9	12	9	13	5	12	7	14	8	11	14	12	6	2	17	12	10	10	6	8	18	9	15	20	11	7	10	15	31	7	11	4	5	27	16	16	12	10	9	6	14	10	9	9	7	6	11	8	10	7	15	12	10	5	12	17	13	25	15	44	10	6	7	11	5	7	8	14	16	12	9	23	603	18	4	57	9	10	15	14	6	10	6	9	2	17	13	14	15	23	54	19	22	12	18	27
T[T>G]A	14	27	24	58	17	37	20	22	16	30	24	12	23	19	23	38	19	47	3	22	43	44	4	22	23	20	24	36	9	19	24	28	20	25	28	55	46	21	27	15	7	26	30	35	20	32	19	34	27	12	21	12	9	33	37	22	27	16	11	21	22	40	50	7	13	15	34	13	25	26	11	25	20	30	28	45	22	25	13	33	31	35	29	9	43	29	26	13	6	26	17	16	19	94	41	18	18	21	15	6	35	25	20	19	17	44	22	8	24	24	14	24	25	16	34	11	20	25	22	11	22	24	29	27	10	22	25	39	18	28	13	24	16	39	18	22	15	116	23	20	25	43	25	13	0	25	13	14	16	31	19	19	12	23	19	43	25	24	34	22	18	31	18	18	29	19	16	18	15	12	13	17	34	18	23	19	15	38	16	19	36	21	27	32	19	20	6	36	27	60	29	22	13	15	14	8	12	15	28	17	11	29	18	28	20	13	20	21	19	12	15	12	13	17	10	7	19	15	26	11	13	20	15	22	24	26	14	6	5	25	10	12	22	11	9	25	9	16	17	10	10	14	16	52	19	30	17	7	13	27	14	25	21	12	7	26	20	21	17	21	12	12	22	20	27	19	25	31	16	27	21	23	35	18	47	22	15	14	31	5	23	12	16	23	25	10	32	184	28	9	212	14	21	15	12	20	27	13	11	11	27	22	24	36	37	47	32	48	17	18	29
T[T>G]C	11	13	17	39	17	15	19	15	27	16	21	11	15	15	16	14	7	23	3	23	28	40	11	14	11	20	16	19	13	16	12	91	18	79	17	36	20	27	18	13	10	17	24	44	9	18	20	16	32	15	16	8	12	18	20	19	19	9	8	10	15	25	29	6	6	15	19	10	16	32	20	21	17	18	23	33	22	22	20	13	16	14	22	13	31	8	15	18	4	25	12	24	22	47	22	11	6	29	8	8	14	9	16	20	9	32	8	3	13	16	17	8	17	7	29	7	24	14	16	13	14	9	26	17	8	10	18	18	8	22	14	24	21	27	8	14	12	120	19	7	22	19	32	5	0	14	18	11	12	26	14	7	12	13	14	20	14	9	21	12	8	8	16	13	12	10	8	17	7	24	9	5	18	5	10	11	21	29	16	7	20	12	30	20	17	11	8	24	15	28	25	15	12	12	9	13	15	25	14	13	10	15	6	20	11	14	9	11	17	10	7	10	12	10	7	6	13	12	21	27	9	27	38	11	14	38	9	11	7	15	11	6	11	16	6	20	6	17	15	8	12	22	17	37	19	14	13	10	38	29	16	21	13	10	6	16	16	12	9	10	6	12	9	11	13	22	21	11	19	61	17	24	18	27	29	5	9	13	32	5	14	15	8	14	23	8	22	82	16	8	53	21	15	8	7	16	18	8	14	2	17	10	17	19	34	40	16	23	9	10	24
T[T>G]G	7	12	19	60	18	15	28	15	18	16	13	12	22	16	26	27	8	22	10	13	28	68	6	11	14	12	19	16	10	9	14	23	11	19	9	53	23	13	18	16	5	13	25	24	16	25	9	12	38	8	11	8	15	23	16	12	14	15	8	13	15	24	58	19	19	14	14	12	23	11	11	16	12	36	33	26	14	28	11	17	30	27	18	15	36	24	23	16	9	27	32	21	17	41	18	18	18	18	11	11	8	19	25	20	14	22	13	4	26	10	6	6	19	13	22	7	21	14	15	14	20	10	67	21	11	13	17	20	16	25	16	24	21	30	17	12	18	344	23	14	18	42	30	18	0	15	10	10	8	35	24	10	13	14	16	19	22	13	19	20	16	8	10	19	19	10	8	10	6	16	11	11	12	15	14	14	16	28	15	14	7	11	16	32	13	13	10	27	19	49	23	15	11	14	8	8	9	17	18	12	11	16	9	22	12	7	10	14	12	8	10	10	11	11	10	15	13	5	17	5	4	8	5	3	16	14	10	4	5	18	14	7	5	8	17	20	8	13	11	10	11	27	18	21	14	14	15	8	22	13	12	28	14	8	10	16	14	13	10	21	10	11	12	18	15	17	20	11	5	12	24	10	15	17	60	25	13	8	26	11	17	4	9	11	17	11	12	110	20	7	58	12	13	15	10	4	16	8	12	7	20	14	19	24	25	55	25	30	18	21	15
T[T>G]T	19	32	46	122	40	52	58	47	34	57	54	37	47	61	55	59	20	74	12	50	83	118	26	33	31	42	43	53	28	35	49	57	28	49	49	118	75	43	44	36	30	36	64	82	31	85	34	57	169	37	34	25	33	65	81	39	25	54	31	24	39	58	111	41	18	26	58	29	49	58	17	41	30	53	165	67	42	42	48	44	67	49	46	27	62	39	67	26	16	68	85	40	49	207	58	40	77	43	31	15	25	40	51	37	32	75	52	17	57	45	21	41	49	29	68	37	39	39	27	24	39	21	463	33	15	38	59	50	27	33	38	51	48	73	37	31	52	1788	47	29	47	97	95	26	0	41	24	30	20	56	39	38	42	31	36	72	57	34	64	58	28	52	29	39	33	46	31	42	14	52	28	30	58	42	37	22	43	62	32	38	63	25	60	57	48	24	26	54	40	93	46	39	43	33	24	18	15	50	49	26	15	51	23	47	37	34	34	32	41	30	35	39	27	24	18	26	41	31	32	15	20	31	24	25	35	61	40	18	7	44	35	20	33	19	23	47	26	44	40	28	30	30	31	102	34	40	41	17	76	55	44	48	35	36	17	55	39	25	34	36	18	45	35	47	30	47	50	37	35	46	47	34	52	56	67	37	34	26	38	9	42	18	31	45	51	15	44	960	66	7	239	32	38	38	21	24	46	23	28	10	56	38	41	53	76	116	85	95	33	54	75
